Simulator report for lab6
Thu Dec 12 20:17:45 2024
Quartus II 64-Bit Version 13.0.1 Build 232 06/12/2013 Service Pack 1 SJ Web Edition


---------------------
; Table of Contents ;
---------------------
  1. Legal Notice
  2. Simulator Summary
  3. Simulator Settings
  4. Simulation Waveforms
  5. Coverage Summary
  6. Complete 1/0-Value Coverage
  7. Missing 1-Value Coverage
  8. Missing 0-Value Coverage
  9. Simulator INI Usage
 10. Simulator Messages



----------------
; Legal Notice ;
----------------
Copyright (C) 1991-2013 Altera Corporation
Your use of Altera Corporation's design tools, logic functions 
and other software and tools, and its AMPP partner logic 
functions, and any output files from any of the foregoing 
(including device programming or simulation files), and any 
associated documentation or information are expressly subject 
to the terms and conditions of the Altera Program License 
Subscription Agreement, Altera MegaCore Function License 
Agreement, or other applicable license agreement, including, 
without limitation, that your use is for the sole purpose of 
programming logic devices manufactured by Altera and sold by 
Altera or its authorized distributors.  Please refer to the 
applicable agreement for further details.



+--------------------------------------------+
; Simulator Summary                          ;
+-----------------------------+--------------+
; Type                        ; Value        ;
+-----------------------------+--------------+
; Simulation Start Time       ; 0 ps         ;
; Simulation End Time         ; 380.0 ns     ;
; Simulation Netlist Size     ; 4157 nodes   ;
; Simulation Coverage         ;      62.42 % ;
; Total Number of Transitions ; 11185        ;
; Simulation Breakpoints      ; 0            ;
; Family                      ; Cyclone II   ;
+-----------------------------+--------------+


+-----------------------------------------------------------------------------------------------------------------------------------------------------+
; Simulator Settings                                                                                                                                  ;
+--------------------------------------------------------------------------------------------+----------------------------------------+---------------+
; Option                                                                                     ; Setting                                ; Default Value ;
+--------------------------------------------------------------------------------------------+----------------------------------------+---------------+
; Simulation mode                                                                            ; Functional                             ; Timing        ;
; Start time                                                                                 ; 0 ns                                   ; 0 ns          ;
; Simulation results format                                                                  ; VWF                                    ;               ;
; Vector input source                                                                        ; C:/altera/13.0sp1/coe328/lab6/ALU3.vwf ;               ;
; Add pins automatically to simulation output waveforms                                      ; On                                     ; On            ;
; Check outputs                                                                              ; Off                                    ; Off           ;
; Report simulation coverage                                                                 ; On                                     ; On            ;
; Display complete 1/0 value coverage report                                                 ; On                                     ; On            ;
; Display missing 1-value coverage report                                                    ; On                                     ; On            ;
; Display missing 0-value coverage report                                                    ; On                                     ; On            ;
; Detect setup and hold time violations                                                      ; Off                                    ; Off           ;
; Detect glitches                                                                            ; Off                                    ; Off           ;
; Disable timing delays in Timing Simulation                                                 ; Off                                    ; Off           ;
; Generate Signal Activity File                                                              ; Off                                    ; Off           ;
; Generate VCD File for PowerPlay Power Analyzer                                             ; Off                                    ; Off           ;
; Group bus channels in simulation results                                                   ; Off                                    ; Off           ;
; Preserve fewer signal transitions to reduce memory requirements                            ; On                                     ; On            ;
; Trigger vector comparison with the specified mode                                          ; INPUT_EDGE                             ; INPUT_EDGE    ;
; Disable setup and hold time violations detection in input registers of bi-directional pins ; Off                                    ; Off           ;
; Overwrite Waveform Inputs With Simulation Outputs                                          ; Off                                    ;               ;
; Perform Glitch Filtering in Timing Simulation                                              ; Auto                                   ; Auto          ;
+--------------------------------------------------------------------------------------------+----------------------------------------+---------------+


+----------------------+
; Simulation Waveforms ;
+----------------------+
Waveform report data cannot be output to ASCII.
Please use Quartus II 64-Bit to view the waveform report data.


+--------------------------------------------------------------------+
; Coverage Summary                                                   ;
+-----------------------------------------------------+--------------+
; Type                                                ; Value        ;
+-----------------------------------------------------+--------------+
; Total coverage as a percentage                      ;      62.42 % ;
; Total nodes checked                                 ; 4157         ;
; Total output ports checked                          ; 4148         ;
; Total output ports with complete 1/0-value coverage ; 2589         ;
; Total output ports with no 1/0-value coverage       ; 1554         ;
; Total output ports with no 1-value coverage         ; 1555         ;
; Total output ports with no 0-value coverage         ; 1558         ;
+-----------------------------------------------------+--------------+


The following table displays output ports that toggle between 1 and 0 during simulation.
+--------------------------------------------------------------------------------------------------------------------------------------------------------------------+
; Complete 1/0-Value Coverage                                                                                                                                        ;
+------------------------------------------------------------------------+------------------------------------------------------------------------+------------------+
; Node Name                                                              ; Output Port Name                                                       ; Output Port Type ;
+------------------------------------------------------------------------+------------------------------------------------------------------------+------------------+
; |Q|id[3]                                                               ; |Q|id[3]                                                               ; pin_out          ;
; |Q|id[2]                                                               ; |Q|id[2]                                                               ; pin_out          ;
; |Q|id[1]                                                               ; |Q|id[1]                                                               ; pin_out          ;
; |Q|id[0]                                                               ; |Q|id[0]                                                               ; pin_out          ;
; |Q|Clock                                                               ; |Q|Clock                                                               ; out              ;
; |Q|opcode[7]                                                           ; |Q|opcode[7]                                                           ; pin_out          ;
; |Q|opcode[6]                                                           ; |Q|opcode[6]                                                           ; pin_out          ;
; |Q|opcode[5]                                                           ; |Q|opcode[5]                                                           ; pin_out          ;
; |Q|opcode[4]                                                           ; |Q|opcode[4]                                                           ; pin_out          ;
; |Q|opcode[3]                                                           ; |Q|opcode[3]                                                           ; pin_out          ;
; |Q|opcode[2]                                                           ; |Q|opcode[2]                                                           ; pin_out          ;
; |Q|opcode[1]                                                           ; |Q|opcode[1]                                                           ; pin_out          ;
; |Q|opcode[0]                                                           ; |Q|opcode[0]                                                           ; pin_out          ;
; |Q|R_first_four[0]                                                     ; |Q|R_first_four[0]                                                     ; pin_out          ;
; |Q|R_first_four[3]                                                     ; |Q|R_first_four[3]                                                     ; pin_out          ;
; |Q|R_first_four[4]                                                     ; |Q|R_first_four[4]                                                     ; pin_out          ;
; |Q|R_first_four[6]                                                     ; |Q|R_first_four[6]                                                     ; pin_out          ;
; |Q|Clock1                                                              ; |Q|Clock1                                                              ; out              ;
; |Q|result[3]                                                           ; |Q|result[3]                                                           ; pin_out          ;
; |Q|result[2]                                                           ; |Q|result[2]                                                           ; pin_out          ;
; |Q|result[1]                                                           ; |Q|result[1]                                                           ; pin_out          ;
; |Q|result[0]                                                           ; |Q|result[0]                                                           ; pin_out          ;
; |Q|Student_Id[0]                                                       ; |Q|Student_Id[0]                                                       ; pin_out          ;
; |Q|Student_Id[1]                                                       ; |Q|Student_Id[1]                                                       ; pin_out          ;
; |Q|Student_Id[2]                                                       ; |Q|Student_Id[2]                                                       ; pin_out          ;
; |Q|Student_Id[3]                                                       ; |Q|Student_Id[3]                                                       ; pin_out          ;
; |Q|Student_Id[4]                                                       ; |Q|Student_Id[4]                                                       ; pin_out          ;
; |Q|Student_Id[5]                                                       ; |Q|Student_Id[5]                                                       ; pin_out          ;
; |Q|Student_Id[6]                                                       ; |Q|Student_Id[6]                                                       ; pin_out          ;
; |Q|ALU_unit3:inst|result[0]                                            ; |Q|ALU_unit3:inst|result[0]                                            ; regout           ;
; |Q|ALU_unit3:inst|result~0                                             ; |Q|ALU_unit3:inst|result~0                                             ; out              ;
; |Q|ALU_unit3:inst|result[3]                                            ; |Q|ALU_unit3:inst|result[3]                                            ; regout           ;
; |Q|ALU_unit3:inst|result[2]                                            ; |Q|ALU_unit3:inst|result[2]                                            ; regout           ;
; |Q|ALU_unit3:inst|result[1]                                            ; |Q|ALU_unit3:inst|result[1]                                            ; regout           ;
; |Q|machine:inst6|yfsm.s0                                               ; |Q|machine:inst6|yfsm.s0                                               ; regout           ;
; |Q|machine:inst6|yfsm.s1                                               ; |Q|machine:inst6|yfsm.s1                                               ; regout           ;
; |Q|machine:inst6|yfsm.s2                                               ; |Q|machine:inst6|yfsm.s2                                               ; regout           ;
; |Q|machine:inst6|yfsm.s3                                               ; |Q|machine:inst6|yfsm.s3                                               ; regout           ;
; |Q|machine:inst6|yfsm.s4                                               ; |Q|machine:inst6|yfsm.s4                                               ; regout           ;
; |Q|machine:inst6|yfsm.s5                                               ; |Q|machine:inst6|yfsm.s5                                               ; regout           ;
; |Q|machine:inst6|yfsm.s6                                               ; |Q|machine:inst6|yfsm.s6                                               ; regout           ;
; |Q|machine:inst6|WideOr8                                               ; |Q|machine:inst6|WideOr8                                               ; out0             ;
; |Q|machine:inst6|WideOr9                                               ; |Q|machine:inst6|WideOr9                                               ; out0             ;
; |Q|machine:inst6|WideOr10                                              ; |Q|machine:inst6|WideOr10                                              ; out0             ;
; |Q|machine:inst6|student_id[3]                                         ; |Q|machine:inst6|student_id[3]                                         ; out0             ;
; |Q|machine:inst6|yfsm.s7                                               ; |Q|machine:inst6|yfsm.s7                                               ; regout           ;
; |Q|machine:inst6|student_id[2]                                         ; |Q|machine:inst6|student_id[2]                                         ; out0             ;
; |Q|machine:inst6|student_id[0]                                         ; |Q|machine:inst6|student_id[0]                                         ; out0             ;
; |Q|machine:inst6|yfsm~0                                                ; |Q|machine:inst6|yfsm~0                                                ; out0             ;
; |Q|machine:inst6|Selector0~0                                           ; |Q|machine:inst6|Selector0~0                                           ; out0             ;
; |Q|machine:inst6|WideOr0~0                                             ; |Q|machine:inst6|WideOr0~0                                             ; out0             ;
; |Q|machine:inst6|student_id[1]                                         ; |Q|machine:inst6|student_id[1]                                         ; out0             ;
; |Q|machine:inst6|WideOr0~2                                             ; |Q|machine:inst6|WideOr0~2                                             ; out0             ;
; |Q|machine:inst6|WideOr0~3                                             ; |Q|machine:inst6|WideOr0~3                                             ; out0             ;
; |Q|machine:inst6|WideOr0~4                                             ; |Q|machine:inst6|WideOr0~4                                             ; out0             ;
; |Q|machine:inst6|WideOr0~5                                             ; |Q|machine:inst6|WideOr0~5                                             ; out0             ;
; |Q|machine:inst6|Selector0~1                                           ; |Q|machine:inst6|Selector0~1                                           ; out0             ;
; |Q|machine:inst6|yfsm~5                                                ; |Q|machine:inst6|yfsm~5                                                ; out0             ;
; |Q|machine:inst6|Selector0~2                                           ; |Q|machine:inst6|Selector0~2                                           ; out0             ;
; |Q|machine:inst6|Selector0~3                                           ; |Q|machine:inst6|Selector0~3                                           ; out0             ;
; |Q|machine:inst6|Selector1~0                                           ; |Q|machine:inst6|Selector1~0                                           ; out0             ;
; |Q|machine:inst6|Selector1~2                                           ; |Q|machine:inst6|Selector1~2                                           ; out0             ;
; |Q|machine:inst6|Selector2~0                                           ; |Q|machine:inst6|Selector2~0                                           ; out0             ;
; |Q|machine:inst6|Selector2~2                                           ; |Q|machine:inst6|Selector2~2                                           ; out0             ;
; |Q|machine:inst6|Selector3~0                                           ; |Q|machine:inst6|Selector3~0                                           ; out0             ;
; |Q|machine:inst6|Selector3~2                                           ; |Q|machine:inst6|Selector3~2                                           ; out0             ;
; |Q|machine:inst6|Selector4~0                                           ; |Q|machine:inst6|Selector4~0                                           ; out0             ;
; |Q|machine:inst6|Selector4~2                                           ; |Q|machine:inst6|Selector4~2                                           ; out0             ;
; |Q|machine:inst6|Selector5~0                                           ; |Q|machine:inst6|Selector5~0                                           ; out0             ;
; |Q|machine:inst6|Selector5~2                                           ; |Q|machine:inst6|Selector5~2                                           ; out0             ;
; |Q|machine:inst6|Selector6~0                                           ; |Q|machine:inst6|Selector6~0                                           ; out0             ;
; |Q|machine:inst6|Selector6~2                                           ; |Q|machine:inst6|Selector6~2                                           ; out0             ;
; |Q|machine:inst6|Selector7~0                                           ; |Q|machine:inst6|Selector7~0                                           ; out0             ;
; |Q|machine:inst6|Selector7~2                                           ; |Q|machine:inst6|Selector7~2                                           ; out0             ;
; |Q|ALU_unit3:inst|LessThan0~3                                          ; |Q|ALU_unit3:inst|LessThan0~3                                          ; out0             ;
; |Q|ALU_unit3:inst|LessThan0~7                                          ; |Q|ALU_unit3:inst|LessThan0~7                                          ; out0             ;
; |Q|ALU_unit3:inst|LessThan0~9                                          ; |Q|ALU_unit3:inst|LessThan0~9                                          ; out0             ;
; |Q|ALU_unit3:inst|LessThan0~10                                         ; |Q|ALU_unit3:inst|LessThan0~10                                         ; out0             ;
; |Q|ALU_unit3:inst|LessThan0~11                                         ; |Q|ALU_unit3:inst|LessThan0~11                                         ; out0             ;
; |Q|ALU_unit3:inst|LessThan1~0                                          ; |Q|ALU_unit3:inst|LessThan1~0                                          ; out0             ;
; |Q|ALU_unit3:inst|LessThan1~2                                          ; |Q|ALU_unit3:inst|LessThan1~2                                          ; out0             ;
; |Q|ALU_unit3:inst|LessThan1~3                                          ; |Q|ALU_unit3:inst|LessThan1~3                                          ; out0             ;
; |Q|ALU_unit3:inst|LessThan1~4                                          ; |Q|ALU_unit3:inst|LessThan1~4                                          ; out0             ;
; |Q|ALU_unit3:inst|LessThan1~5                                          ; |Q|ALU_unit3:inst|LessThan1~5                                          ; out0             ;
; |Q|ALU_unit3:inst|LessThan1~6                                          ; |Q|ALU_unit3:inst|LessThan1~6                                          ; out0             ;
; |Q|ALU_unit3:inst|LessThan1~7                                          ; |Q|ALU_unit3:inst|LessThan1~7                                          ; out0             ;
; |Q|ALU_unit3:inst|LessThan1~8                                          ; |Q|ALU_unit3:inst|LessThan1~8                                          ; out0             ;
; |Q|ALU_unit3:inst|LessThan1~10                                         ; |Q|ALU_unit3:inst|LessThan1~10                                         ; out0             ;
; |Q|ALU_unit3:inst|LessThan1~11                                         ; |Q|ALU_unit3:inst|LessThan1~11                                         ; out0             ;
; |Q|ALU_unit3:inst|LessThan1~12                                         ; |Q|ALU_unit3:inst|LessThan1~12                                         ; out0             ;
; |Q|dec3to8:inst1|lpm_mux:Mux7|mux_joc:auto_generated|_~1               ; |Q|dec3to8:inst1|lpm_mux:Mux7|mux_joc:auto_generated|_~1               ; out0             ;
; |Q|dec3to8:inst1|lpm_mux:Mux7|mux_joc:auto_generated|_~3               ; |Q|dec3to8:inst1|lpm_mux:Mux7|mux_joc:auto_generated|_~3               ; out0             ;
; |Q|dec3to8:inst1|lpm_mux:Mux7|mux_joc:auto_generated|_~5               ; |Q|dec3to8:inst1|lpm_mux:Mux7|mux_joc:auto_generated|_~5               ; out0             ;
; |Q|dec3to8:inst1|lpm_mux:Mux7|mux_joc:auto_generated|_~6               ; |Q|dec3to8:inst1|lpm_mux:Mux7|mux_joc:auto_generated|_~6               ; out0             ;
; |Q|dec3to8:inst1|lpm_mux:Mux7|mux_joc:auto_generated|_~7               ; |Q|dec3to8:inst1|lpm_mux:Mux7|mux_joc:auto_generated|_~7               ; out0             ;
; |Q|dec3to8:inst1|lpm_mux:Mux7|mux_joc:auto_generated|_~8               ; |Q|dec3to8:inst1|lpm_mux:Mux7|mux_joc:auto_generated|_~8               ; out0             ;
; |Q|dec3to8:inst1|lpm_mux:Mux7|mux_joc:auto_generated|_~10              ; |Q|dec3to8:inst1|lpm_mux:Mux7|mux_joc:auto_generated|_~10              ; out0             ;
; |Q|dec3to8:inst1|lpm_mux:Mux7|mux_joc:auto_generated|_~12              ; |Q|dec3to8:inst1|lpm_mux:Mux7|mux_joc:auto_generated|_~12              ; out0             ;
; |Q|dec3to8:inst1|lpm_mux:Mux7|mux_joc:auto_generated|_~14              ; |Q|dec3to8:inst1|lpm_mux:Mux7|mux_joc:auto_generated|_~14              ; out0             ;
; |Q|dec3to8:inst1|lpm_mux:Mux7|mux_joc:auto_generated|_~15              ; |Q|dec3to8:inst1|lpm_mux:Mux7|mux_joc:auto_generated|_~15              ; out0             ;
; |Q|dec3to8:inst1|lpm_mux:Mux7|mux_joc:auto_generated|_~16              ; |Q|dec3to8:inst1|lpm_mux:Mux7|mux_joc:auto_generated|_~16              ; out0             ;
; |Q|dec3to8:inst1|lpm_mux:Mux7|mux_joc:auto_generated|_~17              ; |Q|dec3to8:inst1|lpm_mux:Mux7|mux_joc:auto_generated|_~17              ; out0             ;
; |Q|dec3to8:inst1|lpm_mux:Mux7|mux_joc:auto_generated|_~18              ; |Q|dec3to8:inst1|lpm_mux:Mux7|mux_joc:auto_generated|_~18              ; out0             ;
; |Q|dec3to8:inst1|lpm_mux:Mux7|mux_joc:auto_generated|_~23              ; |Q|dec3to8:inst1|lpm_mux:Mux7|mux_joc:auto_generated|_~23              ; out0             ;
; |Q|dec3to8:inst1|lpm_mux:Mux7|mux_joc:auto_generated|_~25              ; |Q|dec3to8:inst1|lpm_mux:Mux7|mux_joc:auto_generated|_~25              ; out0             ;
; |Q|dec3to8:inst1|lpm_mux:Mux7|mux_joc:auto_generated|_~27              ; |Q|dec3to8:inst1|lpm_mux:Mux7|mux_joc:auto_generated|_~27              ; out0             ;
; |Q|dec3to8:inst1|lpm_mux:Mux7|mux_joc:auto_generated|_~28              ; |Q|dec3to8:inst1|lpm_mux:Mux7|mux_joc:auto_generated|_~28              ; out0             ;
; |Q|dec3to8:inst1|lpm_mux:Mux7|mux_joc:auto_generated|_~29              ; |Q|dec3to8:inst1|lpm_mux:Mux7|mux_joc:auto_generated|_~29              ; out0             ;
; |Q|dec3to8:inst1|lpm_mux:Mux7|mux_joc:auto_generated|_~30              ; |Q|dec3to8:inst1|lpm_mux:Mux7|mux_joc:auto_generated|_~30              ; out0             ;
; |Q|dec3to8:inst1|lpm_mux:Mux7|mux_joc:auto_generated|_~32              ; |Q|dec3to8:inst1|lpm_mux:Mux7|mux_joc:auto_generated|_~32              ; out0             ;
; |Q|dec3to8:inst1|lpm_mux:Mux7|mux_joc:auto_generated|_~34              ; |Q|dec3to8:inst1|lpm_mux:Mux7|mux_joc:auto_generated|_~34              ; out0             ;
; |Q|dec3to8:inst1|lpm_mux:Mux7|mux_joc:auto_generated|_~36              ; |Q|dec3to8:inst1|lpm_mux:Mux7|mux_joc:auto_generated|_~36              ; out0             ;
; |Q|dec3to8:inst1|lpm_mux:Mux7|mux_joc:auto_generated|_~37              ; |Q|dec3to8:inst1|lpm_mux:Mux7|mux_joc:auto_generated|_~37              ; out0             ;
; |Q|dec3to8:inst1|lpm_mux:Mux7|mux_joc:auto_generated|_~38              ; |Q|dec3to8:inst1|lpm_mux:Mux7|mux_joc:auto_generated|_~38              ; out0             ;
; |Q|dec3to8:inst1|lpm_mux:Mux7|mux_joc:auto_generated|_~39              ; |Q|dec3to8:inst1|lpm_mux:Mux7|mux_joc:auto_generated|_~39              ; out0             ;
; |Q|dec3to8:inst1|lpm_mux:Mux7|mux_joc:auto_generated|_~40              ; |Q|dec3to8:inst1|lpm_mux:Mux7|mux_joc:auto_generated|_~40              ; out0             ;
; |Q|dec3to8:inst1|lpm_mux:Mux7|mux_joc:auto_generated|_~45              ; |Q|dec3to8:inst1|lpm_mux:Mux7|mux_joc:auto_generated|_~45              ; out0             ;
; |Q|dec3to8:inst1|lpm_mux:Mux7|mux_joc:auto_generated|_~48              ; |Q|dec3to8:inst1|lpm_mux:Mux7|mux_joc:auto_generated|_~48              ; out0             ;
; |Q|dec3to8:inst1|lpm_mux:Mux7|mux_joc:auto_generated|_~49              ; |Q|dec3to8:inst1|lpm_mux:Mux7|mux_joc:auto_generated|_~49              ; out0             ;
; |Q|dec3to8:inst1|lpm_mux:Mux7|mux_joc:auto_generated|_~50              ; |Q|dec3to8:inst1|lpm_mux:Mux7|mux_joc:auto_generated|_~50              ; out0             ;
; |Q|dec3to8:inst1|lpm_mux:Mux7|mux_joc:auto_generated|_~51              ; |Q|dec3to8:inst1|lpm_mux:Mux7|mux_joc:auto_generated|_~51              ; out0             ;
; |Q|dec3to8:inst1|lpm_mux:Mux7|mux_joc:auto_generated|_~52              ; |Q|dec3to8:inst1|lpm_mux:Mux7|mux_joc:auto_generated|_~52              ; out0             ;
; |Q|dec3to8:inst1|lpm_mux:Mux7|mux_joc:auto_generated|_~53              ; |Q|dec3to8:inst1|lpm_mux:Mux7|mux_joc:auto_generated|_~53              ; out0             ;
; |Q|dec3to8:inst1|lpm_mux:Mux7|mux_joc:auto_generated|_~54              ; |Q|dec3to8:inst1|lpm_mux:Mux7|mux_joc:auto_generated|_~54              ; out0             ;
; |Q|dec3to8:inst1|lpm_mux:Mux7|mux_joc:auto_generated|_~55              ; |Q|dec3to8:inst1|lpm_mux:Mux7|mux_joc:auto_generated|_~55              ; out0             ;
; |Q|dec3to8:inst1|lpm_mux:Mux7|mux_joc:auto_generated|_~57              ; |Q|dec3to8:inst1|lpm_mux:Mux7|mux_joc:auto_generated|_~57              ; out0             ;
; |Q|dec3to8:inst1|lpm_mux:Mux7|mux_joc:auto_generated|_~58              ; |Q|dec3to8:inst1|lpm_mux:Mux7|mux_joc:auto_generated|_~58              ; out0             ;
; |Q|dec3to8:inst1|lpm_mux:Mux7|mux_joc:auto_generated|_~59              ; |Q|dec3to8:inst1|lpm_mux:Mux7|mux_joc:auto_generated|_~59              ; out0             ;
; |Q|dec3to8:inst1|lpm_mux:Mux7|mux_joc:auto_generated|_~60              ; |Q|dec3to8:inst1|lpm_mux:Mux7|mux_joc:auto_generated|_~60              ; out0             ;
; |Q|dec3to8:inst1|lpm_mux:Mux7|mux_joc:auto_generated|_~61              ; |Q|dec3to8:inst1|lpm_mux:Mux7|mux_joc:auto_generated|_~61              ; out0             ;
; |Q|dec3to8:inst1|lpm_mux:Mux7|mux_joc:auto_generated|_~62              ; |Q|dec3to8:inst1|lpm_mux:Mux7|mux_joc:auto_generated|_~62              ; out0             ;
; |Q|dec3to8:inst1|lpm_mux:Mux7|mux_joc:auto_generated|_~63              ; |Q|dec3to8:inst1|lpm_mux:Mux7|mux_joc:auto_generated|_~63              ; out0             ;
; |Q|dec3to8:inst1|lpm_mux:Mux7|mux_joc:auto_generated|_~64              ; |Q|dec3to8:inst1|lpm_mux:Mux7|mux_joc:auto_generated|_~64              ; out0             ;
; |Q|dec3to8:inst1|lpm_mux:Mux7|mux_joc:auto_generated|_~65              ; |Q|dec3to8:inst1|lpm_mux:Mux7|mux_joc:auto_generated|_~65              ; out0             ;
; |Q|dec3to8:inst1|lpm_mux:Mux7|mux_joc:auto_generated|_~66              ; |Q|dec3to8:inst1|lpm_mux:Mux7|mux_joc:auto_generated|_~66              ; out0             ;
; |Q|dec3to8:inst1|lpm_mux:Mux7|mux_joc:auto_generated|_~67              ; |Q|dec3to8:inst1|lpm_mux:Mux7|mux_joc:auto_generated|_~67              ; out0             ;
; |Q|dec3to8:inst1|lpm_mux:Mux7|mux_joc:auto_generated|_~68              ; |Q|dec3to8:inst1|lpm_mux:Mux7|mux_joc:auto_generated|_~68              ; out0             ;
; |Q|dec3to8:inst1|lpm_mux:Mux7|mux_joc:auto_generated|_~69              ; |Q|dec3to8:inst1|lpm_mux:Mux7|mux_joc:auto_generated|_~69              ; out0             ;
; |Q|dec3to8:inst1|lpm_mux:Mux7|mux_joc:auto_generated|_~70              ; |Q|dec3to8:inst1|lpm_mux:Mux7|mux_joc:auto_generated|_~70              ; out0             ;
; |Q|dec3to8:inst1|lpm_mux:Mux7|mux_joc:auto_generated|_~71              ; |Q|dec3to8:inst1|lpm_mux:Mux7|mux_joc:auto_generated|_~71              ; out0             ;
; |Q|dec3to8:inst1|lpm_mux:Mux7|mux_joc:auto_generated|_~73              ; |Q|dec3to8:inst1|lpm_mux:Mux7|mux_joc:auto_generated|_~73              ; out0             ;
; |Q|dec3to8:inst1|lpm_mux:Mux7|mux_joc:auto_generated|_~75              ; |Q|dec3to8:inst1|lpm_mux:Mux7|mux_joc:auto_generated|_~75              ; out0             ;
; |Q|dec3to8:inst1|lpm_mux:Mux7|mux_joc:auto_generated|_~77              ; |Q|dec3to8:inst1|lpm_mux:Mux7|mux_joc:auto_generated|_~77              ; out0             ;
; |Q|dec3to8:inst1|lpm_mux:Mux7|mux_joc:auto_generated|_~78              ; |Q|dec3to8:inst1|lpm_mux:Mux7|mux_joc:auto_generated|_~78              ; out0             ;
; |Q|dec3to8:inst1|lpm_mux:Mux7|mux_joc:auto_generated|_~79              ; |Q|dec3to8:inst1|lpm_mux:Mux7|mux_joc:auto_generated|_~79              ; out0             ;
; |Q|dec3to8:inst1|lpm_mux:Mux7|mux_joc:auto_generated|_~80              ; |Q|dec3to8:inst1|lpm_mux:Mux7|mux_joc:auto_generated|_~80              ; out0             ;
; |Q|dec3to8:inst1|lpm_mux:Mux7|mux_joc:auto_generated|_~82              ; |Q|dec3to8:inst1|lpm_mux:Mux7|mux_joc:auto_generated|_~82              ; out0             ;
; |Q|dec3to8:inst1|lpm_mux:Mux7|mux_joc:auto_generated|_~84              ; |Q|dec3to8:inst1|lpm_mux:Mux7|mux_joc:auto_generated|_~84              ; out0             ;
; |Q|dec3to8:inst1|lpm_mux:Mux7|mux_joc:auto_generated|_~86              ; |Q|dec3to8:inst1|lpm_mux:Mux7|mux_joc:auto_generated|_~86              ; out0             ;
; |Q|dec3to8:inst1|lpm_mux:Mux7|mux_joc:auto_generated|_~87              ; |Q|dec3to8:inst1|lpm_mux:Mux7|mux_joc:auto_generated|_~87              ; out0             ;
; |Q|dec3to8:inst1|lpm_mux:Mux7|mux_joc:auto_generated|_~88              ; |Q|dec3to8:inst1|lpm_mux:Mux7|mux_joc:auto_generated|_~88              ; out0             ;
; |Q|dec3to8:inst1|lpm_mux:Mux7|mux_joc:auto_generated|_~89              ; |Q|dec3to8:inst1|lpm_mux:Mux7|mux_joc:auto_generated|_~89              ; out0             ;
; |Q|dec3to8:inst1|lpm_mux:Mux7|mux_joc:auto_generated|_~90              ; |Q|dec3to8:inst1|lpm_mux:Mux7|mux_joc:auto_generated|_~90              ; out0             ;
; |Q|dec3to8:inst1|lpm_mux:Mux7|mux_joc:auto_generated|_~95              ; |Q|dec3to8:inst1|lpm_mux:Mux7|mux_joc:auto_generated|_~95              ; out0             ;
; |Q|dec3to8:inst1|lpm_mux:Mux7|mux_joc:auto_generated|_~98              ; |Q|dec3to8:inst1|lpm_mux:Mux7|mux_joc:auto_generated|_~98              ; out0             ;
; |Q|dec3to8:inst1|lpm_mux:Mux7|mux_joc:auto_generated|_~99              ; |Q|dec3to8:inst1|lpm_mux:Mux7|mux_joc:auto_generated|_~99              ; out0             ;
; |Q|dec3to8:inst1|lpm_mux:Mux7|mux_joc:auto_generated|_~100             ; |Q|dec3to8:inst1|lpm_mux:Mux7|mux_joc:auto_generated|_~100             ; out0             ;
; |Q|dec3to8:inst1|lpm_mux:Mux7|mux_joc:auto_generated|_~101             ; |Q|dec3to8:inst1|lpm_mux:Mux7|mux_joc:auto_generated|_~101             ; out0             ;
; |Q|dec3to8:inst1|lpm_mux:Mux7|mux_joc:auto_generated|_~102             ; |Q|dec3to8:inst1|lpm_mux:Mux7|mux_joc:auto_generated|_~102             ; out0             ;
; |Q|dec3to8:inst1|lpm_mux:Mux7|mux_joc:auto_generated|_~103             ; |Q|dec3to8:inst1|lpm_mux:Mux7|mux_joc:auto_generated|_~103             ; out0             ;
; |Q|dec3to8:inst1|lpm_mux:Mux7|mux_joc:auto_generated|_~104             ; |Q|dec3to8:inst1|lpm_mux:Mux7|mux_joc:auto_generated|_~104             ; out0             ;
; |Q|dec3to8:inst1|lpm_mux:Mux7|mux_joc:auto_generated|_~105             ; |Q|dec3to8:inst1|lpm_mux:Mux7|mux_joc:auto_generated|_~105             ; out0             ;
; |Q|dec3to8:inst1|lpm_mux:Mux7|mux_joc:auto_generated|_~107             ; |Q|dec3to8:inst1|lpm_mux:Mux7|mux_joc:auto_generated|_~107             ; out0             ;
; |Q|dec3to8:inst1|lpm_mux:Mux7|mux_joc:auto_generated|_~108             ; |Q|dec3to8:inst1|lpm_mux:Mux7|mux_joc:auto_generated|_~108             ; out0             ;
; |Q|dec3to8:inst1|lpm_mux:Mux7|mux_joc:auto_generated|_~109             ; |Q|dec3to8:inst1|lpm_mux:Mux7|mux_joc:auto_generated|_~109             ; out0             ;
; |Q|dec3to8:inst1|lpm_mux:Mux7|mux_joc:auto_generated|_~110             ; |Q|dec3to8:inst1|lpm_mux:Mux7|mux_joc:auto_generated|_~110             ; out0             ;
; |Q|dec3to8:inst1|lpm_mux:Mux7|mux_joc:auto_generated|_~111             ; |Q|dec3to8:inst1|lpm_mux:Mux7|mux_joc:auto_generated|_~111             ; out0             ;
; |Q|dec3to8:inst1|lpm_mux:Mux7|mux_joc:auto_generated|_~112             ; |Q|dec3to8:inst1|lpm_mux:Mux7|mux_joc:auto_generated|_~112             ; out0             ;
; |Q|dec3to8:inst1|lpm_mux:Mux7|mux_joc:auto_generated|_~113             ; |Q|dec3to8:inst1|lpm_mux:Mux7|mux_joc:auto_generated|_~113             ; out0             ;
; |Q|dec3to8:inst1|lpm_mux:Mux7|mux_joc:auto_generated|_~114             ; |Q|dec3to8:inst1|lpm_mux:Mux7|mux_joc:auto_generated|_~114             ; out0             ;
; |Q|dec3to8:inst1|lpm_mux:Mux7|mux_joc:auto_generated|_~115             ; |Q|dec3to8:inst1|lpm_mux:Mux7|mux_joc:auto_generated|_~115             ; out0             ;
; |Q|dec3to8:inst1|lpm_mux:Mux7|mux_joc:auto_generated|_~116             ; |Q|dec3to8:inst1|lpm_mux:Mux7|mux_joc:auto_generated|_~116             ; out0             ;
; |Q|dec3to8:inst1|lpm_mux:Mux7|mux_joc:auto_generated|_~117             ; |Q|dec3to8:inst1|lpm_mux:Mux7|mux_joc:auto_generated|_~117             ; out0             ;
; |Q|dec3to8:inst1|lpm_mux:Mux7|mux_joc:auto_generated|_~118             ; |Q|dec3to8:inst1|lpm_mux:Mux7|mux_joc:auto_generated|_~118             ; out0             ;
; |Q|dec3to8:inst1|lpm_mux:Mux7|mux_joc:auto_generated|_~119             ; |Q|dec3to8:inst1|lpm_mux:Mux7|mux_joc:auto_generated|_~119             ; out0             ;
; |Q|dec3to8:inst1|lpm_mux:Mux7|mux_joc:auto_generated|_~120             ; |Q|dec3to8:inst1|lpm_mux:Mux7|mux_joc:auto_generated|_~120             ; out0             ;
; |Q|dec3to8:inst1|lpm_mux:Mux7|mux_joc:auto_generated|_~122             ; |Q|dec3to8:inst1|lpm_mux:Mux7|mux_joc:auto_generated|_~122             ; out0             ;
; |Q|dec3to8:inst1|lpm_mux:Mux7|mux_joc:auto_generated|_~124             ; |Q|dec3to8:inst1|lpm_mux:Mux7|mux_joc:auto_generated|_~124             ; out0             ;
; |Q|dec3to8:inst1|lpm_mux:Mux7|mux_joc:auto_generated|_~126             ; |Q|dec3to8:inst1|lpm_mux:Mux7|mux_joc:auto_generated|_~126             ; out0             ;
; |Q|dec3to8:inst1|lpm_mux:Mux7|mux_joc:auto_generated|_~127             ; |Q|dec3to8:inst1|lpm_mux:Mux7|mux_joc:auto_generated|_~127             ; out0             ;
; |Q|dec3to8:inst1|lpm_mux:Mux7|mux_joc:auto_generated|_~128             ; |Q|dec3to8:inst1|lpm_mux:Mux7|mux_joc:auto_generated|_~128             ; out0             ;
; |Q|dec3to8:inst1|lpm_mux:Mux7|mux_joc:auto_generated|_~129             ; |Q|dec3to8:inst1|lpm_mux:Mux7|mux_joc:auto_generated|_~129             ; out0             ;
; |Q|dec3to8:inst1|lpm_mux:Mux7|mux_joc:auto_generated|_~131             ; |Q|dec3to8:inst1|lpm_mux:Mux7|mux_joc:auto_generated|_~131             ; out0             ;
; |Q|dec3to8:inst1|lpm_mux:Mux7|mux_joc:auto_generated|_~133             ; |Q|dec3to8:inst1|lpm_mux:Mux7|mux_joc:auto_generated|_~133             ; out0             ;
; |Q|dec3to8:inst1|lpm_mux:Mux7|mux_joc:auto_generated|_~135             ; |Q|dec3to8:inst1|lpm_mux:Mux7|mux_joc:auto_generated|_~135             ; out0             ;
; |Q|dec3to8:inst1|lpm_mux:Mux7|mux_joc:auto_generated|_~136             ; |Q|dec3to8:inst1|lpm_mux:Mux7|mux_joc:auto_generated|_~136             ; out0             ;
; |Q|dec3to8:inst1|lpm_mux:Mux7|mux_joc:auto_generated|_~137             ; |Q|dec3to8:inst1|lpm_mux:Mux7|mux_joc:auto_generated|_~137             ; out0             ;
; |Q|dec3to8:inst1|lpm_mux:Mux7|mux_joc:auto_generated|_~138             ; |Q|dec3to8:inst1|lpm_mux:Mux7|mux_joc:auto_generated|_~138             ; out0             ;
; |Q|dec3to8:inst1|lpm_mux:Mux7|mux_joc:auto_generated|_~139             ; |Q|dec3to8:inst1|lpm_mux:Mux7|mux_joc:auto_generated|_~139             ; out0             ;
; |Q|dec3to8:inst1|lpm_mux:Mux7|mux_joc:auto_generated|_~142             ; |Q|dec3to8:inst1|lpm_mux:Mux7|mux_joc:auto_generated|_~142             ; out0             ;
; |Q|dec3to8:inst1|lpm_mux:Mux7|mux_joc:auto_generated|_~143             ; |Q|dec3to8:inst1|lpm_mux:Mux7|mux_joc:auto_generated|_~143             ; out0             ;
; |Q|dec3to8:inst1|lpm_mux:Mux7|mux_joc:auto_generated|result_node[0]~1  ; |Q|dec3to8:inst1|lpm_mux:Mux7|mux_joc:auto_generated|result_node[0]~1  ; out0             ;
; |Q|dec3to8:inst1|lpm_mux:Mux7|mux_joc:auto_generated|result_node[0]    ; |Q|dec3to8:inst1|lpm_mux:Mux7|mux_joc:auto_generated|result_node[0]    ; out0             ;
; |Q|dec3to8:inst1|lpm_mux:Mux6|mux_joc:auto_generated|_~1               ; |Q|dec3to8:inst1|lpm_mux:Mux6|mux_joc:auto_generated|_~1               ; out0             ;
; |Q|dec3to8:inst1|lpm_mux:Mux6|mux_joc:auto_generated|_~3               ; |Q|dec3to8:inst1|lpm_mux:Mux6|mux_joc:auto_generated|_~3               ; out0             ;
; |Q|dec3to8:inst1|lpm_mux:Mux6|mux_joc:auto_generated|_~5               ; |Q|dec3to8:inst1|lpm_mux:Mux6|mux_joc:auto_generated|_~5               ; out0             ;
; |Q|dec3to8:inst1|lpm_mux:Mux6|mux_joc:auto_generated|_~6               ; |Q|dec3to8:inst1|lpm_mux:Mux6|mux_joc:auto_generated|_~6               ; out0             ;
; |Q|dec3to8:inst1|lpm_mux:Mux6|mux_joc:auto_generated|_~7               ; |Q|dec3to8:inst1|lpm_mux:Mux6|mux_joc:auto_generated|_~7               ; out0             ;
; |Q|dec3to8:inst1|lpm_mux:Mux6|mux_joc:auto_generated|_~8               ; |Q|dec3to8:inst1|lpm_mux:Mux6|mux_joc:auto_generated|_~8               ; out0             ;
; |Q|dec3to8:inst1|lpm_mux:Mux6|mux_joc:auto_generated|_~10              ; |Q|dec3to8:inst1|lpm_mux:Mux6|mux_joc:auto_generated|_~10              ; out0             ;
; |Q|dec3to8:inst1|lpm_mux:Mux6|mux_joc:auto_generated|_~12              ; |Q|dec3to8:inst1|lpm_mux:Mux6|mux_joc:auto_generated|_~12              ; out0             ;
; |Q|dec3to8:inst1|lpm_mux:Mux6|mux_joc:auto_generated|_~14              ; |Q|dec3to8:inst1|lpm_mux:Mux6|mux_joc:auto_generated|_~14              ; out0             ;
; |Q|dec3to8:inst1|lpm_mux:Mux6|mux_joc:auto_generated|_~15              ; |Q|dec3to8:inst1|lpm_mux:Mux6|mux_joc:auto_generated|_~15              ; out0             ;
; |Q|dec3to8:inst1|lpm_mux:Mux6|mux_joc:auto_generated|_~16              ; |Q|dec3to8:inst1|lpm_mux:Mux6|mux_joc:auto_generated|_~16              ; out0             ;
; |Q|dec3to8:inst1|lpm_mux:Mux6|mux_joc:auto_generated|_~17              ; |Q|dec3to8:inst1|lpm_mux:Mux6|mux_joc:auto_generated|_~17              ; out0             ;
; |Q|dec3to8:inst1|lpm_mux:Mux6|mux_joc:auto_generated|_~18              ; |Q|dec3to8:inst1|lpm_mux:Mux6|mux_joc:auto_generated|_~18              ; out0             ;
; |Q|dec3to8:inst1|lpm_mux:Mux6|mux_joc:auto_generated|_~23              ; |Q|dec3to8:inst1|lpm_mux:Mux6|mux_joc:auto_generated|_~23              ; out0             ;
; |Q|dec3to8:inst1|lpm_mux:Mux6|mux_joc:auto_generated|_~25              ; |Q|dec3to8:inst1|lpm_mux:Mux6|mux_joc:auto_generated|_~25              ; out0             ;
; |Q|dec3to8:inst1|lpm_mux:Mux6|mux_joc:auto_generated|_~27              ; |Q|dec3to8:inst1|lpm_mux:Mux6|mux_joc:auto_generated|_~27              ; out0             ;
; |Q|dec3to8:inst1|lpm_mux:Mux6|mux_joc:auto_generated|_~28              ; |Q|dec3to8:inst1|lpm_mux:Mux6|mux_joc:auto_generated|_~28              ; out0             ;
; |Q|dec3to8:inst1|lpm_mux:Mux6|mux_joc:auto_generated|_~29              ; |Q|dec3to8:inst1|lpm_mux:Mux6|mux_joc:auto_generated|_~29              ; out0             ;
; |Q|dec3to8:inst1|lpm_mux:Mux6|mux_joc:auto_generated|_~30              ; |Q|dec3to8:inst1|lpm_mux:Mux6|mux_joc:auto_generated|_~30              ; out0             ;
; |Q|dec3to8:inst1|lpm_mux:Mux6|mux_joc:auto_generated|_~32              ; |Q|dec3to8:inst1|lpm_mux:Mux6|mux_joc:auto_generated|_~32              ; out0             ;
; |Q|dec3to8:inst1|lpm_mux:Mux6|mux_joc:auto_generated|_~34              ; |Q|dec3to8:inst1|lpm_mux:Mux6|mux_joc:auto_generated|_~34              ; out0             ;
; |Q|dec3to8:inst1|lpm_mux:Mux6|mux_joc:auto_generated|_~36              ; |Q|dec3to8:inst1|lpm_mux:Mux6|mux_joc:auto_generated|_~36              ; out0             ;
; |Q|dec3to8:inst1|lpm_mux:Mux6|mux_joc:auto_generated|_~37              ; |Q|dec3to8:inst1|lpm_mux:Mux6|mux_joc:auto_generated|_~37              ; out0             ;
; |Q|dec3to8:inst1|lpm_mux:Mux6|mux_joc:auto_generated|_~38              ; |Q|dec3to8:inst1|lpm_mux:Mux6|mux_joc:auto_generated|_~38              ; out0             ;
; |Q|dec3to8:inst1|lpm_mux:Mux6|mux_joc:auto_generated|_~39              ; |Q|dec3to8:inst1|lpm_mux:Mux6|mux_joc:auto_generated|_~39              ; out0             ;
; |Q|dec3to8:inst1|lpm_mux:Mux6|mux_joc:auto_generated|_~40              ; |Q|dec3to8:inst1|lpm_mux:Mux6|mux_joc:auto_generated|_~40              ; out0             ;
; |Q|dec3to8:inst1|lpm_mux:Mux6|mux_joc:auto_generated|_~45              ; |Q|dec3to8:inst1|lpm_mux:Mux6|mux_joc:auto_generated|_~45              ; out0             ;
; |Q|dec3to8:inst1|lpm_mux:Mux6|mux_joc:auto_generated|_~47              ; |Q|dec3to8:inst1|lpm_mux:Mux6|mux_joc:auto_generated|_~47              ; out0             ;
; |Q|dec3to8:inst1|lpm_mux:Mux6|mux_joc:auto_generated|_~48              ; |Q|dec3to8:inst1|lpm_mux:Mux6|mux_joc:auto_generated|_~48              ; out0             ;
; |Q|dec3to8:inst1|lpm_mux:Mux6|mux_joc:auto_generated|_~50              ; |Q|dec3to8:inst1|lpm_mux:Mux6|mux_joc:auto_generated|_~50              ; out0             ;
; |Q|dec3to8:inst1|lpm_mux:Mux6|mux_joc:auto_generated|_~52              ; |Q|dec3to8:inst1|lpm_mux:Mux6|mux_joc:auto_generated|_~52              ; out0             ;
; |Q|dec3to8:inst1|lpm_mux:Mux6|mux_joc:auto_generated|_~53              ; |Q|dec3to8:inst1|lpm_mux:Mux6|mux_joc:auto_generated|_~53              ; out0             ;
; |Q|dec3to8:inst1|lpm_mux:Mux6|mux_joc:auto_generated|_~54              ; |Q|dec3to8:inst1|lpm_mux:Mux6|mux_joc:auto_generated|_~54              ; out0             ;
; |Q|dec3to8:inst1|lpm_mux:Mux6|mux_joc:auto_generated|_~55              ; |Q|dec3to8:inst1|lpm_mux:Mux6|mux_joc:auto_generated|_~55              ; out0             ;
; |Q|dec3to8:inst1|lpm_mux:Mux6|mux_joc:auto_generated|_~56              ; |Q|dec3to8:inst1|lpm_mux:Mux6|mux_joc:auto_generated|_~56              ; out0             ;
; |Q|dec3to8:inst1|lpm_mux:Mux6|mux_joc:auto_generated|_~57              ; |Q|dec3to8:inst1|lpm_mux:Mux6|mux_joc:auto_generated|_~57              ; out0             ;
; |Q|dec3to8:inst1|lpm_mux:Mux6|mux_joc:auto_generated|_~59              ; |Q|dec3to8:inst1|lpm_mux:Mux6|mux_joc:auto_generated|_~59              ; out0             ;
; |Q|dec3to8:inst1|lpm_mux:Mux6|mux_joc:auto_generated|_~61              ; |Q|dec3to8:inst1|lpm_mux:Mux6|mux_joc:auto_generated|_~61              ; out0             ;
; |Q|dec3to8:inst1|lpm_mux:Mux6|mux_joc:auto_generated|_~62              ; |Q|dec3to8:inst1|lpm_mux:Mux6|mux_joc:auto_generated|_~62              ; out0             ;
; |Q|dec3to8:inst1|lpm_mux:Mux6|mux_joc:auto_generated|_~63              ; |Q|dec3to8:inst1|lpm_mux:Mux6|mux_joc:auto_generated|_~63              ; out0             ;
; |Q|dec3to8:inst1|lpm_mux:Mux6|mux_joc:auto_generated|_~64              ; |Q|dec3to8:inst1|lpm_mux:Mux6|mux_joc:auto_generated|_~64              ; out0             ;
; |Q|dec3to8:inst1|lpm_mux:Mux6|mux_joc:auto_generated|_~65              ; |Q|dec3to8:inst1|lpm_mux:Mux6|mux_joc:auto_generated|_~65              ; out0             ;
; |Q|dec3to8:inst1|lpm_mux:Mux6|mux_joc:auto_generated|_~67              ; |Q|dec3to8:inst1|lpm_mux:Mux6|mux_joc:auto_generated|_~67              ; out0             ;
; |Q|dec3to8:inst1|lpm_mux:Mux6|mux_joc:auto_generated|_~68              ; |Q|dec3to8:inst1|lpm_mux:Mux6|mux_joc:auto_generated|_~68              ; out0             ;
; |Q|dec3to8:inst1|lpm_mux:Mux6|mux_joc:auto_generated|_~69              ; |Q|dec3to8:inst1|lpm_mux:Mux6|mux_joc:auto_generated|_~69              ; out0             ;
; |Q|dec3to8:inst1|lpm_mux:Mux6|mux_joc:auto_generated|_~70              ; |Q|dec3to8:inst1|lpm_mux:Mux6|mux_joc:auto_generated|_~70              ; out0             ;
; |Q|dec3to8:inst1|lpm_mux:Mux6|mux_joc:auto_generated|_~71              ; |Q|dec3to8:inst1|lpm_mux:Mux6|mux_joc:auto_generated|_~71              ; out0             ;
; |Q|dec3to8:inst1|lpm_mux:Mux6|mux_joc:auto_generated|_~73              ; |Q|dec3to8:inst1|lpm_mux:Mux6|mux_joc:auto_generated|_~73              ; out0             ;
; |Q|dec3to8:inst1|lpm_mux:Mux6|mux_joc:auto_generated|_~75              ; |Q|dec3to8:inst1|lpm_mux:Mux6|mux_joc:auto_generated|_~75              ; out0             ;
; |Q|dec3to8:inst1|lpm_mux:Mux6|mux_joc:auto_generated|_~77              ; |Q|dec3to8:inst1|lpm_mux:Mux6|mux_joc:auto_generated|_~77              ; out0             ;
; |Q|dec3to8:inst1|lpm_mux:Mux6|mux_joc:auto_generated|_~78              ; |Q|dec3to8:inst1|lpm_mux:Mux6|mux_joc:auto_generated|_~78              ; out0             ;
; |Q|dec3to8:inst1|lpm_mux:Mux6|mux_joc:auto_generated|_~79              ; |Q|dec3to8:inst1|lpm_mux:Mux6|mux_joc:auto_generated|_~79              ; out0             ;
; |Q|dec3to8:inst1|lpm_mux:Mux6|mux_joc:auto_generated|_~80              ; |Q|dec3to8:inst1|lpm_mux:Mux6|mux_joc:auto_generated|_~80              ; out0             ;
; |Q|dec3to8:inst1|lpm_mux:Mux6|mux_joc:auto_generated|_~82              ; |Q|dec3to8:inst1|lpm_mux:Mux6|mux_joc:auto_generated|_~82              ; out0             ;
; |Q|dec3to8:inst1|lpm_mux:Mux6|mux_joc:auto_generated|_~84              ; |Q|dec3to8:inst1|lpm_mux:Mux6|mux_joc:auto_generated|_~84              ; out0             ;
; |Q|dec3to8:inst1|lpm_mux:Mux6|mux_joc:auto_generated|_~86              ; |Q|dec3to8:inst1|lpm_mux:Mux6|mux_joc:auto_generated|_~86              ; out0             ;
; |Q|dec3to8:inst1|lpm_mux:Mux6|mux_joc:auto_generated|_~87              ; |Q|dec3to8:inst1|lpm_mux:Mux6|mux_joc:auto_generated|_~87              ; out0             ;
; |Q|dec3to8:inst1|lpm_mux:Mux6|mux_joc:auto_generated|_~88              ; |Q|dec3to8:inst1|lpm_mux:Mux6|mux_joc:auto_generated|_~88              ; out0             ;
; |Q|dec3to8:inst1|lpm_mux:Mux6|mux_joc:auto_generated|_~89              ; |Q|dec3to8:inst1|lpm_mux:Mux6|mux_joc:auto_generated|_~89              ; out0             ;
; |Q|dec3to8:inst1|lpm_mux:Mux6|mux_joc:auto_generated|_~90              ; |Q|dec3to8:inst1|lpm_mux:Mux6|mux_joc:auto_generated|_~90              ; out0             ;
; |Q|dec3to8:inst1|lpm_mux:Mux6|mux_joc:auto_generated|_~95              ; |Q|dec3to8:inst1|lpm_mux:Mux6|mux_joc:auto_generated|_~95              ; out0             ;
; |Q|dec3to8:inst1|lpm_mux:Mux6|mux_joc:auto_generated|_~97              ; |Q|dec3to8:inst1|lpm_mux:Mux6|mux_joc:auto_generated|_~97              ; out0             ;
; |Q|dec3to8:inst1|lpm_mux:Mux6|mux_joc:auto_generated|_~98              ; |Q|dec3to8:inst1|lpm_mux:Mux6|mux_joc:auto_generated|_~98              ; out0             ;
; |Q|dec3to8:inst1|lpm_mux:Mux6|mux_joc:auto_generated|_~100             ; |Q|dec3to8:inst1|lpm_mux:Mux6|mux_joc:auto_generated|_~100             ; out0             ;
; |Q|dec3to8:inst1|lpm_mux:Mux6|mux_joc:auto_generated|_~102             ; |Q|dec3to8:inst1|lpm_mux:Mux6|mux_joc:auto_generated|_~102             ; out0             ;
; |Q|dec3to8:inst1|lpm_mux:Mux6|mux_joc:auto_generated|_~103             ; |Q|dec3to8:inst1|lpm_mux:Mux6|mux_joc:auto_generated|_~103             ; out0             ;
; |Q|dec3to8:inst1|lpm_mux:Mux6|mux_joc:auto_generated|_~104             ; |Q|dec3to8:inst1|lpm_mux:Mux6|mux_joc:auto_generated|_~104             ; out0             ;
; |Q|dec3to8:inst1|lpm_mux:Mux6|mux_joc:auto_generated|_~105             ; |Q|dec3to8:inst1|lpm_mux:Mux6|mux_joc:auto_generated|_~105             ; out0             ;
; |Q|dec3to8:inst1|lpm_mux:Mux6|mux_joc:auto_generated|_~106             ; |Q|dec3to8:inst1|lpm_mux:Mux6|mux_joc:auto_generated|_~106             ; out0             ;
; |Q|dec3to8:inst1|lpm_mux:Mux6|mux_joc:auto_generated|_~107             ; |Q|dec3to8:inst1|lpm_mux:Mux6|mux_joc:auto_generated|_~107             ; out0             ;
; |Q|dec3to8:inst1|lpm_mux:Mux6|mux_joc:auto_generated|_~109             ; |Q|dec3to8:inst1|lpm_mux:Mux6|mux_joc:auto_generated|_~109             ; out0             ;
; |Q|dec3to8:inst1|lpm_mux:Mux6|mux_joc:auto_generated|_~111             ; |Q|dec3to8:inst1|lpm_mux:Mux6|mux_joc:auto_generated|_~111             ; out0             ;
; |Q|dec3to8:inst1|lpm_mux:Mux6|mux_joc:auto_generated|_~112             ; |Q|dec3to8:inst1|lpm_mux:Mux6|mux_joc:auto_generated|_~112             ; out0             ;
; |Q|dec3to8:inst1|lpm_mux:Mux6|mux_joc:auto_generated|_~113             ; |Q|dec3to8:inst1|lpm_mux:Mux6|mux_joc:auto_generated|_~113             ; out0             ;
; |Q|dec3to8:inst1|lpm_mux:Mux6|mux_joc:auto_generated|_~114             ; |Q|dec3to8:inst1|lpm_mux:Mux6|mux_joc:auto_generated|_~114             ; out0             ;
; |Q|dec3to8:inst1|lpm_mux:Mux6|mux_joc:auto_generated|_~115             ; |Q|dec3to8:inst1|lpm_mux:Mux6|mux_joc:auto_generated|_~115             ; out0             ;
; |Q|dec3to8:inst1|lpm_mux:Mux6|mux_joc:auto_generated|_~117             ; |Q|dec3to8:inst1|lpm_mux:Mux6|mux_joc:auto_generated|_~117             ; out0             ;
; |Q|dec3to8:inst1|lpm_mux:Mux6|mux_joc:auto_generated|_~118             ; |Q|dec3to8:inst1|lpm_mux:Mux6|mux_joc:auto_generated|_~118             ; out0             ;
; |Q|dec3to8:inst1|lpm_mux:Mux6|mux_joc:auto_generated|_~119             ; |Q|dec3to8:inst1|lpm_mux:Mux6|mux_joc:auto_generated|_~119             ; out0             ;
; |Q|dec3to8:inst1|lpm_mux:Mux6|mux_joc:auto_generated|_~120             ; |Q|dec3to8:inst1|lpm_mux:Mux6|mux_joc:auto_generated|_~120             ; out0             ;
; |Q|dec3to8:inst1|lpm_mux:Mux6|mux_joc:auto_generated|_~122             ; |Q|dec3to8:inst1|lpm_mux:Mux6|mux_joc:auto_generated|_~122             ; out0             ;
; |Q|dec3to8:inst1|lpm_mux:Mux6|mux_joc:auto_generated|_~124             ; |Q|dec3to8:inst1|lpm_mux:Mux6|mux_joc:auto_generated|_~124             ; out0             ;
; |Q|dec3to8:inst1|lpm_mux:Mux6|mux_joc:auto_generated|_~126             ; |Q|dec3to8:inst1|lpm_mux:Mux6|mux_joc:auto_generated|_~126             ; out0             ;
; |Q|dec3to8:inst1|lpm_mux:Mux6|mux_joc:auto_generated|_~127             ; |Q|dec3to8:inst1|lpm_mux:Mux6|mux_joc:auto_generated|_~127             ; out0             ;
; |Q|dec3to8:inst1|lpm_mux:Mux6|mux_joc:auto_generated|_~128             ; |Q|dec3to8:inst1|lpm_mux:Mux6|mux_joc:auto_generated|_~128             ; out0             ;
; |Q|dec3to8:inst1|lpm_mux:Mux6|mux_joc:auto_generated|_~129             ; |Q|dec3to8:inst1|lpm_mux:Mux6|mux_joc:auto_generated|_~129             ; out0             ;
; |Q|dec3to8:inst1|lpm_mux:Mux6|mux_joc:auto_generated|_~131             ; |Q|dec3to8:inst1|lpm_mux:Mux6|mux_joc:auto_generated|_~131             ; out0             ;
; |Q|dec3to8:inst1|lpm_mux:Mux6|mux_joc:auto_generated|_~133             ; |Q|dec3to8:inst1|lpm_mux:Mux6|mux_joc:auto_generated|_~133             ; out0             ;
; |Q|dec3to8:inst1|lpm_mux:Mux6|mux_joc:auto_generated|_~135             ; |Q|dec3to8:inst1|lpm_mux:Mux6|mux_joc:auto_generated|_~135             ; out0             ;
; |Q|dec3to8:inst1|lpm_mux:Mux6|mux_joc:auto_generated|_~136             ; |Q|dec3to8:inst1|lpm_mux:Mux6|mux_joc:auto_generated|_~136             ; out0             ;
; |Q|dec3to8:inst1|lpm_mux:Mux6|mux_joc:auto_generated|_~137             ; |Q|dec3to8:inst1|lpm_mux:Mux6|mux_joc:auto_generated|_~137             ; out0             ;
; |Q|dec3to8:inst1|lpm_mux:Mux6|mux_joc:auto_generated|_~138             ; |Q|dec3to8:inst1|lpm_mux:Mux6|mux_joc:auto_generated|_~138             ; out0             ;
; |Q|dec3to8:inst1|lpm_mux:Mux6|mux_joc:auto_generated|_~139             ; |Q|dec3to8:inst1|lpm_mux:Mux6|mux_joc:auto_generated|_~139             ; out0             ;
; |Q|dec3to8:inst1|lpm_mux:Mux6|mux_joc:auto_generated|_~142             ; |Q|dec3to8:inst1|lpm_mux:Mux6|mux_joc:auto_generated|_~142             ; out0             ;
; |Q|dec3to8:inst1|lpm_mux:Mux6|mux_joc:auto_generated|_~143             ; |Q|dec3to8:inst1|lpm_mux:Mux6|mux_joc:auto_generated|_~143             ; out0             ;
; |Q|dec3to8:inst1|lpm_mux:Mux6|mux_joc:auto_generated|result_node[0]~1  ; |Q|dec3to8:inst1|lpm_mux:Mux6|mux_joc:auto_generated|result_node[0]~1  ; out0             ;
; |Q|dec3to8:inst1|lpm_mux:Mux6|mux_joc:auto_generated|result_node[0]    ; |Q|dec3to8:inst1|lpm_mux:Mux6|mux_joc:auto_generated|result_node[0]    ; out0             ;
; |Q|dec3to8:inst1|lpm_mux:Mux5|mux_joc:auto_generated|_~1               ; |Q|dec3to8:inst1|lpm_mux:Mux5|mux_joc:auto_generated|_~1               ; out0             ;
; |Q|dec3to8:inst1|lpm_mux:Mux5|mux_joc:auto_generated|_~3               ; |Q|dec3to8:inst1|lpm_mux:Mux5|mux_joc:auto_generated|_~3               ; out0             ;
; |Q|dec3to8:inst1|lpm_mux:Mux5|mux_joc:auto_generated|_~5               ; |Q|dec3to8:inst1|lpm_mux:Mux5|mux_joc:auto_generated|_~5               ; out0             ;
; |Q|dec3to8:inst1|lpm_mux:Mux5|mux_joc:auto_generated|_~6               ; |Q|dec3to8:inst1|lpm_mux:Mux5|mux_joc:auto_generated|_~6               ; out0             ;
; |Q|dec3to8:inst1|lpm_mux:Mux5|mux_joc:auto_generated|_~7               ; |Q|dec3to8:inst1|lpm_mux:Mux5|mux_joc:auto_generated|_~7               ; out0             ;
; |Q|dec3to8:inst1|lpm_mux:Mux5|mux_joc:auto_generated|_~8               ; |Q|dec3to8:inst1|lpm_mux:Mux5|mux_joc:auto_generated|_~8               ; out0             ;
; |Q|dec3to8:inst1|lpm_mux:Mux5|mux_joc:auto_generated|_~10              ; |Q|dec3to8:inst1|lpm_mux:Mux5|mux_joc:auto_generated|_~10              ; out0             ;
; |Q|dec3to8:inst1|lpm_mux:Mux5|mux_joc:auto_generated|_~12              ; |Q|dec3to8:inst1|lpm_mux:Mux5|mux_joc:auto_generated|_~12              ; out0             ;
; |Q|dec3to8:inst1|lpm_mux:Mux5|mux_joc:auto_generated|_~14              ; |Q|dec3to8:inst1|lpm_mux:Mux5|mux_joc:auto_generated|_~14              ; out0             ;
; |Q|dec3to8:inst1|lpm_mux:Mux5|mux_joc:auto_generated|_~15              ; |Q|dec3to8:inst1|lpm_mux:Mux5|mux_joc:auto_generated|_~15              ; out0             ;
; |Q|dec3to8:inst1|lpm_mux:Mux5|mux_joc:auto_generated|_~16              ; |Q|dec3to8:inst1|lpm_mux:Mux5|mux_joc:auto_generated|_~16              ; out0             ;
; |Q|dec3to8:inst1|lpm_mux:Mux5|mux_joc:auto_generated|_~17              ; |Q|dec3to8:inst1|lpm_mux:Mux5|mux_joc:auto_generated|_~17              ; out0             ;
; |Q|dec3to8:inst1|lpm_mux:Mux5|mux_joc:auto_generated|_~18              ; |Q|dec3to8:inst1|lpm_mux:Mux5|mux_joc:auto_generated|_~18              ; out0             ;
; |Q|dec3to8:inst1|lpm_mux:Mux5|mux_joc:auto_generated|_~23              ; |Q|dec3to8:inst1|lpm_mux:Mux5|mux_joc:auto_generated|_~23              ; out0             ;
; |Q|dec3to8:inst1|lpm_mux:Mux5|mux_joc:auto_generated|_~25              ; |Q|dec3to8:inst1|lpm_mux:Mux5|mux_joc:auto_generated|_~25              ; out0             ;
; |Q|dec3to8:inst1|lpm_mux:Mux5|mux_joc:auto_generated|_~27              ; |Q|dec3to8:inst1|lpm_mux:Mux5|mux_joc:auto_generated|_~27              ; out0             ;
; |Q|dec3to8:inst1|lpm_mux:Mux5|mux_joc:auto_generated|_~28              ; |Q|dec3to8:inst1|lpm_mux:Mux5|mux_joc:auto_generated|_~28              ; out0             ;
; |Q|dec3to8:inst1|lpm_mux:Mux5|mux_joc:auto_generated|_~29              ; |Q|dec3to8:inst1|lpm_mux:Mux5|mux_joc:auto_generated|_~29              ; out0             ;
; |Q|dec3to8:inst1|lpm_mux:Mux5|mux_joc:auto_generated|_~30              ; |Q|dec3to8:inst1|lpm_mux:Mux5|mux_joc:auto_generated|_~30              ; out0             ;
; |Q|dec3to8:inst1|lpm_mux:Mux5|mux_joc:auto_generated|_~32              ; |Q|dec3to8:inst1|lpm_mux:Mux5|mux_joc:auto_generated|_~32              ; out0             ;
; |Q|dec3to8:inst1|lpm_mux:Mux5|mux_joc:auto_generated|_~34              ; |Q|dec3to8:inst1|lpm_mux:Mux5|mux_joc:auto_generated|_~34              ; out0             ;
; |Q|dec3to8:inst1|lpm_mux:Mux5|mux_joc:auto_generated|_~36              ; |Q|dec3to8:inst1|lpm_mux:Mux5|mux_joc:auto_generated|_~36              ; out0             ;
; |Q|dec3to8:inst1|lpm_mux:Mux5|mux_joc:auto_generated|_~37              ; |Q|dec3to8:inst1|lpm_mux:Mux5|mux_joc:auto_generated|_~37              ; out0             ;
; |Q|dec3to8:inst1|lpm_mux:Mux5|mux_joc:auto_generated|_~38              ; |Q|dec3to8:inst1|lpm_mux:Mux5|mux_joc:auto_generated|_~38              ; out0             ;
; |Q|dec3to8:inst1|lpm_mux:Mux5|mux_joc:auto_generated|_~39              ; |Q|dec3to8:inst1|lpm_mux:Mux5|mux_joc:auto_generated|_~39              ; out0             ;
; |Q|dec3to8:inst1|lpm_mux:Mux5|mux_joc:auto_generated|_~40              ; |Q|dec3to8:inst1|lpm_mux:Mux5|mux_joc:auto_generated|_~40              ; out0             ;
; |Q|dec3to8:inst1|lpm_mux:Mux5|mux_joc:auto_generated|_~45              ; |Q|dec3to8:inst1|lpm_mux:Mux5|mux_joc:auto_generated|_~45              ; out0             ;
; |Q|dec3to8:inst1|lpm_mux:Mux5|mux_joc:auto_generated|_~48              ; |Q|dec3to8:inst1|lpm_mux:Mux5|mux_joc:auto_generated|_~48              ; out0             ;
; |Q|dec3to8:inst1|lpm_mux:Mux5|mux_joc:auto_generated|_~50              ; |Q|dec3to8:inst1|lpm_mux:Mux5|mux_joc:auto_generated|_~50              ; out0             ;
; |Q|dec3to8:inst1|lpm_mux:Mux5|mux_joc:auto_generated|_~53              ; |Q|dec3to8:inst1|lpm_mux:Mux5|mux_joc:auto_generated|_~53              ; out0             ;
; |Q|dec3to8:inst1|lpm_mux:Mux5|mux_joc:auto_generated|_~54              ; |Q|dec3to8:inst1|lpm_mux:Mux5|mux_joc:auto_generated|_~54              ; out0             ;
; |Q|dec3to8:inst1|lpm_mux:Mux5|mux_joc:auto_generated|_~55              ; |Q|dec3to8:inst1|lpm_mux:Mux5|mux_joc:auto_generated|_~55              ; out0             ;
; |Q|dec3to8:inst1|lpm_mux:Mux5|mux_joc:auto_generated|_~57              ; |Q|dec3to8:inst1|lpm_mux:Mux5|mux_joc:auto_generated|_~57              ; out0             ;
; |Q|dec3to8:inst1|lpm_mux:Mux5|mux_joc:auto_generated|_~59              ; |Q|dec3to8:inst1|lpm_mux:Mux5|mux_joc:auto_generated|_~59              ; out0             ;
; |Q|dec3to8:inst1|lpm_mux:Mux5|mux_joc:auto_generated|_~62              ; |Q|dec3to8:inst1|lpm_mux:Mux5|mux_joc:auto_generated|_~62              ; out0             ;
; |Q|dec3to8:inst1|lpm_mux:Mux5|mux_joc:auto_generated|_~63              ; |Q|dec3to8:inst1|lpm_mux:Mux5|mux_joc:auto_generated|_~63              ; out0             ;
; |Q|dec3to8:inst1|lpm_mux:Mux5|mux_joc:auto_generated|_~64              ; |Q|dec3to8:inst1|lpm_mux:Mux5|mux_joc:auto_generated|_~64              ; out0             ;
; |Q|dec3to8:inst1|lpm_mux:Mux5|mux_joc:auto_generated|_~65              ; |Q|dec3to8:inst1|lpm_mux:Mux5|mux_joc:auto_generated|_~65              ; out0             ;
; |Q|dec3to8:inst1|lpm_mux:Mux5|mux_joc:auto_generated|_~66              ; |Q|dec3to8:inst1|lpm_mux:Mux5|mux_joc:auto_generated|_~66              ; out0             ;
; |Q|dec3to8:inst1|lpm_mux:Mux5|mux_joc:auto_generated|_~67              ; |Q|dec3to8:inst1|lpm_mux:Mux5|mux_joc:auto_generated|_~67              ; out0             ;
; |Q|dec3to8:inst1|lpm_mux:Mux5|mux_joc:auto_generated|_~68              ; |Q|dec3to8:inst1|lpm_mux:Mux5|mux_joc:auto_generated|_~68              ; out0             ;
; |Q|dec3to8:inst1|lpm_mux:Mux5|mux_joc:auto_generated|_~69              ; |Q|dec3to8:inst1|lpm_mux:Mux5|mux_joc:auto_generated|_~69              ; out0             ;
; |Q|dec3to8:inst1|lpm_mux:Mux5|mux_joc:auto_generated|_~70              ; |Q|dec3to8:inst1|lpm_mux:Mux5|mux_joc:auto_generated|_~70              ; out0             ;
; |Q|dec3to8:inst1|lpm_mux:Mux5|mux_joc:auto_generated|_~71              ; |Q|dec3to8:inst1|lpm_mux:Mux5|mux_joc:auto_generated|_~71              ; out0             ;
; |Q|dec3to8:inst1|lpm_mux:Mux5|mux_joc:auto_generated|_~73              ; |Q|dec3to8:inst1|lpm_mux:Mux5|mux_joc:auto_generated|_~73              ; out0             ;
; |Q|dec3to8:inst1|lpm_mux:Mux5|mux_joc:auto_generated|_~75              ; |Q|dec3to8:inst1|lpm_mux:Mux5|mux_joc:auto_generated|_~75              ; out0             ;
; |Q|dec3to8:inst1|lpm_mux:Mux5|mux_joc:auto_generated|_~77              ; |Q|dec3to8:inst1|lpm_mux:Mux5|mux_joc:auto_generated|_~77              ; out0             ;
; |Q|dec3to8:inst1|lpm_mux:Mux5|mux_joc:auto_generated|_~78              ; |Q|dec3to8:inst1|lpm_mux:Mux5|mux_joc:auto_generated|_~78              ; out0             ;
; |Q|dec3to8:inst1|lpm_mux:Mux5|mux_joc:auto_generated|_~79              ; |Q|dec3to8:inst1|lpm_mux:Mux5|mux_joc:auto_generated|_~79              ; out0             ;
; |Q|dec3to8:inst1|lpm_mux:Mux5|mux_joc:auto_generated|_~80              ; |Q|dec3to8:inst1|lpm_mux:Mux5|mux_joc:auto_generated|_~80              ; out0             ;
; |Q|dec3to8:inst1|lpm_mux:Mux5|mux_joc:auto_generated|_~82              ; |Q|dec3to8:inst1|lpm_mux:Mux5|mux_joc:auto_generated|_~82              ; out0             ;
; |Q|dec3to8:inst1|lpm_mux:Mux5|mux_joc:auto_generated|_~84              ; |Q|dec3to8:inst1|lpm_mux:Mux5|mux_joc:auto_generated|_~84              ; out0             ;
; |Q|dec3to8:inst1|lpm_mux:Mux5|mux_joc:auto_generated|_~86              ; |Q|dec3to8:inst1|lpm_mux:Mux5|mux_joc:auto_generated|_~86              ; out0             ;
; |Q|dec3to8:inst1|lpm_mux:Mux5|mux_joc:auto_generated|_~87              ; |Q|dec3to8:inst1|lpm_mux:Mux5|mux_joc:auto_generated|_~87              ; out0             ;
; |Q|dec3to8:inst1|lpm_mux:Mux5|mux_joc:auto_generated|_~88              ; |Q|dec3to8:inst1|lpm_mux:Mux5|mux_joc:auto_generated|_~88              ; out0             ;
; |Q|dec3to8:inst1|lpm_mux:Mux5|mux_joc:auto_generated|_~89              ; |Q|dec3to8:inst1|lpm_mux:Mux5|mux_joc:auto_generated|_~89              ; out0             ;
; |Q|dec3to8:inst1|lpm_mux:Mux5|mux_joc:auto_generated|_~90              ; |Q|dec3to8:inst1|lpm_mux:Mux5|mux_joc:auto_generated|_~90              ; out0             ;
; |Q|dec3to8:inst1|lpm_mux:Mux5|mux_joc:auto_generated|_~95              ; |Q|dec3to8:inst1|lpm_mux:Mux5|mux_joc:auto_generated|_~95              ; out0             ;
; |Q|dec3to8:inst1|lpm_mux:Mux5|mux_joc:auto_generated|_~98              ; |Q|dec3to8:inst1|lpm_mux:Mux5|mux_joc:auto_generated|_~98              ; out0             ;
; |Q|dec3to8:inst1|lpm_mux:Mux5|mux_joc:auto_generated|_~100             ; |Q|dec3to8:inst1|lpm_mux:Mux5|mux_joc:auto_generated|_~100             ; out0             ;
; |Q|dec3to8:inst1|lpm_mux:Mux5|mux_joc:auto_generated|_~103             ; |Q|dec3to8:inst1|lpm_mux:Mux5|mux_joc:auto_generated|_~103             ; out0             ;
; |Q|dec3to8:inst1|lpm_mux:Mux5|mux_joc:auto_generated|_~104             ; |Q|dec3to8:inst1|lpm_mux:Mux5|mux_joc:auto_generated|_~104             ; out0             ;
; |Q|dec3to8:inst1|lpm_mux:Mux5|mux_joc:auto_generated|_~105             ; |Q|dec3to8:inst1|lpm_mux:Mux5|mux_joc:auto_generated|_~105             ; out0             ;
; |Q|dec3to8:inst1|lpm_mux:Mux5|mux_joc:auto_generated|_~107             ; |Q|dec3to8:inst1|lpm_mux:Mux5|mux_joc:auto_generated|_~107             ; out0             ;
; |Q|dec3to8:inst1|lpm_mux:Mux5|mux_joc:auto_generated|_~109             ; |Q|dec3to8:inst1|lpm_mux:Mux5|mux_joc:auto_generated|_~109             ; out0             ;
; |Q|dec3to8:inst1|lpm_mux:Mux5|mux_joc:auto_generated|_~112             ; |Q|dec3to8:inst1|lpm_mux:Mux5|mux_joc:auto_generated|_~112             ; out0             ;
; |Q|dec3to8:inst1|lpm_mux:Mux5|mux_joc:auto_generated|_~113             ; |Q|dec3to8:inst1|lpm_mux:Mux5|mux_joc:auto_generated|_~113             ; out0             ;
; |Q|dec3to8:inst1|lpm_mux:Mux5|mux_joc:auto_generated|_~114             ; |Q|dec3to8:inst1|lpm_mux:Mux5|mux_joc:auto_generated|_~114             ; out0             ;
; |Q|dec3to8:inst1|lpm_mux:Mux5|mux_joc:auto_generated|_~115             ; |Q|dec3to8:inst1|lpm_mux:Mux5|mux_joc:auto_generated|_~115             ; out0             ;
; |Q|dec3to8:inst1|lpm_mux:Mux5|mux_joc:auto_generated|_~116             ; |Q|dec3to8:inst1|lpm_mux:Mux5|mux_joc:auto_generated|_~116             ; out0             ;
; |Q|dec3to8:inst1|lpm_mux:Mux5|mux_joc:auto_generated|_~117             ; |Q|dec3to8:inst1|lpm_mux:Mux5|mux_joc:auto_generated|_~117             ; out0             ;
; |Q|dec3to8:inst1|lpm_mux:Mux5|mux_joc:auto_generated|_~118             ; |Q|dec3to8:inst1|lpm_mux:Mux5|mux_joc:auto_generated|_~118             ; out0             ;
; |Q|dec3to8:inst1|lpm_mux:Mux5|mux_joc:auto_generated|_~119             ; |Q|dec3to8:inst1|lpm_mux:Mux5|mux_joc:auto_generated|_~119             ; out0             ;
; |Q|dec3to8:inst1|lpm_mux:Mux5|mux_joc:auto_generated|_~120             ; |Q|dec3to8:inst1|lpm_mux:Mux5|mux_joc:auto_generated|_~120             ; out0             ;
; |Q|dec3to8:inst1|lpm_mux:Mux5|mux_joc:auto_generated|_~122             ; |Q|dec3to8:inst1|lpm_mux:Mux5|mux_joc:auto_generated|_~122             ; out0             ;
; |Q|dec3to8:inst1|lpm_mux:Mux5|mux_joc:auto_generated|_~124             ; |Q|dec3to8:inst1|lpm_mux:Mux5|mux_joc:auto_generated|_~124             ; out0             ;
; |Q|dec3to8:inst1|lpm_mux:Mux5|mux_joc:auto_generated|_~126             ; |Q|dec3to8:inst1|lpm_mux:Mux5|mux_joc:auto_generated|_~126             ; out0             ;
; |Q|dec3to8:inst1|lpm_mux:Mux5|mux_joc:auto_generated|_~127             ; |Q|dec3to8:inst1|lpm_mux:Mux5|mux_joc:auto_generated|_~127             ; out0             ;
; |Q|dec3to8:inst1|lpm_mux:Mux5|mux_joc:auto_generated|_~128             ; |Q|dec3to8:inst1|lpm_mux:Mux5|mux_joc:auto_generated|_~128             ; out0             ;
; |Q|dec3to8:inst1|lpm_mux:Mux5|mux_joc:auto_generated|_~129             ; |Q|dec3to8:inst1|lpm_mux:Mux5|mux_joc:auto_generated|_~129             ; out0             ;
; |Q|dec3to8:inst1|lpm_mux:Mux5|mux_joc:auto_generated|_~131             ; |Q|dec3to8:inst1|lpm_mux:Mux5|mux_joc:auto_generated|_~131             ; out0             ;
; |Q|dec3to8:inst1|lpm_mux:Mux5|mux_joc:auto_generated|_~133             ; |Q|dec3to8:inst1|lpm_mux:Mux5|mux_joc:auto_generated|_~133             ; out0             ;
; |Q|dec3to8:inst1|lpm_mux:Mux5|mux_joc:auto_generated|_~135             ; |Q|dec3to8:inst1|lpm_mux:Mux5|mux_joc:auto_generated|_~135             ; out0             ;
; |Q|dec3to8:inst1|lpm_mux:Mux5|mux_joc:auto_generated|_~136             ; |Q|dec3to8:inst1|lpm_mux:Mux5|mux_joc:auto_generated|_~136             ; out0             ;
; |Q|dec3to8:inst1|lpm_mux:Mux5|mux_joc:auto_generated|_~137             ; |Q|dec3to8:inst1|lpm_mux:Mux5|mux_joc:auto_generated|_~137             ; out0             ;
; |Q|dec3to8:inst1|lpm_mux:Mux5|mux_joc:auto_generated|_~138             ; |Q|dec3to8:inst1|lpm_mux:Mux5|mux_joc:auto_generated|_~138             ; out0             ;
; |Q|dec3to8:inst1|lpm_mux:Mux5|mux_joc:auto_generated|_~139             ; |Q|dec3to8:inst1|lpm_mux:Mux5|mux_joc:auto_generated|_~139             ; out0             ;
; |Q|dec3to8:inst1|lpm_mux:Mux5|mux_joc:auto_generated|_~142             ; |Q|dec3to8:inst1|lpm_mux:Mux5|mux_joc:auto_generated|_~142             ; out0             ;
; |Q|dec3to8:inst1|lpm_mux:Mux5|mux_joc:auto_generated|_~143             ; |Q|dec3to8:inst1|lpm_mux:Mux5|mux_joc:auto_generated|_~143             ; out0             ;
; |Q|dec3to8:inst1|lpm_mux:Mux5|mux_joc:auto_generated|result_node[0]~1  ; |Q|dec3to8:inst1|lpm_mux:Mux5|mux_joc:auto_generated|result_node[0]~1  ; out0             ;
; |Q|dec3to8:inst1|lpm_mux:Mux5|mux_joc:auto_generated|result_node[0]    ; |Q|dec3to8:inst1|lpm_mux:Mux5|mux_joc:auto_generated|result_node[0]    ; out0             ;
; |Q|dec3to8:inst1|lpm_mux:Mux4|mux_joc:auto_generated|_~1               ; |Q|dec3to8:inst1|lpm_mux:Mux4|mux_joc:auto_generated|_~1               ; out0             ;
; |Q|dec3to8:inst1|lpm_mux:Mux4|mux_joc:auto_generated|_~3               ; |Q|dec3to8:inst1|lpm_mux:Mux4|mux_joc:auto_generated|_~3               ; out0             ;
; |Q|dec3to8:inst1|lpm_mux:Mux4|mux_joc:auto_generated|_~5               ; |Q|dec3to8:inst1|lpm_mux:Mux4|mux_joc:auto_generated|_~5               ; out0             ;
; |Q|dec3to8:inst1|lpm_mux:Mux4|mux_joc:auto_generated|_~6               ; |Q|dec3to8:inst1|lpm_mux:Mux4|mux_joc:auto_generated|_~6               ; out0             ;
; |Q|dec3to8:inst1|lpm_mux:Mux4|mux_joc:auto_generated|_~7               ; |Q|dec3to8:inst1|lpm_mux:Mux4|mux_joc:auto_generated|_~7               ; out0             ;
; |Q|dec3to8:inst1|lpm_mux:Mux4|mux_joc:auto_generated|_~8               ; |Q|dec3to8:inst1|lpm_mux:Mux4|mux_joc:auto_generated|_~8               ; out0             ;
; |Q|dec3to8:inst1|lpm_mux:Mux4|mux_joc:auto_generated|_~10              ; |Q|dec3to8:inst1|lpm_mux:Mux4|mux_joc:auto_generated|_~10              ; out0             ;
; |Q|dec3to8:inst1|lpm_mux:Mux4|mux_joc:auto_generated|_~12              ; |Q|dec3to8:inst1|lpm_mux:Mux4|mux_joc:auto_generated|_~12              ; out0             ;
; |Q|dec3to8:inst1|lpm_mux:Mux4|mux_joc:auto_generated|_~14              ; |Q|dec3to8:inst1|lpm_mux:Mux4|mux_joc:auto_generated|_~14              ; out0             ;
; |Q|dec3to8:inst1|lpm_mux:Mux4|mux_joc:auto_generated|_~15              ; |Q|dec3to8:inst1|lpm_mux:Mux4|mux_joc:auto_generated|_~15              ; out0             ;
; |Q|dec3to8:inst1|lpm_mux:Mux4|mux_joc:auto_generated|_~16              ; |Q|dec3to8:inst1|lpm_mux:Mux4|mux_joc:auto_generated|_~16              ; out0             ;
; |Q|dec3to8:inst1|lpm_mux:Mux4|mux_joc:auto_generated|_~17              ; |Q|dec3to8:inst1|lpm_mux:Mux4|mux_joc:auto_generated|_~17              ; out0             ;
; |Q|dec3to8:inst1|lpm_mux:Mux4|mux_joc:auto_generated|_~18              ; |Q|dec3to8:inst1|lpm_mux:Mux4|mux_joc:auto_generated|_~18              ; out0             ;
; |Q|dec3to8:inst1|lpm_mux:Mux4|mux_joc:auto_generated|_~23              ; |Q|dec3to8:inst1|lpm_mux:Mux4|mux_joc:auto_generated|_~23              ; out0             ;
; |Q|dec3to8:inst1|lpm_mux:Mux4|mux_joc:auto_generated|_~25              ; |Q|dec3to8:inst1|lpm_mux:Mux4|mux_joc:auto_generated|_~25              ; out0             ;
; |Q|dec3to8:inst1|lpm_mux:Mux4|mux_joc:auto_generated|_~27              ; |Q|dec3to8:inst1|lpm_mux:Mux4|mux_joc:auto_generated|_~27              ; out0             ;
; |Q|dec3to8:inst1|lpm_mux:Mux4|mux_joc:auto_generated|_~28              ; |Q|dec3to8:inst1|lpm_mux:Mux4|mux_joc:auto_generated|_~28              ; out0             ;
; |Q|dec3to8:inst1|lpm_mux:Mux4|mux_joc:auto_generated|_~29              ; |Q|dec3to8:inst1|lpm_mux:Mux4|mux_joc:auto_generated|_~29              ; out0             ;
; |Q|dec3to8:inst1|lpm_mux:Mux4|mux_joc:auto_generated|_~30              ; |Q|dec3to8:inst1|lpm_mux:Mux4|mux_joc:auto_generated|_~30              ; out0             ;
; |Q|dec3to8:inst1|lpm_mux:Mux4|mux_joc:auto_generated|_~32              ; |Q|dec3to8:inst1|lpm_mux:Mux4|mux_joc:auto_generated|_~32              ; out0             ;
; |Q|dec3to8:inst1|lpm_mux:Mux4|mux_joc:auto_generated|_~34              ; |Q|dec3to8:inst1|lpm_mux:Mux4|mux_joc:auto_generated|_~34              ; out0             ;
; |Q|dec3to8:inst1|lpm_mux:Mux4|mux_joc:auto_generated|_~36              ; |Q|dec3to8:inst1|lpm_mux:Mux4|mux_joc:auto_generated|_~36              ; out0             ;
; |Q|dec3to8:inst1|lpm_mux:Mux4|mux_joc:auto_generated|_~37              ; |Q|dec3to8:inst1|lpm_mux:Mux4|mux_joc:auto_generated|_~37              ; out0             ;
; |Q|dec3to8:inst1|lpm_mux:Mux4|mux_joc:auto_generated|_~38              ; |Q|dec3to8:inst1|lpm_mux:Mux4|mux_joc:auto_generated|_~38              ; out0             ;
; |Q|dec3to8:inst1|lpm_mux:Mux4|mux_joc:auto_generated|_~39              ; |Q|dec3to8:inst1|lpm_mux:Mux4|mux_joc:auto_generated|_~39              ; out0             ;
; |Q|dec3to8:inst1|lpm_mux:Mux4|mux_joc:auto_generated|_~40              ; |Q|dec3to8:inst1|lpm_mux:Mux4|mux_joc:auto_generated|_~40              ; out0             ;
; |Q|dec3to8:inst1|lpm_mux:Mux4|mux_joc:auto_generated|_~45              ; |Q|dec3to8:inst1|lpm_mux:Mux4|mux_joc:auto_generated|_~45              ; out0             ;
; |Q|dec3to8:inst1|lpm_mux:Mux4|mux_joc:auto_generated|_~48              ; |Q|dec3to8:inst1|lpm_mux:Mux4|mux_joc:auto_generated|_~48              ; out0             ;
; |Q|dec3to8:inst1|lpm_mux:Mux4|mux_joc:auto_generated|_~50              ; |Q|dec3to8:inst1|lpm_mux:Mux4|mux_joc:auto_generated|_~50              ; out0             ;
; |Q|dec3to8:inst1|lpm_mux:Mux4|mux_joc:auto_generated|_~52              ; |Q|dec3to8:inst1|lpm_mux:Mux4|mux_joc:auto_generated|_~52              ; out0             ;
; |Q|dec3to8:inst1|lpm_mux:Mux4|mux_joc:auto_generated|_~53              ; |Q|dec3to8:inst1|lpm_mux:Mux4|mux_joc:auto_generated|_~53              ; out0             ;
; |Q|dec3to8:inst1|lpm_mux:Mux4|mux_joc:auto_generated|_~54              ; |Q|dec3to8:inst1|lpm_mux:Mux4|mux_joc:auto_generated|_~54              ; out0             ;
; |Q|dec3to8:inst1|lpm_mux:Mux4|mux_joc:auto_generated|_~55              ; |Q|dec3to8:inst1|lpm_mux:Mux4|mux_joc:auto_generated|_~55              ; out0             ;
; |Q|dec3to8:inst1|lpm_mux:Mux4|mux_joc:auto_generated|_~57              ; |Q|dec3to8:inst1|lpm_mux:Mux4|mux_joc:auto_generated|_~57              ; out0             ;
; |Q|dec3to8:inst1|lpm_mux:Mux4|mux_joc:auto_generated|_~59              ; |Q|dec3to8:inst1|lpm_mux:Mux4|mux_joc:auto_generated|_~59              ; out0             ;
; |Q|dec3to8:inst1|lpm_mux:Mux4|mux_joc:auto_generated|_~61              ; |Q|dec3to8:inst1|lpm_mux:Mux4|mux_joc:auto_generated|_~61              ; out0             ;
; |Q|dec3to8:inst1|lpm_mux:Mux4|mux_joc:auto_generated|_~62              ; |Q|dec3to8:inst1|lpm_mux:Mux4|mux_joc:auto_generated|_~62              ; out0             ;
; |Q|dec3to8:inst1|lpm_mux:Mux4|mux_joc:auto_generated|_~63              ; |Q|dec3to8:inst1|lpm_mux:Mux4|mux_joc:auto_generated|_~63              ; out0             ;
; |Q|dec3to8:inst1|lpm_mux:Mux4|mux_joc:auto_generated|_~64              ; |Q|dec3to8:inst1|lpm_mux:Mux4|mux_joc:auto_generated|_~64              ; out0             ;
; |Q|dec3to8:inst1|lpm_mux:Mux4|mux_joc:auto_generated|_~66              ; |Q|dec3to8:inst1|lpm_mux:Mux4|mux_joc:auto_generated|_~66              ; out0             ;
; |Q|dec3to8:inst1|lpm_mux:Mux4|mux_joc:auto_generated|_~67              ; |Q|dec3to8:inst1|lpm_mux:Mux4|mux_joc:auto_generated|_~67              ; out0             ;
; |Q|dec3to8:inst1|lpm_mux:Mux4|mux_joc:auto_generated|_~68              ; |Q|dec3to8:inst1|lpm_mux:Mux4|mux_joc:auto_generated|_~68              ; out0             ;
; |Q|dec3to8:inst1|lpm_mux:Mux4|mux_joc:auto_generated|_~69              ; |Q|dec3to8:inst1|lpm_mux:Mux4|mux_joc:auto_generated|_~69              ; out0             ;
; |Q|dec3to8:inst1|lpm_mux:Mux4|mux_joc:auto_generated|_~70              ; |Q|dec3to8:inst1|lpm_mux:Mux4|mux_joc:auto_generated|_~70              ; out0             ;
; |Q|dec3to8:inst1|lpm_mux:Mux4|mux_joc:auto_generated|_~71              ; |Q|dec3to8:inst1|lpm_mux:Mux4|mux_joc:auto_generated|_~71              ; out0             ;
; |Q|dec3to8:inst1|lpm_mux:Mux4|mux_joc:auto_generated|_~73              ; |Q|dec3to8:inst1|lpm_mux:Mux4|mux_joc:auto_generated|_~73              ; out0             ;
; |Q|dec3to8:inst1|lpm_mux:Mux4|mux_joc:auto_generated|_~75              ; |Q|dec3to8:inst1|lpm_mux:Mux4|mux_joc:auto_generated|_~75              ; out0             ;
; |Q|dec3to8:inst1|lpm_mux:Mux4|mux_joc:auto_generated|_~77              ; |Q|dec3to8:inst1|lpm_mux:Mux4|mux_joc:auto_generated|_~77              ; out0             ;
; |Q|dec3to8:inst1|lpm_mux:Mux4|mux_joc:auto_generated|_~78              ; |Q|dec3to8:inst1|lpm_mux:Mux4|mux_joc:auto_generated|_~78              ; out0             ;
; |Q|dec3to8:inst1|lpm_mux:Mux4|mux_joc:auto_generated|_~79              ; |Q|dec3to8:inst1|lpm_mux:Mux4|mux_joc:auto_generated|_~79              ; out0             ;
; |Q|dec3to8:inst1|lpm_mux:Mux4|mux_joc:auto_generated|_~80              ; |Q|dec3to8:inst1|lpm_mux:Mux4|mux_joc:auto_generated|_~80              ; out0             ;
; |Q|dec3to8:inst1|lpm_mux:Mux4|mux_joc:auto_generated|_~82              ; |Q|dec3to8:inst1|lpm_mux:Mux4|mux_joc:auto_generated|_~82              ; out0             ;
; |Q|dec3to8:inst1|lpm_mux:Mux4|mux_joc:auto_generated|_~84              ; |Q|dec3to8:inst1|lpm_mux:Mux4|mux_joc:auto_generated|_~84              ; out0             ;
; |Q|dec3to8:inst1|lpm_mux:Mux4|mux_joc:auto_generated|_~86              ; |Q|dec3to8:inst1|lpm_mux:Mux4|mux_joc:auto_generated|_~86              ; out0             ;
; |Q|dec3to8:inst1|lpm_mux:Mux4|mux_joc:auto_generated|_~87              ; |Q|dec3to8:inst1|lpm_mux:Mux4|mux_joc:auto_generated|_~87              ; out0             ;
; |Q|dec3to8:inst1|lpm_mux:Mux4|mux_joc:auto_generated|_~88              ; |Q|dec3to8:inst1|lpm_mux:Mux4|mux_joc:auto_generated|_~88              ; out0             ;
; |Q|dec3to8:inst1|lpm_mux:Mux4|mux_joc:auto_generated|_~89              ; |Q|dec3to8:inst1|lpm_mux:Mux4|mux_joc:auto_generated|_~89              ; out0             ;
; |Q|dec3to8:inst1|lpm_mux:Mux4|mux_joc:auto_generated|_~90              ; |Q|dec3to8:inst1|lpm_mux:Mux4|mux_joc:auto_generated|_~90              ; out0             ;
; |Q|dec3to8:inst1|lpm_mux:Mux4|mux_joc:auto_generated|_~95              ; |Q|dec3to8:inst1|lpm_mux:Mux4|mux_joc:auto_generated|_~95              ; out0             ;
; |Q|dec3to8:inst1|lpm_mux:Mux4|mux_joc:auto_generated|_~98              ; |Q|dec3to8:inst1|lpm_mux:Mux4|mux_joc:auto_generated|_~98              ; out0             ;
; |Q|dec3to8:inst1|lpm_mux:Mux4|mux_joc:auto_generated|_~100             ; |Q|dec3to8:inst1|lpm_mux:Mux4|mux_joc:auto_generated|_~100             ; out0             ;
; |Q|dec3to8:inst1|lpm_mux:Mux4|mux_joc:auto_generated|_~102             ; |Q|dec3to8:inst1|lpm_mux:Mux4|mux_joc:auto_generated|_~102             ; out0             ;
; |Q|dec3to8:inst1|lpm_mux:Mux4|mux_joc:auto_generated|_~103             ; |Q|dec3to8:inst1|lpm_mux:Mux4|mux_joc:auto_generated|_~103             ; out0             ;
; |Q|dec3to8:inst1|lpm_mux:Mux4|mux_joc:auto_generated|_~104             ; |Q|dec3to8:inst1|lpm_mux:Mux4|mux_joc:auto_generated|_~104             ; out0             ;
; |Q|dec3to8:inst1|lpm_mux:Mux4|mux_joc:auto_generated|_~105             ; |Q|dec3to8:inst1|lpm_mux:Mux4|mux_joc:auto_generated|_~105             ; out0             ;
; |Q|dec3to8:inst1|lpm_mux:Mux4|mux_joc:auto_generated|_~107             ; |Q|dec3to8:inst1|lpm_mux:Mux4|mux_joc:auto_generated|_~107             ; out0             ;
; |Q|dec3to8:inst1|lpm_mux:Mux4|mux_joc:auto_generated|_~109             ; |Q|dec3to8:inst1|lpm_mux:Mux4|mux_joc:auto_generated|_~109             ; out0             ;
; |Q|dec3to8:inst1|lpm_mux:Mux4|mux_joc:auto_generated|_~111             ; |Q|dec3to8:inst1|lpm_mux:Mux4|mux_joc:auto_generated|_~111             ; out0             ;
; |Q|dec3to8:inst1|lpm_mux:Mux4|mux_joc:auto_generated|_~112             ; |Q|dec3to8:inst1|lpm_mux:Mux4|mux_joc:auto_generated|_~112             ; out0             ;
; |Q|dec3to8:inst1|lpm_mux:Mux4|mux_joc:auto_generated|_~113             ; |Q|dec3to8:inst1|lpm_mux:Mux4|mux_joc:auto_generated|_~113             ; out0             ;
; |Q|dec3to8:inst1|lpm_mux:Mux4|mux_joc:auto_generated|_~114             ; |Q|dec3to8:inst1|lpm_mux:Mux4|mux_joc:auto_generated|_~114             ; out0             ;
; |Q|dec3to8:inst1|lpm_mux:Mux4|mux_joc:auto_generated|_~116             ; |Q|dec3to8:inst1|lpm_mux:Mux4|mux_joc:auto_generated|_~116             ; out0             ;
; |Q|dec3to8:inst1|lpm_mux:Mux4|mux_joc:auto_generated|_~117             ; |Q|dec3to8:inst1|lpm_mux:Mux4|mux_joc:auto_generated|_~117             ; out0             ;
; |Q|dec3to8:inst1|lpm_mux:Mux4|mux_joc:auto_generated|_~118             ; |Q|dec3to8:inst1|lpm_mux:Mux4|mux_joc:auto_generated|_~118             ; out0             ;
; |Q|dec3to8:inst1|lpm_mux:Mux4|mux_joc:auto_generated|_~119             ; |Q|dec3to8:inst1|lpm_mux:Mux4|mux_joc:auto_generated|_~119             ; out0             ;
; |Q|dec3to8:inst1|lpm_mux:Mux4|mux_joc:auto_generated|_~120             ; |Q|dec3to8:inst1|lpm_mux:Mux4|mux_joc:auto_generated|_~120             ; out0             ;
; |Q|dec3to8:inst1|lpm_mux:Mux4|mux_joc:auto_generated|_~122             ; |Q|dec3to8:inst1|lpm_mux:Mux4|mux_joc:auto_generated|_~122             ; out0             ;
; |Q|dec3to8:inst1|lpm_mux:Mux4|mux_joc:auto_generated|_~124             ; |Q|dec3to8:inst1|lpm_mux:Mux4|mux_joc:auto_generated|_~124             ; out0             ;
; |Q|dec3to8:inst1|lpm_mux:Mux4|mux_joc:auto_generated|_~126             ; |Q|dec3to8:inst1|lpm_mux:Mux4|mux_joc:auto_generated|_~126             ; out0             ;
; |Q|dec3to8:inst1|lpm_mux:Mux4|mux_joc:auto_generated|_~127             ; |Q|dec3to8:inst1|lpm_mux:Mux4|mux_joc:auto_generated|_~127             ; out0             ;
; |Q|dec3to8:inst1|lpm_mux:Mux4|mux_joc:auto_generated|_~128             ; |Q|dec3to8:inst1|lpm_mux:Mux4|mux_joc:auto_generated|_~128             ; out0             ;
; |Q|dec3to8:inst1|lpm_mux:Mux4|mux_joc:auto_generated|_~129             ; |Q|dec3to8:inst1|lpm_mux:Mux4|mux_joc:auto_generated|_~129             ; out0             ;
; |Q|dec3to8:inst1|lpm_mux:Mux4|mux_joc:auto_generated|_~131             ; |Q|dec3to8:inst1|lpm_mux:Mux4|mux_joc:auto_generated|_~131             ; out0             ;
; |Q|dec3to8:inst1|lpm_mux:Mux4|mux_joc:auto_generated|_~133             ; |Q|dec3to8:inst1|lpm_mux:Mux4|mux_joc:auto_generated|_~133             ; out0             ;
; |Q|dec3to8:inst1|lpm_mux:Mux4|mux_joc:auto_generated|_~135             ; |Q|dec3to8:inst1|lpm_mux:Mux4|mux_joc:auto_generated|_~135             ; out0             ;
; |Q|dec3to8:inst1|lpm_mux:Mux4|mux_joc:auto_generated|_~136             ; |Q|dec3to8:inst1|lpm_mux:Mux4|mux_joc:auto_generated|_~136             ; out0             ;
; |Q|dec3to8:inst1|lpm_mux:Mux4|mux_joc:auto_generated|_~137             ; |Q|dec3to8:inst1|lpm_mux:Mux4|mux_joc:auto_generated|_~137             ; out0             ;
; |Q|dec3to8:inst1|lpm_mux:Mux4|mux_joc:auto_generated|_~138             ; |Q|dec3to8:inst1|lpm_mux:Mux4|mux_joc:auto_generated|_~138             ; out0             ;
; |Q|dec3to8:inst1|lpm_mux:Mux4|mux_joc:auto_generated|_~139             ; |Q|dec3to8:inst1|lpm_mux:Mux4|mux_joc:auto_generated|_~139             ; out0             ;
; |Q|dec3to8:inst1|lpm_mux:Mux4|mux_joc:auto_generated|_~142             ; |Q|dec3to8:inst1|lpm_mux:Mux4|mux_joc:auto_generated|_~142             ; out0             ;
; |Q|dec3to8:inst1|lpm_mux:Mux4|mux_joc:auto_generated|_~143             ; |Q|dec3to8:inst1|lpm_mux:Mux4|mux_joc:auto_generated|_~143             ; out0             ;
; |Q|dec3to8:inst1|lpm_mux:Mux4|mux_joc:auto_generated|result_node[0]~1  ; |Q|dec3to8:inst1|lpm_mux:Mux4|mux_joc:auto_generated|result_node[0]~1  ; out0             ;
; |Q|dec3to8:inst1|lpm_mux:Mux4|mux_joc:auto_generated|result_node[0]    ; |Q|dec3to8:inst1|lpm_mux:Mux4|mux_joc:auto_generated|result_node[0]    ; out0             ;
; |Q|dec3to8:inst1|lpm_mux:Mux3|mux_joc:auto_generated|_~1               ; |Q|dec3to8:inst1|lpm_mux:Mux3|mux_joc:auto_generated|_~1               ; out0             ;
; |Q|dec3to8:inst1|lpm_mux:Mux3|mux_joc:auto_generated|_~3               ; |Q|dec3to8:inst1|lpm_mux:Mux3|mux_joc:auto_generated|_~3               ; out0             ;
; |Q|dec3to8:inst1|lpm_mux:Mux3|mux_joc:auto_generated|_~5               ; |Q|dec3to8:inst1|lpm_mux:Mux3|mux_joc:auto_generated|_~5               ; out0             ;
; |Q|dec3to8:inst1|lpm_mux:Mux3|mux_joc:auto_generated|_~6               ; |Q|dec3to8:inst1|lpm_mux:Mux3|mux_joc:auto_generated|_~6               ; out0             ;
; |Q|dec3to8:inst1|lpm_mux:Mux3|mux_joc:auto_generated|_~7               ; |Q|dec3to8:inst1|lpm_mux:Mux3|mux_joc:auto_generated|_~7               ; out0             ;
; |Q|dec3to8:inst1|lpm_mux:Mux3|mux_joc:auto_generated|_~8               ; |Q|dec3to8:inst1|lpm_mux:Mux3|mux_joc:auto_generated|_~8               ; out0             ;
; |Q|dec3to8:inst1|lpm_mux:Mux3|mux_joc:auto_generated|_~10              ; |Q|dec3to8:inst1|lpm_mux:Mux3|mux_joc:auto_generated|_~10              ; out0             ;
; |Q|dec3to8:inst1|lpm_mux:Mux3|mux_joc:auto_generated|_~12              ; |Q|dec3to8:inst1|lpm_mux:Mux3|mux_joc:auto_generated|_~12              ; out0             ;
; |Q|dec3to8:inst1|lpm_mux:Mux3|mux_joc:auto_generated|_~14              ; |Q|dec3to8:inst1|lpm_mux:Mux3|mux_joc:auto_generated|_~14              ; out0             ;
; |Q|dec3to8:inst1|lpm_mux:Mux3|mux_joc:auto_generated|_~15              ; |Q|dec3to8:inst1|lpm_mux:Mux3|mux_joc:auto_generated|_~15              ; out0             ;
; |Q|dec3to8:inst1|lpm_mux:Mux3|mux_joc:auto_generated|_~16              ; |Q|dec3to8:inst1|lpm_mux:Mux3|mux_joc:auto_generated|_~16              ; out0             ;
; |Q|dec3to8:inst1|lpm_mux:Mux3|mux_joc:auto_generated|_~17              ; |Q|dec3to8:inst1|lpm_mux:Mux3|mux_joc:auto_generated|_~17              ; out0             ;
; |Q|dec3to8:inst1|lpm_mux:Mux3|mux_joc:auto_generated|_~18              ; |Q|dec3to8:inst1|lpm_mux:Mux3|mux_joc:auto_generated|_~18              ; out0             ;
; |Q|dec3to8:inst1|lpm_mux:Mux3|mux_joc:auto_generated|_~23              ; |Q|dec3to8:inst1|lpm_mux:Mux3|mux_joc:auto_generated|_~23              ; out0             ;
; |Q|dec3to8:inst1|lpm_mux:Mux3|mux_joc:auto_generated|_~25              ; |Q|dec3to8:inst1|lpm_mux:Mux3|mux_joc:auto_generated|_~25              ; out0             ;
; |Q|dec3to8:inst1|lpm_mux:Mux3|mux_joc:auto_generated|_~27              ; |Q|dec3to8:inst1|lpm_mux:Mux3|mux_joc:auto_generated|_~27              ; out0             ;
; |Q|dec3to8:inst1|lpm_mux:Mux3|mux_joc:auto_generated|_~28              ; |Q|dec3to8:inst1|lpm_mux:Mux3|mux_joc:auto_generated|_~28              ; out0             ;
; |Q|dec3to8:inst1|lpm_mux:Mux3|mux_joc:auto_generated|_~29              ; |Q|dec3to8:inst1|lpm_mux:Mux3|mux_joc:auto_generated|_~29              ; out0             ;
; |Q|dec3to8:inst1|lpm_mux:Mux3|mux_joc:auto_generated|_~30              ; |Q|dec3to8:inst1|lpm_mux:Mux3|mux_joc:auto_generated|_~30              ; out0             ;
; |Q|dec3to8:inst1|lpm_mux:Mux3|mux_joc:auto_generated|_~32              ; |Q|dec3to8:inst1|lpm_mux:Mux3|mux_joc:auto_generated|_~32              ; out0             ;
; |Q|dec3to8:inst1|lpm_mux:Mux3|mux_joc:auto_generated|_~34              ; |Q|dec3to8:inst1|lpm_mux:Mux3|mux_joc:auto_generated|_~34              ; out0             ;
; |Q|dec3to8:inst1|lpm_mux:Mux3|mux_joc:auto_generated|_~36              ; |Q|dec3to8:inst1|lpm_mux:Mux3|mux_joc:auto_generated|_~36              ; out0             ;
; |Q|dec3to8:inst1|lpm_mux:Mux3|mux_joc:auto_generated|_~37              ; |Q|dec3to8:inst1|lpm_mux:Mux3|mux_joc:auto_generated|_~37              ; out0             ;
; |Q|dec3to8:inst1|lpm_mux:Mux3|mux_joc:auto_generated|_~38              ; |Q|dec3to8:inst1|lpm_mux:Mux3|mux_joc:auto_generated|_~38              ; out0             ;
; |Q|dec3to8:inst1|lpm_mux:Mux3|mux_joc:auto_generated|_~39              ; |Q|dec3to8:inst1|lpm_mux:Mux3|mux_joc:auto_generated|_~39              ; out0             ;
; |Q|dec3to8:inst1|lpm_mux:Mux3|mux_joc:auto_generated|_~40              ; |Q|dec3to8:inst1|lpm_mux:Mux3|mux_joc:auto_generated|_~40              ; out0             ;
; |Q|dec3to8:inst1|lpm_mux:Mux3|mux_joc:auto_generated|_~45              ; |Q|dec3to8:inst1|lpm_mux:Mux3|mux_joc:auto_generated|_~45              ; out0             ;
; |Q|dec3to8:inst1|lpm_mux:Mux3|mux_joc:auto_generated|_~48              ; |Q|dec3to8:inst1|lpm_mux:Mux3|mux_joc:auto_generated|_~48              ; out0             ;
; |Q|dec3to8:inst1|lpm_mux:Mux3|mux_joc:auto_generated|_~50              ; |Q|dec3to8:inst1|lpm_mux:Mux3|mux_joc:auto_generated|_~50              ; out0             ;
; |Q|dec3to8:inst1|lpm_mux:Mux3|mux_joc:auto_generated|_~52              ; |Q|dec3to8:inst1|lpm_mux:Mux3|mux_joc:auto_generated|_~52              ; out0             ;
; |Q|dec3to8:inst1|lpm_mux:Mux3|mux_joc:auto_generated|_~53              ; |Q|dec3to8:inst1|lpm_mux:Mux3|mux_joc:auto_generated|_~53              ; out0             ;
; |Q|dec3to8:inst1|lpm_mux:Mux3|mux_joc:auto_generated|_~54              ; |Q|dec3to8:inst1|lpm_mux:Mux3|mux_joc:auto_generated|_~54              ; out0             ;
; |Q|dec3to8:inst1|lpm_mux:Mux3|mux_joc:auto_generated|_~55              ; |Q|dec3to8:inst1|lpm_mux:Mux3|mux_joc:auto_generated|_~55              ; out0             ;
; |Q|dec3to8:inst1|lpm_mux:Mux3|mux_joc:auto_generated|_~57              ; |Q|dec3to8:inst1|lpm_mux:Mux3|mux_joc:auto_generated|_~57              ; out0             ;
; |Q|dec3to8:inst1|lpm_mux:Mux3|mux_joc:auto_generated|_~59              ; |Q|dec3to8:inst1|lpm_mux:Mux3|mux_joc:auto_generated|_~59              ; out0             ;
; |Q|dec3to8:inst1|lpm_mux:Mux3|mux_joc:auto_generated|_~61              ; |Q|dec3to8:inst1|lpm_mux:Mux3|mux_joc:auto_generated|_~61              ; out0             ;
; |Q|dec3to8:inst1|lpm_mux:Mux3|mux_joc:auto_generated|_~62              ; |Q|dec3to8:inst1|lpm_mux:Mux3|mux_joc:auto_generated|_~62              ; out0             ;
; |Q|dec3to8:inst1|lpm_mux:Mux3|mux_joc:auto_generated|_~63              ; |Q|dec3to8:inst1|lpm_mux:Mux3|mux_joc:auto_generated|_~63              ; out0             ;
; |Q|dec3to8:inst1|lpm_mux:Mux3|mux_joc:auto_generated|_~64              ; |Q|dec3to8:inst1|lpm_mux:Mux3|mux_joc:auto_generated|_~64              ; out0             ;
; |Q|dec3to8:inst1|lpm_mux:Mux3|mux_joc:auto_generated|_~65              ; |Q|dec3to8:inst1|lpm_mux:Mux3|mux_joc:auto_generated|_~65              ; out0             ;
; |Q|dec3to8:inst1|lpm_mux:Mux3|mux_joc:auto_generated|_~68              ; |Q|dec3to8:inst1|lpm_mux:Mux3|mux_joc:auto_generated|_~68              ; out0             ;
; |Q|dec3to8:inst1|lpm_mux:Mux3|mux_joc:auto_generated|_~69              ; |Q|dec3to8:inst1|lpm_mux:Mux3|mux_joc:auto_generated|_~69              ; out0             ;
; |Q|dec3to8:inst1|lpm_mux:Mux3|mux_joc:auto_generated|_~70              ; |Q|dec3to8:inst1|lpm_mux:Mux3|mux_joc:auto_generated|_~70              ; out0             ;
; |Q|dec3to8:inst1|lpm_mux:Mux3|mux_joc:auto_generated|_~71              ; |Q|dec3to8:inst1|lpm_mux:Mux3|mux_joc:auto_generated|_~71              ; out0             ;
; |Q|dec3to8:inst1|lpm_mux:Mux3|mux_joc:auto_generated|_~73              ; |Q|dec3to8:inst1|lpm_mux:Mux3|mux_joc:auto_generated|_~73              ; out0             ;
; |Q|dec3to8:inst1|lpm_mux:Mux3|mux_joc:auto_generated|_~75              ; |Q|dec3to8:inst1|lpm_mux:Mux3|mux_joc:auto_generated|_~75              ; out0             ;
; |Q|dec3to8:inst1|lpm_mux:Mux3|mux_joc:auto_generated|_~77              ; |Q|dec3to8:inst1|lpm_mux:Mux3|mux_joc:auto_generated|_~77              ; out0             ;
; |Q|dec3to8:inst1|lpm_mux:Mux3|mux_joc:auto_generated|_~78              ; |Q|dec3to8:inst1|lpm_mux:Mux3|mux_joc:auto_generated|_~78              ; out0             ;
; |Q|dec3to8:inst1|lpm_mux:Mux3|mux_joc:auto_generated|_~79              ; |Q|dec3to8:inst1|lpm_mux:Mux3|mux_joc:auto_generated|_~79              ; out0             ;
; |Q|dec3to8:inst1|lpm_mux:Mux3|mux_joc:auto_generated|_~80              ; |Q|dec3to8:inst1|lpm_mux:Mux3|mux_joc:auto_generated|_~80              ; out0             ;
; |Q|dec3to8:inst1|lpm_mux:Mux3|mux_joc:auto_generated|_~82              ; |Q|dec3to8:inst1|lpm_mux:Mux3|mux_joc:auto_generated|_~82              ; out0             ;
; |Q|dec3to8:inst1|lpm_mux:Mux3|mux_joc:auto_generated|_~84              ; |Q|dec3to8:inst1|lpm_mux:Mux3|mux_joc:auto_generated|_~84              ; out0             ;
; |Q|dec3to8:inst1|lpm_mux:Mux3|mux_joc:auto_generated|_~86              ; |Q|dec3to8:inst1|lpm_mux:Mux3|mux_joc:auto_generated|_~86              ; out0             ;
; |Q|dec3to8:inst1|lpm_mux:Mux3|mux_joc:auto_generated|_~87              ; |Q|dec3to8:inst1|lpm_mux:Mux3|mux_joc:auto_generated|_~87              ; out0             ;
; |Q|dec3to8:inst1|lpm_mux:Mux3|mux_joc:auto_generated|_~88              ; |Q|dec3to8:inst1|lpm_mux:Mux3|mux_joc:auto_generated|_~88              ; out0             ;
; |Q|dec3to8:inst1|lpm_mux:Mux3|mux_joc:auto_generated|_~89              ; |Q|dec3to8:inst1|lpm_mux:Mux3|mux_joc:auto_generated|_~89              ; out0             ;
; |Q|dec3to8:inst1|lpm_mux:Mux3|mux_joc:auto_generated|_~90              ; |Q|dec3to8:inst1|lpm_mux:Mux3|mux_joc:auto_generated|_~90              ; out0             ;
; |Q|dec3to8:inst1|lpm_mux:Mux3|mux_joc:auto_generated|_~95              ; |Q|dec3to8:inst1|lpm_mux:Mux3|mux_joc:auto_generated|_~95              ; out0             ;
; |Q|dec3to8:inst1|lpm_mux:Mux3|mux_joc:auto_generated|_~98              ; |Q|dec3to8:inst1|lpm_mux:Mux3|mux_joc:auto_generated|_~98              ; out0             ;
; |Q|dec3to8:inst1|lpm_mux:Mux3|mux_joc:auto_generated|_~100             ; |Q|dec3to8:inst1|lpm_mux:Mux3|mux_joc:auto_generated|_~100             ; out0             ;
; |Q|dec3to8:inst1|lpm_mux:Mux3|mux_joc:auto_generated|_~102             ; |Q|dec3to8:inst1|lpm_mux:Mux3|mux_joc:auto_generated|_~102             ; out0             ;
; |Q|dec3to8:inst1|lpm_mux:Mux3|mux_joc:auto_generated|_~103             ; |Q|dec3to8:inst1|lpm_mux:Mux3|mux_joc:auto_generated|_~103             ; out0             ;
; |Q|dec3to8:inst1|lpm_mux:Mux3|mux_joc:auto_generated|_~104             ; |Q|dec3to8:inst1|lpm_mux:Mux3|mux_joc:auto_generated|_~104             ; out0             ;
; |Q|dec3to8:inst1|lpm_mux:Mux3|mux_joc:auto_generated|_~105             ; |Q|dec3to8:inst1|lpm_mux:Mux3|mux_joc:auto_generated|_~105             ; out0             ;
; |Q|dec3to8:inst1|lpm_mux:Mux3|mux_joc:auto_generated|_~107             ; |Q|dec3to8:inst1|lpm_mux:Mux3|mux_joc:auto_generated|_~107             ; out0             ;
; |Q|dec3to8:inst1|lpm_mux:Mux3|mux_joc:auto_generated|_~109             ; |Q|dec3to8:inst1|lpm_mux:Mux3|mux_joc:auto_generated|_~109             ; out0             ;
; |Q|dec3to8:inst1|lpm_mux:Mux3|mux_joc:auto_generated|_~111             ; |Q|dec3to8:inst1|lpm_mux:Mux3|mux_joc:auto_generated|_~111             ; out0             ;
; |Q|dec3to8:inst1|lpm_mux:Mux3|mux_joc:auto_generated|_~112             ; |Q|dec3to8:inst1|lpm_mux:Mux3|mux_joc:auto_generated|_~112             ; out0             ;
; |Q|dec3to8:inst1|lpm_mux:Mux3|mux_joc:auto_generated|_~113             ; |Q|dec3to8:inst1|lpm_mux:Mux3|mux_joc:auto_generated|_~113             ; out0             ;
; |Q|dec3to8:inst1|lpm_mux:Mux3|mux_joc:auto_generated|_~114             ; |Q|dec3to8:inst1|lpm_mux:Mux3|mux_joc:auto_generated|_~114             ; out0             ;
; |Q|dec3to8:inst1|lpm_mux:Mux3|mux_joc:auto_generated|_~115             ; |Q|dec3to8:inst1|lpm_mux:Mux3|mux_joc:auto_generated|_~115             ; out0             ;
; |Q|dec3to8:inst1|lpm_mux:Mux3|mux_joc:auto_generated|_~118             ; |Q|dec3to8:inst1|lpm_mux:Mux3|mux_joc:auto_generated|_~118             ; out0             ;
; |Q|dec3to8:inst1|lpm_mux:Mux3|mux_joc:auto_generated|_~119             ; |Q|dec3to8:inst1|lpm_mux:Mux3|mux_joc:auto_generated|_~119             ; out0             ;
; |Q|dec3to8:inst1|lpm_mux:Mux3|mux_joc:auto_generated|_~120             ; |Q|dec3to8:inst1|lpm_mux:Mux3|mux_joc:auto_generated|_~120             ; out0             ;
; |Q|dec3to8:inst1|lpm_mux:Mux3|mux_joc:auto_generated|_~122             ; |Q|dec3to8:inst1|lpm_mux:Mux3|mux_joc:auto_generated|_~122             ; out0             ;
; |Q|dec3to8:inst1|lpm_mux:Mux3|mux_joc:auto_generated|_~123             ; |Q|dec3to8:inst1|lpm_mux:Mux3|mux_joc:auto_generated|_~123             ; out0             ;
; |Q|dec3to8:inst1|lpm_mux:Mux3|mux_joc:auto_generated|_~124             ; |Q|dec3to8:inst1|lpm_mux:Mux3|mux_joc:auto_generated|_~124             ; out0             ;
; |Q|dec3to8:inst1|lpm_mux:Mux3|mux_joc:auto_generated|_~125             ; |Q|dec3to8:inst1|lpm_mux:Mux3|mux_joc:auto_generated|_~125             ; out0             ;
; |Q|dec3to8:inst1|lpm_mux:Mux3|mux_joc:auto_generated|_~126             ; |Q|dec3to8:inst1|lpm_mux:Mux3|mux_joc:auto_generated|_~126             ; out0             ;
; |Q|dec3to8:inst1|lpm_mux:Mux3|mux_joc:auto_generated|_~127             ; |Q|dec3to8:inst1|lpm_mux:Mux3|mux_joc:auto_generated|_~127             ; out0             ;
; |Q|dec3to8:inst1|lpm_mux:Mux3|mux_joc:auto_generated|_~128             ; |Q|dec3to8:inst1|lpm_mux:Mux3|mux_joc:auto_generated|_~128             ; out0             ;
; |Q|dec3to8:inst1|lpm_mux:Mux3|mux_joc:auto_generated|_~129             ; |Q|dec3to8:inst1|lpm_mux:Mux3|mux_joc:auto_generated|_~129             ; out0             ;
; |Q|dec3to8:inst1|lpm_mux:Mux3|mux_joc:auto_generated|_~131             ; |Q|dec3to8:inst1|lpm_mux:Mux3|mux_joc:auto_generated|_~131             ; out0             ;
; |Q|dec3to8:inst1|lpm_mux:Mux3|mux_joc:auto_generated|_~132             ; |Q|dec3to8:inst1|lpm_mux:Mux3|mux_joc:auto_generated|_~132             ; out0             ;
; |Q|dec3to8:inst1|lpm_mux:Mux3|mux_joc:auto_generated|_~133             ; |Q|dec3to8:inst1|lpm_mux:Mux3|mux_joc:auto_generated|_~133             ; out0             ;
; |Q|dec3to8:inst1|lpm_mux:Mux3|mux_joc:auto_generated|_~134             ; |Q|dec3to8:inst1|lpm_mux:Mux3|mux_joc:auto_generated|_~134             ; out0             ;
; |Q|dec3to8:inst1|lpm_mux:Mux3|mux_joc:auto_generated|_~135             ; |Q|dec3to8:inst1|lpm_mux:Mux3|mux_joc:auto_generated|_~135             ; out0             ;
; |Q|dec3to8:inst1|lpm_mux:Mux3|mux_joc:auto_generated|_~136             ; |Q|dec3to8:inst1|lpm_mux:Mux3|mux_joc:auto_generated|_~136             ; out0             ;
; |Q|dec3to8:inst1|lpm_mux:Mux3|mux_joc:auto_generated|_~137             ; |Q|dec3to8:inst1|lpm_mux:Mux3|mux_joc:auto_generated|_~137             ; out0             ;
; |Q|dec3to8:inst1|lpm_mux:Mux3|mux_joc:auto_generated|_~138             ; |Q|dec3to8:inst1|lpm_mux:Mux3|mux_joc:auto_generated|_~138             ; out0             ;
; |Q|dec3to8:inst1|lpm_mux:Mux3|mux_joc:auto_generated|_~139             ; |Q|dec3to8:inst1|lpm_mux:Mux3|mux_joc:auto_generated|_~139             ; out0             ;
; |Q|dec3to8:inst1|lpm_mux:Mux3|mux_joc:auto_generated|_~140             ; |Q|dec3to8:inst1|lpm_mux:Mux3|mux_joc:auto_generated|_~140             ; out0             ;
; |Q|dec3to8:inst1|lpm_mux:Mux3|mux_joc:auto_generated|_~141             ; |Q|dec3to8:inst1|lpm_mux:Mux3|mux_joc:auto_generated|_~141             ; out0             ;
; |Q|dec3to8:inst1|lpm_mux:Mux3|mux_joc:auto_generated|_~142             ; |Q|dec3to8:inst1|lpm_mux:Mux3|mux_joc:auto_generated|_~142             ; out0             ;
; |Q|dec3to8:inst1|lpm_mux:Mux3|mux_joc:auto_generated|_~143             ; |Q|dec3to8:inst1|lpm_mux:Mux3|mux_joc:auto_generated|_~143             ; out0             ;
; |Q|dec3to8:inst1|lpm_mux:Mux3|mux_joc:auto_generated|result_node[0]~1  ; |Q|dec3to8:inst1|lpm_mux:Mux3|mux_joc:auto_generated|result_node[0]~1  ; out0             ;
; |Q|dec3to8:inst1|lpm_mux:Mux3|mux_joc:auto_generated|result_node[0]    ; |Q|dec3to8:inst1|lpm_mux:Mux3|mux_joc:auto_generated|result_node[0]    ; out0             ;
; |Q|dec3to8:inst1|lpm_mux:Mux2|mux_joc:auto_generated|_~1               ; |Q|dec3to8:inst1|lpm_mux:Mux2|mux_joc:auto_generated|_~1               ; out0             ;
; |Q|dec3to8:inst1|lpm_mux:Mux2|mux_joc:auto_generated|_~3               ; |Q|dec3to8:inst1|lpm_mux:Mux2|mux_joc:auto_generated|_~3               ; out0             ;
; |Q|dec3to8:inst1|lpm_mux:Mux2|mux_joc:auto_generated|_~5               ; |Q|dec3to8:inst1|lpm_mux:Mux2|mux_joc:auto_generated|_~5               ; out0             ;
; |Q|dec3to8:inst1|lpm_mux:Mux2|mux_joc:auto_generated|_~6               ; |Q|dec3to8:inst1|lpm_mux:Mux2|mux_joc:auto_generated|_~6               ; out0             ;
; |Q|dec3to8:inst1|lpm_mux:Mux2|mux_joc:auto_generated|_~7               ; |Q|dec3to8:inst1|lpm_mux:Mux2|mux_joc:auto_generated|_~7               ; out0             ;
; |Q|dec3to8:inst1|lpm_mux:Mux2|mux_joc:auto_generated|_~8               ; |Q|dec3to8:inst1|lpm_mux:Mux2|mux_joc:auto_generated|_~8               ; out0             ;
; |Q|dec3to8:inst1|lpm_mux:Mux2|mux_joc:auto_generated|_~10              ; |Q|dec3to8:inst1|lpm_mux:Mux2|mux_joc:auto_generated|_~10              ; out0             ;
; |Q|dec3to8:inst1|lpm_mux:Mux2|mux_joc:auto_generated|_~12              ; |Q|dec3to8:inst1|lpm_mux:Mux2|mux_joc:auto_generated|_~12              ; out0             ;
; |Q|dec3to8:inst1|lpm_mux:Mux2|mux_joc:auto_generated|_~14              ; |Q|dec3to8:inst1|lpm_mux:Mux2|mux_joc:auto_generated|_~14              ; out0             ;
; |Q|dec3to8:inst1|lpm_mux:Mux2|mux_joc:auto_generated|_~15              ; |Q|dec3to8:inst1|lpm_mux:Mux2|mux_joc:auto_generated|_~15              ; out0             ;
; |Q|dec3to8:inst1|lpm_mux:Mux2|mux_joc:auto_generated|_~16              ; |Q|dec3to8:inst1|lpm_mux:Mux2|mux_joc:auto_generated|_~16              ; out0             ;
; |Q|dec3to8:inst1|lpm_mux:Mux2|mux_joc:auto_generated|_~17              ; |Q|dec3to8:inst1|lpm_mux:Mux2|mux_joc:auto_generated|_~17              ; out0             ;
; |Q|dec3to8:inst1|lpm_mux:Mux2|mux_joc:auto_generated|_~18              ; |Q|dec3to8:inst1|lpm_mux:Mux2|mux_joc:auto_generated|_~18              ; out0             ;
; |Q|dec3to8:inst1|lpm_mux:Mux2|mux_joc:auto_generated|_~23              ; |Q|dec3to8:inst1|lpm_mux:Mux2|mux_joc:auto_generated|_~23              ; out0             ;
; |Q|dec3to8:inst1|lpm_mux:Mux2|mux_joc:auto_generated|_~25              ; |Q|dec3to8:inst1|lpm_mux:Mux2|mux_joc:auto_generated|_~25              ; out0             ;
; |Q|dec3to8:inst1|lpm_mux:Mux2|mux_joc:auto_generated|_~27              ; |Q|dec3to8:inst1|lpm_mux:Mux2|mux_joc:auto_generated|_~27              ; out0             ;
; |Q|dec3to8:inst1|lpm_mux:Mux2|mux_joc:auto_generated|_~28              ; |Q|dec3to8:inst1|lpm_mux:Mux2|mux_joc:auto_generated|_~28              ; out0             ;
; |Q|dec3to8:inst1|lpm_mux:Mux2|mux_joc:auto_generated|_~29              ; |Q|dec3to8:inst1|lpm_mux:Mux2|mux_joc:auto_generated|_~29              ; out0             ;
; |Q|dec3to8:inst1|lpm_mux:Mux2|mux_joc:auto_generated|_~30              ; |Q|dec3to8:inst1|lpm_mux:Mux2|mux_joc:auto_generated|_~30              ; out0             ;
; |Q|dec3to8:inst1|lpm_mux:Mux2|mux_joc:auto_generated|_~32              ; |Q|dec3to8:inst1|lpm_mux:Mux2|mux_joc:auto_generated|_~32              ; out0             ;
; |Q|dec3to8:inst1|lpm_mux:Mux2|mux_joc:auto_generated|_~34              ; |Q|dec3to8:inst1|lpm_mux:Mux2|mux_joc:auto_generated|_~34              ; out0             ;
; |Q|dec3to8:inst1|lpm_mux:Mux2|mux_joc:auto_generated|_~36              ; |Q|dec3to8:inst1|lpm_mux:Mux2|mux_joc:auto_generated|_~36              ; out0             ;
; |Q|dec3to8:inst1|lpm_mux:Mux2|mux_joc:auto_generated|_~37              ; |Q|dec3to8:inst1|lpm_mux:Mux2|mux_joc:auto_generated|_~37              ; out0             ;
; |Q|dec3to8:inst1|lpm_mux:Mux2|mux_joc:auto_generated|_~38              ; |Q|dec3to8:inst1|lpm_mux:Mux2|mux_joc:auto_generated|_~38              ; out0             ;
; |Q|dec3to8:inst1|lpm_mux:Mux2|mux_joc:auto_generated|_~39              ; |Q|dec3to8:inst1|lpm_mux:Mux2|mux_joc:auto_generated|_~39              ; out0             ;
; |Q|dec3to8:inst1|lpm_mux:Mux2|mux_joc:auto_generated|_~40              ; |Q|dec3to8:inst1|lpm_mux:Mux2|mux_joc:auto_generated|_~40              ; out0             ;
; |Q|dec3to8:inst1|lpm_mux:Mux2|mux_joc:auto_generated|_~45              ; |Q|dec3to8:inst1|lpm_mux:Mux2|mux_joc:auto_generated|_~45              ; out0             ;
; |Q|dec3to8:inst1|lpm_mux:Mux2|mux_joc:auto_generated|_~48              ; |Q|dec3to8:inst1|lpm_mux:Mux2|mux_joc:auto_generated|_~48              ; out0             ;
; |Q|dec3to8:inst1|lpm_mux:Mux2|mux_joc:auto_generated|_~50              ; |Q|dec3to8:inst1|lpm_mux:Mux2|mux_joc:auto_generated|_~50              ; out0             ;
; |Q|dec3to8:inst1|lpm_mux:Mux2|mux_joc:auto_generated|_~52              ; |Q|dec3to8:inst1|lpm_mux:Mux2|mux_joc:auto_generated|_~52              ; out0             ;
; |Q|dec3to8:inst1|lpm_mux:Mux2|mux_joc:auto_generated|_~53              ; |Q|dec3to8:inst1|lpm_mux:Mux2|mux_joc:auto_generated|_~53              ; out0             ;
; |Q|dec3to8:inst1|lpm_mux:Mux2|mux_joc:auto_generated|_~54              ; |Q|dec3to8:inst1|lpm_mux:Mux2|mux_joc:auto_generated|_~54              ; out0             ;
; |Q|dec3to8:inst1|lpm_mux:Mux2|mux_joc:auto_generated|_~55              ; |Q|dec3to8:inst1|lpm_mux:Mux2|mux_joc:auto_generated|_~55              ; out0             ;
; |Q|dec3to8:inst1|lpm_mux:Mux2|mux_joc:auto_generated|_~57              ; |Q|dec3to8:inst1|lpm_mux:Mux2|mux_joc:auto_generated|_~57              ; out0             ;
; |Q|dec3to8:inst1|lpm_mux:Mux2|mux_joc:auto_generated|_~59              ; |Q|dec3to8:inst1|lpm_mux:Mux2|mux_joc:auto_generated|_~59              ; out0             ;
; |Q|dec3to8:inst1|lpm_mux:Mux2|mux_joc:auto_generated|_~61              ; |Q|dec3to8:inst1|lpm_mux:Mux2|mux_joc:auto_generated|_~61              ; out0             ;
; |Q|dec3to8:inst1|lpm_mux:Mux2|mux_joc:auto_generated|_~62              ; |Q|dec3to8:inst1|lpm_mux:Mux2|mux_joc:auto_generated|_~62              ; out0             ;
; |Q|dec3to8:inst1|lpm_mux:Mux2|mux_joc:auto_generated|_~63              ; |Q|dec3to8:inst1|lpm_mux:Mux2|mux_joc:auto_generated|_~63              ; out0             ;
; |Q|dec3to8:inst1|lpm_mux:Mux2|mux_joc:auto_generated|_~64              ; |Q|dec3to8:inst1|lpm_mux:Mux2|mux_joc:auto_generated|_~64              ; out0             ;
; |Q|dec3to8:inst1|lpm_mux:Mux2|mux_joc:auto_generated|_~65              ; |Q|dec3to8:inst1|lpm_mux:Mux2|mux_joc:auto_generated|_~65              ; out0             ;
; |Q|dec3to8:inst1|lpm_mux:Mux2|mux_joc:auto_generated|_~68              ; |Q|dec3to8:inst1|lpm_mux:Mux2|mux_joc:auto_generated|_~68              ; out0             ;
; |Q|dec3to8:inst1|lpm_mux:Mux2|mux_joc:auto_generated|_~69              ; |Q|dec3to8:inst1|lpm_mux:Mux2|mux_joc:auto_generated|_~69              ; out0             ;
; |Q|dec3to8:inst1|lpm_mux:Mux2|mux_joc:auto_generated|_~70              ; |Q|dec3to8:inst1|lpm_mux:Mux2|mux_joc:auto_generated|_~70              ; out0             ;
; |Q|dec3to8:inst1|lpm_mux:Mux2|mux_joc:auto_generated|_~71              ; |Q|dec3to8:inst1|lpm_mux:Mux2|mux_joc:auto_generated|_~71              ; out0             ;
; |Q|dec3to8:inst1|lpm_mux:Mux2|mux_joc:auto_generated|_~73              ; |Q|dec3to8:inst1|lpm_mux:Mux2|mux_joc:auto_generated|_~73              ; out0             ;
; |Q|dec3to8:inst1|lpm_mux:Mux2|mux_joc:auto_generated|_~75              ; |Q|dec3to8:inst1|lpm_mux:Mux2|mux_joc:auto_generated|_~75              ; out0             ;
; |Q|dec3to8:inst1|lpm_mux:Mux2|mux_joc:auto_generated|_~77              ; |Q|dec3to8:inst1|lpm_mux:Mux2|mux_joc:auto_generated|_~77              ; out0             ;
; |Q|dec3to8:inst1|lpm_mux:Mux2|mux_joc:auto_generated|_~78              ; |Q|dec3to8:inst1|lpm_mux:Mux2|mux_joc:auto_generated|_~78              ; out0             ;
; |Q|dec3to8:inst1|lpm_mux:Mux2|mux_joc:auto_generated|_~79              ; |Q|dec3to8:inst1|lpm_mux:Mux2|mux_joc:auto_generated|_~79              ; out0             ;
; |Q|dec3to8:inst1|lpm_mux:Mux2|mux_joc:auto_generated|_~80              ; |Q|dec3to8:inst1|lpm_mux:Mux2|mux_joc:auto_generated|_~80              ; out0             ;
; |Q|dec3to8:inst1|lpm_mux:Mux2|mux_joc:auto_generated|_~82              ; |Q|dec3to8:inst1|lpm_mux:Mux2|mux_joc:auto_generated|_~82              ; out0             ;
; |Q|dec3to8:inst1|lpm_mux:Mux2|mux_joc:auto_generated|_~84              ; |Q|dec3to8:inst1|lpm_mux:Mux2|mux_joc:auto_generated|_~84              ; out0             ;
; |Q|dec3to8:inst1|lpm_mux:Mux2|mux_joc:auto_generated|_~86              ; |Q|dec3to8:inst1|lpm_mux:Mux2|mux_joc:auto_generated|_~86              ; out0             ;
; |Q|dec3to8:inst1|lpm_mux:Mux2|mux_joc:auto_generated|_~87              ; |Q|dec3to8:inst1|lpm_mux:Mux2|mux_joc:auto_generated|_~87              ; out0             ;
; |Q|dec3to8:inst1|lpm_mux:Mux2|mux_joc:auto_generated|_~88              ; |Q|dec3to8:inst1|lpm_mux:Mux2|mux_joc:auto_generated|_~88              ; out0             ;
; |Q|dec3to8:inst1|lpm_mux:Mux2|mux_joc:auto_generated|_~89              ; |Q|dec3to8:inst1|lpm_mux:Mux2|mux_joc:auto_generated|_~89              ; out0             ;
; |Q|dec3to8:inst1|lpm_mux:Mux2|mux_joc:auto_generated|_~90              ; |Q|dec3to8:inst1|lpm_mux:Mux2|mux_joc:auto_generated|_~90              ; out0             ;
; |Q|dec3to8:inst1|lpm_mux:Mux2|mux_joc:auto_generated|_~95              ; |Q|dec3to8:inst1|lpm_mux:Mux2|mux_joc:auto_generated|_~95              ; out0             ;
; |Q|dec3to8:inst1|lpm_mux:Mux2|mux_joc:auto_generated|_~98              ; |Q|dec3to8:inst1|lpm_mux:Mux2|mux_joc:auto_generated|_~98              ; out0             ;
; |Q|dec3to8:inst1|lpm_mux:Mux2|mux_joc:auto_generated|_~100             ; |Q|dec3to8:inst1|lpm_mux:Mux2|mux_joc:auto_generated|_~100             ; out0             ;
; |Q|dec3to8:inst1|lpm_mux:Mux2|mux_joc:auto_generated|_~102             ; |Q|dec3to8:inst1|lpm_mux:Mux2|mux_joc:auto_generated|_~102             ; out0             ;
; |Q|dec3to8:inst1|lpm_mux:Mux2|mux_joc:auto_generated|_~103             ; |Q|dec3to8:inst1|lpm_mux:Mux2|mux_joc:auto_generated|_~103             ; out0             ;
; |Q|dec3to8:inst1|lpm_mux:Mux2|mux_joc:auto_generated|_~104             ; |Q|dec3to8:inst1|lpm_mux:Mux2|mux_joc:auto_generated|_~104             ; out0             ;
; |Q|dec3to8:inst1|lpm_mux:Mux2|mux_joc:auto_generated|_~105             ; |Q|dec3to8:inst1|lpm_mux:Mux2|mux_joc:auto_generated|_~105             ; out0             ;
; |Q|dec3to8:inst1|lpm_mux:Mux2|mux_joc:auto_generated|_~107             ; |Q|dec3to8:inst1|lpm_mux:Mux2|mux_joc:auto_generated|_~107             ; out0             ;
; |Q|dec3to8:inst1|lpm_mux:Mux2|mux_joc:auto_generated|_~109             ; |Q|dec3to8:inst1|lpm_mux:Mux2|mux_joc:auto_generated|_~109             ; out0             ;
; |Q|dec3to8:inst1|lpm_mux:Mux2|mux_joc:auto_generated|_~111             ; |Q|dec3to8:inst1|lpm_mux:Mux2|mux_joc:auto_generated|_~111             ; out0             ;
; |Q|dec3to8:inst1|lpm_mux:Mux2|mux_joc:auto_generated|_~112             ; |Q|dec3to8:inst1|lpm_mux:Mux2|mux_joc:auto_generated|_~112             ; out0             ;
; |Q|dec3to8:inst1|lpm_mux:Mux2|mux_joc:auto_generated|_~113             ; |Q|dec3to8:inst1|lpm_mux:Mux2|mux_joc:auto_generated|_~113             ; out0             ;
; |Q|dec3to8:inst1|lpm_mux:Mux2|mux_joc:auto_generated|_~114             ; |Q|dec3to8:inst1|lpm_mux:Mux2|mux_joc:auto_generated|_~114             ; out0             ;
; |Q|dec3to8:inst1|lpm_mux:Mux2|mux_joc:auto_generated|_~115             ; |Q|dec3to8:inst1|lpm_mux:Mux2|mux_joc:auto_generated|_~115             ; out0             ;
; |Q|dec3to8:inst1|lpm_mux:Mux2|mux_joc:auto_generated|_~118             ; |Q|dec3to8:inst1|lpm_mux:Mux2|mux_joc:auto_generated|_~118             ; out0             ;
; |Q|dec3to8:inst1|lpm_mux:Mux2|mux_joc:auto_generated|_~119             ; |Q|dec3to8:inst1|lpm_mux:Mux2|mux_joc:auto_generated|_~119             ; out0             ;
; |Q|dec3to8:inst1|lpm_mux:Mux2|mux_joc:auto_generated|_~120             ; |Q|dec3to8:inst1|lpm_mux:Mux2|mux_joc:auto_generated|_~120             ; out0             ;
; |Q|dec3to8:inst1|lpm_mux:Mux2|mux_joc:auto_generated|_~121             ; |Q|dec3to8:inst1|lpm_mux:Mux2|mux_joc:auto_generated|_~121             ; out0             ;
; |Q|dec3to8:inst1|lpm_mux:Mux2|mux_joc:auto_generated|_~122             ; |Q|dec3to8:inst1|lpm_mux:Mux2|mux_joc:auto_generated|_~122             ; out0             ;
; |Q|dec3to8:inst1|lpm_mux:Mux2|mux_joc:auto_generated|_~124             ; |Q|dec3to8:inst1|lpm_mux:Mux2|mux_joc:auto_generated|_~124             ; out0             ;
; |Q|dec3to8:inst1|lpm_mux:Mux2|mux_joc:auto_generated|_~126             ; |Q|dec3to8:inst1|lpm_mux:Mux2|mux_joc:auto_generated|_~126             ; out0             ;
; |Q|dec3to8:inst1|lpm_mux:Mux2|mux_joc:auto_generated|_~127             ; |Q|dec3to8:inst1|lpm_mux:Mux2|mux_joc:auto_generated|_~127             ; out0             ;
; |Q|dec3to8:inst1|lpm_mux:Mux2|mux_joc:auto_generated|_~128             ; |Q|dec3to8:inst1|lpm_mux:Mux2|mux_joc:auto_generated|_~128             ; out0             ;
; |Q|dec3to8:inst1|lpm_mux:Mux2|mux_joc:auto_generated|_~129             ; |Q|dec3to8:inst1|lpm_mux:Mux2|mux_joc:auto_generated|_~129             ; out0             ;
; |Q|dec3to8:inst1|lpm_mux:Mux2|mux_joc:auto_generated|_~130             ; |Q|dec3to8:inst1|lpm_mux:Mux2|mux_joc:auto_generated|_~130             ; out0             ;
; |Q|dec3to8:inst1|lpm_mux:Mux2|mux_joc:auto_generated|_~131             ; |Q|dec3to8:inst1|lpm_mux:Mux2|mux_joc:auto_generated|_~131             ; out0             ;
; |Q|dec3to8:inst1|lpm_mux:Mux2|mux_joc:auto_generated|_~133             ; |Q|dec3to8:inst1|lpm_mux:Mux2|mux_joc:auto_generated|_~133             ; out0             ;
; |Q|dec3to8:inst1|lpm_mux:Mux2|mux_joc:auto_generated|_~135             ; |Q|dec3to8:inst1|lpm_mux:Mux2|mux_joc:auto_generated|_~135             ; out0             ;
; |Q|dec3to8:inst1|lpm_mux:Mux2|mux_joc:auto_generated|_~136             ; |Q|dec3to8:inst1|lpm_mux:Mux2|mux_joc:auto_generated|_~136             ; out0             ;
; |Q|dec3to8:inst1|lpm_mux:Mux2|mux_joc:auto_generated|_~137             ; |Q|dec3to8:inst1|lpm_mux:Mux2|mux_joc:auto_generated|_~137             ; out0             ;
; |Q|dec3to8:inst1|lpm_mux:Mux2|mux_joc:auto_generated|_~138             ; |Q|dec3to8:inst1|lpm_mux:Mux2|mux_joc:auto_generated|_~138             ; out0             ;
; |Q|dec3to8:inst1|lpm_mux:Mux2|mux_joc:auto_generated|_~139             ; |Q|dec3to8:inst1|lpm_mux:Mux2|mux_joc:auto_generated|_~139             ; out0             ;
; |Q|dec3to8:inst1|lpm_mux:Mux2|mux_joc:auto_generated|_~141             ; |Q|dec3to8:inst1|lpm_mux:Mux2|mux_joc:auto_generated|_~141             ; out0             ;
; |Q|dec3to8:inst1|lpm_mux:Mux2|mux_joc:auto_generated|_~142             ; |Q|dec3to8:inst1|lpm_mux:Mux2|mux_joc:auto_generated|_~142             ; out0             ;
; |Q|dec3to8:inst1|lpm_mux:Mux2|mux_joc:auto_generated|_~143             ; |Q|dec3to8:inst1|lpm_mux:Mux2|mux_joc:auto_generated|_~143             ; out0             ;
; |Q|dec3to8:inst1|lpm_mux:Mux2|mux_joc:auto_generated|result_node[0]~1  ; |Q|dec3to8:inst1|lpm_mux:Mux2|mux_joc:auto_generated|result_node[0]~1  ; out0             ;
; |Q|dec3to8:inst1|lpm_mux:Mux2|mux_joc:auto_generated|result_node[0]    ; |Q|dec3to8:inst1|lpm_mux:Mux2|mux_joc:auto_generated|result_node[0]    ; out0             ;
; |Q|dec3to8:inst1|lpm_mux:Mux1|mux_joc:auto_generated|_~1               ; |Q|dec3to8:inst1|lpm_mux:Mux1|mux_joc:auto_generated|_~1               ; out0             ;
; |Q|dec3to8:inst1|lpm_mux:Mux1|mux_joc:auto_generated|_~3               ; |Q|dec3to8:inst1|lpm_mux:Mux1|mux_joc:auto_generated|_~3               ; out0             ;
; |Q|dec3to8:inst1|lpm_mux:Mux1|mux_joc:auto_generated|_~5               ; |Q|dec3to8:inst1|lpm_mux:Mux1|mux_joc:auto_generated|_~5               ; out0             ;
; |Q|dec3to8:inst1|lpm_mux:Mux1|mux_joc:auto_generated|_~6               ; |Q|dec3to8:inst1|lpm_mux:Mux1|mux_joc:auto_generated|_~6               ; out0             ;
; |Q|dec3to8:inst1|lpm_mux:Mux1|mux_joc:auto_generated|_~7               ; |Q|dec3to8:inst1|lpm_mux:Mux1|mux_joc:auto_generated|_~7               ; out0             ;
; |Q|dec3to8:inst1|lpm_mux:Mux1|mux_joc:auto_generated|_~8               ; |Q|dec3to8:inst1|lpm_mux:Mux1|mux_joc:auto_generated|_~8               ; out0             ;
; |Q|dec3to8:inst1|lpm_mux:Mux1|mux_joc:auto_generated|_~10              ; |Q|dec3to8:inst1|lpm_mux:Mux1|mux_joc:auto_generated|_~10              ; out0             ;
; |Q|dec3to8:inst1|lpm_mux:Mux1|mux_joc:auto_generated|_~12              ; |Q|dec3to8:inst1|lpm_mux:Mux1|mux_joc:auto_generated|_~12              ; out0             ;
; |Q|dec3to8:inst1|lpm_mux:Mux1|mux_joc:auto_generated|_~14              ; |Q|dec3to8:inst1|lpm_mux:Mux1|mux_joc:auto_generated|_~14              ; out0             ;
; |Q|dec3to8:inst1|lpm_mux:Mux1|mux_joc:auto_generated|_~15              ; |Q|dec3to8:inst1|lpm_mux:Mux1|mux_joc:auto_generated|_~15              ; out0             ;
; |Q|dec3to8:inst1|lpm_mux:Mux1|mux_joc:auto_generated|_~16              ; |Q|dec3to8:inst1|lpm_mux:Mux1|mux_joc:auto_generated|_~16              ; out0             ;
; |Q|dec3to8:inst1|lpm_mux:Mux1|mux_joc:auto_generated|_~17              ; |Q|dec3to8:inst1|lpm_mux:Mux1|mux_joc:auto_generated|_~17              ; out0             ;
; |Q|dec3to8:inst1|lpm_mux:Mux1|mux_joc:auto_generated|_~18              ; |Q|dec3to8:inst1|lpm_mux:Mux1|mux_joc:auto_generated|_~18              ; out0             ;
; |Q|dec3to8:inst1|lpm_mux:Mux1|mux_joc:auto_generated|_~23              ; |Q|dec3to8:inst1|lpm_mux:Mux1|mux_joc:auto_generated|_~23              ; out0             ;
; |Q|dec3to8:inst1|lpm_mux:Mux1|mux_joc:auto_generated|_~25              ; |Q|dec3to8:inst1|lpm_mux:Mux1|mux_joc:auto_generated|_~25              ; out0             ;
; |Q|dec3to8:inst1|lpm_mux:Mux1|mux_joc:auto_generated|_~27              ; |Q|dec3to8:inst1|lpm_mux:Mux1|mux_joc:auto_generated|_~27              ; out0             ;
; |Q|dec3to8:inst1|lpm_mux:Mux1|mux_joc:auto_generated|_~28              ; |Q|dec3to8:inst1|lpm_mux:Mux1|mux_joc:auto_generated|_~28              ; out0             ;
; |Q|dec3to8:inst1|lpm_mux:Mux1|mux_joc:auto_generated|_~29              ; |Q|dec3to8:inst1|lpm_mux:Mux1|mux_joc:auto_generated|_~29              ; out0             ;
; |Q|dec3to8:inst1|lpm_mux:Mux1|mux_joc:auto_generated|_~30              ; |Q|dec3to8:inst1|lpm_mux:Mux1|mux_joc:auto_generated|_~30              ; out0             ;
; |Q|dec3to8:inst1|lpm_mux:Mux1|mux_joc:auto_generated|_~32              ; |Q|dec3to8:inst1|lpm_mux:Mux1|mux_joc:auto_generated|_~32              ; out0             ;
; |Q|dec3to8:inst1|lpm_mux:Mux1|mux_joc:auto_generated|_~34              ; |Q|dec3to8:inst1|lpm_mux:Mux1|mux_joc:auto_generated|_~34              ; out0             ;
; |Q|dec3to8:inst1|lpm_mux:Mux1|mux_joc:auto_generated|_~36              ; |Q|dec3to8:inst1|lpm_mux:Mux1|mux_joc:auto_generated|_~36              ; out0             ;
; |Q|dec3to8:inst1|lpm_mux:Mux1|mux_joc:auto_generated|_~37              ; |Q|dec3to8:inst1|lpm_mux:Mux1|mux_joc:auto_generated|_~37              ; out0             ;
; |Q|dec3to8:inst1|lpm_mux:Mux1|mux_joc:auto_generated|_~38              ; |Q|dec3to8:inst1|lpm_mux:Mux1|mux_joc:auto_generated|_~38              ; out0             ;
; |Q|dec3to8:inst1|lpm_mux:Mux1|mux_joc:auto_generated|_~39              ; |Q|dec3to8:inst1|lpm_mux:Mux1|mux_joc:auto_generated|_~39              ; out0             ;
; |Q|dec3to8:inst1|lpm_mux:Mux1|mux_joc:auto_generated|_~40              ; |Q|dec3to8:inst1|lpm_mux:Mux1|mux_joc:auto_generated|_~40              ; out0             ;
; |Q|dec3to8:inst1|lpm_mux:Mux1|mux_joc:auto_generated|_~45              ; |Q|dec3to8:inst1|lpm_mux:Mux1|mux_joc:auto_generated|_~45              ; out0             ;
; |Q|dec3to8:inst1|lpm_mux:Mux1|mux_joc:auto_generated|_~48              ; |Q|dec3to8:inst1|lpm_mux:Mux1|mux_joc:auto_generated|_~48              ; out0             ;
; |Q|dec3to8:inst1|lpm_mux:Mux1|mux_joc:auto_generated|_~50              ; |Q|dec3to8:inst1|lpm_mux:Mux1|mux_joc:auto_generated|_~50              ; out0             ;
; |Q|dec3to8:inst1|lpm_mux:Mux1|mux_joc:auto_generated|_~52              ; |Q|dec3to8:inst1|lpm_mux:Mux1|mux_joc:auto_generated|_~52              ; out0             ;
; |Q|dec3to8:inst1|lpm_mux:Mux1|mux_joc:auto_generated|_~53              ; |Q|dec3to8:inst1|lpm_mux:Mux1|mux_joc:auto_generated|_~53              ; out0             ;
; |Q|dec3to8:inst1|lpm_mux:Mux1|mux_joc:auto_generated|_~54              ; |Q|dec3to8:inst1|lpm_mux:Mux1|mux_joc:auto_generated|_~54              ; out0             ;
; |Q|dec3to8:inst1|lpm_mux:Mux1|mux_joc:auto_generated|_~55              ; |Q|dec3to8:inst1|lpm_mux:Mux1|mux_joc:auto_generated|_~55              ; out0             ;
; |Q|dec3to8:inst1|lpm_mux:Mux1|mux_joc:auto_generated|_~57              ; |Q|dec3to8:inst1|lpm_mux:Mux1|mux_joc:auto_generated|_~57              ; out0             ;
; |Q|dec3to8:inst1|lpm_mux:Mux1|mux_joc:auto_generated|_~59              ; |Q|dec3to8:inst1|lpm_mux:Mux1|mux_joc:auto_generated|_~59              ; out0             ;
; |Q|dec3to8:inst1|lpm_mux:Mux1|mux_joc:auto_generated|_~61              ; |Q|dec3to8:inst1|lpm_mux:Mux1|mux_joc:auto_generated|_~61              ; out0             ;
; |Q|dec3to8:inst1|lpm_mux:Mux1|mux_joc:auto_generated|_~62              ; |Q|dec3to8:inst1|lpm_mux:Mux1|mux_joc:auto_generated|_~62              ; out0             ;
; |Q|dec3to8:inst1|lpm_mux:Mux1|mux_joc:auto_generated|_~63              ; |Q|dec3to8:inst1|lpm_mux:Mux1|mux_joc:auto_generated|_~63              ; out0             ;
; |Q|dec3to8:inst1|lpm_mux:Mux1|mux_joc:auto_generated|_~64              ; |Q|dec3to8:inst1|lpm_mux:Mux1|mux_joc:auto_generated|_~64              ; out0             ;
; |Q|dec3to8:inst1|lpm_mux:Mux1|mux_joc:auto_generated|_~65              ; |Q|dec3to8:inst1|lpm_mux:Mux1|mux_joc:auto_generated|_~65              ; out0             ;
; |Q|dec3to8:inst1|lpm_mux:Mux1|mux_joc:auto_generated|_~68              ; |Q|dec3to8:inst1|lpm_mux:Mux1|mux_joc:auto_generated|_~68              ; out0             ;
; |Q|dec3to8:inst1|lpm_mux:Mux1|mux_joc:auto_generated|_~69              ; |Q|dec3to8:inst1|lpm_mux:Mux1|mux_joc:auto_generated|_~69              ; out0             ;
; |Q|dec3to8:inst1|lpm_mux:Mux1|mux_joc:auto_generated|_~70              ; |Q|dec3to8:inst1|lpm_mux:Mux1|mux_joc:auto_generated|_~70              ; out0             ;
; |Q|dec3to8:inst1|lpm_mux:Mux1|mux_joc:auto_generated|_~71              ; |Q|dec3to8:inst1|lpm_mux:Mux1|mux_joc:auto_generated|_~71              ; out0             ;
; |Q|dec3to8:inst1|lpm_mux:Mux1|mux_joc:auto_generated|_~73              ; |Q|dec3to8:inst1|lpm_mux:Mux1|mux_joc:auto_generated|_~73              ; out0             ;
; |Q|dec3to8:inst1|lpm_mux:Mux1|mux_joc:auto_generated|_~75              ; |Q|dec3to8:inst1|lpm_mux:Mux1|mux_joc:auto_generated|_~75              ; out0             ;
; |Q|dec3to8:inst1|lpm_mux:Mux1|mux_joc:auto_generated|_~77              ; |Q|dec3to8:inst1|lpm_mux:Mux1|mux_joc:auto_generated|_~77              ; out0             ;
; |Q|dec3to8:inst1|lpm_mux:Mux1|mux_joc:auto_generated|_~78              ; |Q|dec3to8:inst1|lpm_mux:Mux1|mux_joc:auto_generated|_~78              ; out0             ;
; |Q|dec3to8:inst1|lpm_mux:Mux1|mux_joc:auto_generated|_~79              ; |Q|dec3to8:inst1|lpm_mux:Mux1|mux_joc:auto_generated|_~79              ; out0             ;
; |Q|dec3to8:inst1|lpm_mux:Mux1|mux_joc:auto_generated|_~80              ; |Q|dec3to8:inst1|lpm_mux:Mux1|mux_joc:auto_generated|_~80              ; out0             ;
; |Q|dec3to8:inst1|lpm_mux:Mux1|mux_joc:auto_generated|_~82              ; |Q|dec3to8:inst1|lpm_mux:Mux1|mux_joc:auto_generated|_~82              ; out0             ;
; |Q|dec3to8:inst1|lpm_mux:Mux1|mux_joc:auto_generated|_~84              ; |Q|dec3to8:inst1|lpm_mux:Mux1|mux_joc:auto_generated|_~84              ; out0             ;
; |Q|dec3to8:inst1|lpm_mux:Mux1|mux_joc:auto_generated|_~86              ; |Q|dec3to8:inst1|lpm_mux:Mux1|mux_joc:auto_generated|_~86              ; out0             ;
; |Q|dec3to8:inst1|lpm_mux:Mux1|mux_joc:auto_generated|_~87              ; |Q|dec3to8:inst1|lpm_mux:Mux1|mux_joc:auto_generated|_~87              ; out0             ;
; |Q|dec3to8:inst1|lpm_mux:Mux1|mux_joc:auto_generated|_~88              ; |Q|dec3to8:inst1|lpm_mux:Mux1|mux_joc:auto_generated|_~88              ; out0             ;
; |Q|dec3to8:inst1|lpm_mux:Mux1|mux_joc:auto_generated|_~89              ; |Q|dec3to8:inst1|lpm_mux:Mux1|mux_joc:auto_generated|_~89              ; out0             ;
; |Q|dec3to8:inst1|lpm_mux:Mux1|mux_joc:auto_generated|_~90              ; |Q|dec3to8:inst1|lpm_mux:Mux1|mux_joc:auto_generated|_~90              ; out0             ;
; |Q|dec3to8:inst1|lpm_mux:Mux1|mux_joc:auto_generated|_~95              ; |Q|dec3to8:inst1|lpm_mux:Mux1|mux_joc:auto_generated|_~95              ; out0             ;
; |Q|dec3to8:inst1|lpm_mux:Mux1|mux_joc:auto_generated|_~98              ; |Q|dec3to8:inst1|lpm_mux:Mux1|mux_joc:auto_generated|_~98              ; out0             ;
; |Q|dec3to8:inst1|lpm_mux:Mux1|mux_joc:auto_generated|_~100             ; |Q|dec3to8:inst1|lpm_mux:Mux1|mux_joc:auto_generated|_~100             ; out0             ;
; |Q|dec3to8:inst1|lpm_mux:Mux1|mux_joc:auto_generated|_~102             ; |Q|dec3to8:inst1|lpm_mux:Mux1|mux_joc:auto_generated|_~102             ; out0             ;
; |Q|dec3to8:inst1|lpm_mux:Mux1|mux_joc:auto_generated|_~103             ; |Q|dec3to8:inst1|lpm_mux:Mux1|mux_joc:auto_generated|_~103             ; out0             ;
; |Q|dec3to8:inst1|lpm_mux:Mux1|mux_joc:auto_generated|_~104             ; |Q|dec3to8:inst1|lpm_mux:Mux1|mux_joc:auto_generated|_~104             ; out0             ;
; |Q|dec3to8:inst1|lpm_mux:Mux1|mux_joc:auto_generated|_~105             ; |Q|dec3to8:inst1|lpm_mux:Mux1|mux_joc:auto_generated|_~105             ; out0             ;
; |Q|dec3to8:inst1|lpm_mux:Mux1|mux_joc:auto_generated|_~107             ; |Q|dec3to8:inst1|lpm_mux:Mux1|mux_joc:auto_generated|_~107             ; out0             ;
; |Q|dec3to8:inst1|lpm_mux:Mux1|mux_joc:auto_generated|_~109             ; |Q|dec3to8:inst1|lpm_mux:Mux1|mux_joc:auto_generated|_~109             ; out0             ;
; |Q|dec3to8:inst1|lpm_mux:Mux1|mux_joc:auto_generated|_~111             ; |Q|dec3to8:inst1|lpm_mux:Mux1|mux_joc:auto_generated|_~111             ; out0             ;
; |Q|dec3to8:inst1|lpm_mux:Mux1|mux_joc:auto_generated|_~112             ; |Q|dec3to8:inst1|lpm_mux:Mux1|mux_joc:auto_generated|_~112             ; out0             ;
; |Q|dec3to8:inst1|lpm_mux:Mux1|mux_joc:auto_generated|_~113             ; |Q|dec3to8:inst1|lpm_mux:Mux1|mux_joc:auto_generated|_~113             ; out0             ;
; |Q|dec3to8:inst1|lpm_mux:Mux1|mux_joc:auto_generated|_~114             ; |Q|dec3to8:inst1|lpm_mux:Mux1|mux_joc:auto_generated|_~114             ; out0             ;
; |Q|dec3to8:inst1|lpm_mux:Mux1|mux_joc:auto_generated|_~115             ; |Q|dec3to8:inst1|lpm_mux:Mux1|mux_joc:auto_generated|_~115             ; out0             ;
; |Q|dec3to8:inst1|lpm_mux:Mux1|mux_joc:auto_generated|_~118             ; |Q|dec3to8:inst1|lpm_mux:Mux1|mux_joc:auto_generated|_~118             ; out0             ;
; |Q|dec3to8:inst1|lpm_mux:Mux1|mux_joc:auto_generated|_~119             ; |Q|dec3to8:inst1|lpm_mux:Mux1|mux_joc:auto_generated|_~119             ; out0             ;
; |Q|dec3to8:inst1|lpm_mux:Mux1|mux_joc:auto_generated|_~120             ; |Q|dec3to8:inst1|lpm_mux:Mux1|mux_joc:auto_generated|_~120             ; out0             ;
; |Q|dec3to8:inst1|lpm_mux:Mux1|mux_joc:auto_generated|_~122             ; |Q|dec3to8:inst1|lpm_mux:Mux1|mux_joc:auto_generated|_~122             ; out0             ;
; |Q|dec3to8:inst1|lpm_mux:Mux1|mux_joc:auto_generated|_~124             ; |Q|dec3to8:inst1|lpm_mux:Mux1|mux_joc:auto_generated|_~124             ; out0             ;
; |Q|dec3to8:inst1|lpm_mux:Mux1|mux_joc:auto_generated|_~127             ; |Q|dec3to8:inst1|lpm_mux:Mux1|mux_joc:auto_generated|_~127             ; out0             ;
; |Q|dec3to8:inst1|lpm_mux:Mux1|mux_joc:auto_generated|_~128             ; |Q|dec3to8:inst1|lpm_mux:Mux1|mux_joc:auto_generated|_~128             ; out0             ;
; |Q|dec3to8:inst1|lpm_mux:Mux1|mux_joc:auto_generated|_~129             ; |Q|dec3to8:inst1|lpm_mux:Mux1|mux_joc:auto_generated|_~129             ; out0             ;
; |Q|dec3to8:inst1|lpm_mux:Mux1|mux_joc:auto_generated|_~131             ; |Q|dec3to8:inst1|lpm_mux:Mux1|mux_joc:auto_generated|_~131             ; out0             ;
; |Q|dec3to8:inst1|lpm_mux:Mux1|mux_joc:auto_generated|_~133             ; |Q|dec3to8:inst1|lpm_mux:Mux1|mux_joc:auto_generated|_~133             ; out0             ;
; |Q|dec3to8:inst1|lpm_mux:Mux1|mux_joc:auto_generated|_~136             ; |Q|dec3to8:inst1|lpm_mux:Mux1|mux_joc:auto_generated|_~136             ; out0             ;
; |Q|dec3to8:inst1|lpm_mux:Mux1|mux_joc:auto_generated|_~137             ; |Q|dec3to8:inst1|lpm_mux:Mux1|mux_joc:auto_generated|_~137             ; out0             ;
; |Q|dec3to8:inst1|lpm_mux:Mux1|mux_joc:auto_generated|_~138             ; |Q|dec3to8:inst1|lpm_mux:Mux1|mux_joc:auto_generated|_~138             ; out0             ;
; |Q|dec3to8:inst1|lpm_mux:Mux1|mux_joc:auto_generated|_~139             ; |Q|dec3to8:inst1|lpm_mux:Mux1|mux_joc:auto_generated|_~139             ; out0             ;
; |Q|dec3to8:inst1|lpm_mux:Mux1|mux_joc:auto_generated|_~140             ; |Q|dec3to8:inst1|lpm_mux:Mux1|mux_joc:auto_generated|_~140             ; out0             ;
; |Q|dec3to8:inst1|lpm_mux:Mux1|mux_joc:auto_generated|_~141             ; |Q|dec3to8:inst1|lpm_mux:Mux1|mux_joc:auto_generated|_~141             ; out0             ;
; |Q|dec3to8:inst1|lpm_mux:Mux1|mux_joc:auto_generated|_~142             ; |Q|dec3to8:inst1|lpm_mux:Mux1|mux_joc:auto_generated|_~142             ; out0             ;
; |Q|dec3to8:inst1|lpm_mux:Mux1|mux_joc:auto_generated|_~143             ; |Q|dec3to8:inst1|lpm_mux:Mux1|mux_joc:auto_generated|_~143             ; out0             ;
; |Q|dec3to8:inst1|lpm_mux:Mux1|mux_joc:auto_generated|result_node[0]~1  ; |Q|dec3to8:inst1|lpm_mux:Mux1|mux_joc:auto_generated|result_node[0]~1  ; out0             ;
; |Q|dec3to8:inst1|lpm_mux:Mux1|mux_joc:auto_generated|result_node[0]    ; |Q|dec3to8:inst1|lpm_mux:Mux1|mux_joc:auto_generated|result_node[0]    ; out0             ;
; |Q|dec3to8:inst1|lpm_mux:Mux0|mux_joc:auto_generated|_~1               ; |Q|dec3to8:inst1|lpm_mux:Mux0|mux_joc:auto_generated|_~1               ; out0             ;
; |Q|dec3to8:inst1|lpm_mux:Mux0|mux_joc:auto_generated|_~3               ; |Q|dec3to8:inst1|lpm_mux:Mux0|mux_joc:auto_generated|_~3               ; out0             ;
; |Q|dec3to8:inst1|lpm_mux:Mux0|mux_joc:auto_generated|_~5               ; |Q|dec3to8:inst1|lpm_mux:Mux0|mux_joc:auto_generated|_~5               ; out0             ;
; |Q|dec3to8:inst1|lpm_mux:Mux0|mux_joc:auto_generated|_~6               ; |Q|dec3to8:inst1|lpm_mux:Mux0|mux_joc:auto_generated|_~6               ; out0             ;
; |Q|dec3to8:inst1|lpm_mux:Mux0|mux_joc:auto_generated|_~7               ; |Q|dec3to8:inst1|lpm_mux:Mux0|mux_joc:auto_generated|_~7               ; out0             ;
; |Q|dec3to8:inst1|lpm_mux:Mux0|mux_joc:auto_generated|_~8               ; |Q|dec3to8:inst1|lpm_mux:Mux0|mux_joc:auto_generated|_~8               ; out0             ;
; |Q|dec3to8:inst1|lpm_mux:Mux0|mux_joc:auto_generated|_~10              ; |Q|dec3to8:inst1|lpm_mux:Mux0|mux_joc:auto_generated|_~10              ; out0             ;
; |Q|dec3to8:inst1|lpm_mux:Mux0|mux_joc:auto_generated|_~12              ; |Q|dec3to8:inst1|lpm_mux:Mux0|mux_joc:auto_generated|_~12              ; out0             ;
; |Q|dec3to8:inst1|lpm_mux:Mux0|mux_joc:auto_generated|_~14              ; |Q|dec3to8:inst1|lpm_mux:Mux0|mux_joc:auto_generated|_~14              ; out0             ;
; |Q|dec3to8:inst1|lpm_mux:Mux0|mux_joc:auto_generated|_~15              ; |Q|dec3to8:inst1|lpm_mux:Mux0|mux_joc:auto_generated|_~15              ; out0             ;
; |Q|dec3to8:inst1|lpm_mux:Mux0|mux_joc:auto_generated|_~16              ; |Q|dec3to8:inst1|lpm_mux:Mux0|mux_joc:auto_generated|_~16              ; out0             ;
; |Q|dec3to8:inst1|lpm_mux:Mux0|mux_joc:auto_generated|_~17              ; |Q|dec3to8:inst1|lpm_mux:Mux0|mux_joc:auto_generated|_~17              ; out0             ;
; |Q|dec3to8:inst1|lpm_mux:Mux0|mux_joc:auto_generated|_~18              ; |Q|dec3to8:inst1|lpm_mux:Mux0|mux_joc:auto_generated|_~18              ; out0             ;
; |Q|dec3to8:inst1|lpm_mux:Mux0|mux_joc:auto_generated|_~23              ; |Q|dec3to8:inst1|lpm_mux:Mux0|mux_joc:auto_generated|_~23              ; out0             ;
; |Q|dec3to8:inst1|lpm_mux:Mux0|mux_joc:auto_generated|_~25              ; |Q|dec3to8:inst1|lpm_mux:Mux0|mux_joc:auto_generated|_~25              ; out0             ;
; |Q|dec3to8:inst1|lpm_mux:Mux0|mux_joc:auto_generated|_~27              ; |Q|dec3to8:inst1|lpm_mux:Mux0|mux_joc:auto_generated|_~27              ; out0             ;
; |Q|dec3to8:inst1|lpm_mux:Mux0|mux_joc:auto_generated|_~28              ; |Q|dec3to8:inst1|lpm_mux:Mux0|mux_joc:auto_generated|_~28              ; out0             ;
; |Q|dec3to8:inst1|lpm_mux:Mux0|mux_joc:auto_generated|_~29              ; |Q|dec3to8:inst1|lpm_mux:Mux0|mux_joc:auto_generated|_~29              ; out0             ;
; |Q|dec3to8:inst1|lpm_mux:Mux0|mux_joc:auto_generated|_~30              ; |Q|dec3to8:inst1|lpm_mux:Mux0|mux_joc:auto_generated|_~30              ; out0             ;
; |Q|dec3to8:inst1|lpm_mux:Mux0|mux_joc:auto_generated|_~32              ; |Q|dec3to8:inst1|lpm_mux:Mux0|mux_joc:auto_generated|_~32              ; out0             ;
; |Q|dec3to8:inst1|lpm_mux:Mux0|mux_joc:auto_generated|_~34              ; |Q|dec3to8:inst1|lpm_mux:Mux0|mux_joc:auto_generated|_~34              ; out0             ;
; |Q|dec3to8:inst1|lpm_mux:Mux0|mux_joc:auto_generated|_~36              ; |Q|dec3to8:inst1|lpm_mux:Mux0|mux_joc:auto_generated|_~36              ; out0             ;
; |Q|dec3to8:inst1|lpm_mux:Mux0|mux_joc:auto_generated|_~37              ; |Q|dec3to8:inst1|lpm_mux:Mux0|mux_joc:auto_generated|_~37              ; out0             ;
; |Q|dec3to8:inst1|lpm_mux:Mux0|mux_joc:auto_generated|_~38              ; |Q|dec3to8:inst1|lpm_mux:Mux0|mux_joc:auto_generated|_~38              ; out0             ;
; |Q|dec3to8:inst1|lpm_mux:Mux0|mux_joc:auto_generated|_~39              ; |Q|dec3to8:inst1|lpm_mux:Mux0|mux_joc:auto_generated|_~39              ; out0             ;
; |Q|dec3to8:inst1|lpm_mux:Mux0|mux_joc:auto_generated|_~40              ; |Q|dec3to8:inst1|lpm_mux:Mux0|mux_joc:auto_generated|_~40              ; out0             ;
; |Q|dec3to8:inst1|lpm_mux:Mux0|mux_joc:auto_generated|_~45              ; |Q|dec3to8:inst1|lpm_mux:Mux0|mux_joc:auto_generated|_~45              ; out0             ;
; |Q|dec3to8:inst1|lpm_mux:Mux0|mux_joc:auto_generated|_~48              ; |Q|dec3to8:inst1|lpm_mux:Mux0|mux_joc:auto_generated|_~48              ; out0             ;
; |Q|dec3to8:inst1|lpm_mux:Mux0|mux_joc:auto_generated|_~50              ; |Q|dec3to8:inst1|lpm_mux:Mux0|mux_joc:auto_generated|_~50              ; out0             ;
; |Q|dec3to8:inst1|lpm_mux:Mux0|mux_joc:auto_generated|_~52              ; |Q|dec3to8:inst1|lpm_mux:Mux0|mux_joc:auto_generated|_~52              ; out0             ;
; |Q|dec3to8:inst1|lpm_mux:Mux0|mux_joc:auto_generated|_~53              ; |Q|dec3to8:inst1|lpm_mux:Mux0|mux_joc:auto_generated|_~53              ; out0             ;
; |Q|dec3to8:inst1|lpm_mux:Mux0|mux_joc:auto_generated|_~54              ; |Q|dec3to8:inst1|lpm_mux:Mux0|mux_joc:auto_generated|_~54              ; out0             ;
; |Q|dec3to8:inst1|lpm_mux:Mux0|mux_joc:auto_generated|_~55              ; |Q|dec3to8:inst1|lpm_mux:Mux0|mux_joc:auto_generated|_~55              ; out0             ;
; |Q|dec3to8:inst1|lpm_mux:Mux0|mux_joc:auto_generated|_~57              ; |Q|dec3to8:inst1|lpm_mux:Mux0|mux_joc:auto_generated|_~57              ; out0             ;
; |Q|dec3to8:inst1|lpm_mux:Mux0|mux_joc:auto_generated|_~59              ; |Q|dec3to8:inst1|lpm_mux:Mux0|mux_joc:auto_generated|_~59              ; out0             ;
; |Q|dec3to8:inst1|lpm_mux:Mux0|mux_joc:auto_generated|_~61              ; |Q|dec3to8:inst1|lpm_mux:Mux0|mux_joc:auto_generated|_~61              ; out0             ;
; |Q|dec3to8:inst1|lpm_mux:Mux0|mux_joc:auto_generated|_~62              ; |Q|dec3to8:inst1|lpm_mux:Mux0|mux_joc:auto_generated|_~62              ; out0             ;
; |Q|dec3to8:inst1|lpm_mux:Mux0|mux_joc:auto_generated|_~63              ; |Q|dec3to8:inst1|lpm_mux:Mux0|mux_joc:auto_generated|_~63              ; out0             ;
; |Q|dec3to8:inst1|lpm_mux:Mux0|mux_joc:auto_generated|_~64              ; |Q|dec3to8:inst1|lpm_mux:Mux0|mux_joc:auto_generated|_~64              ; out0             ;
; |Q|dec3to8:inst1|lpm_mux:Mux0|mux_joc:auto_generated|_~65              ; |Q|dec3to8:inst1|lpm_mux:Mux0|mux_joc:auto_generated|_~65              ; out0             ;
; |Q|dec3to8:inst1|lpm_mux:Mux0|mux_joc:auto_generated|_~68              ; |Q|dec3to8:inst1|lpm_mux:Mux0|mux_joc:auto_generated|_~68              ; out0             ;
; |Q|dec3to8:inst1|lpm_mux:Mux0|mux_joc:auto_generated|_~69              ; |Q|dec3to8:inst1|lpm_mux:Mux0|mux_joc:auto_generated|_~69              ; out0             ;
; |Q|dec3to8:inst1|lpm_mux:Mux0|mux_joc:auto_generated|_~70              ; |Q|dec3to8:inst1|lpm_mux:Mux0|mux_joc:auto_generated|_~70              ; out0             ;
; |Q|dec3to8:inst1|lpm_mux:Mux0|mux_joc:auto_generated|_~71              ; |Q|dec3to8:inst1|lpm_mux:Mux0|mux_joc:auto_generated|_~71              ; out0             ;
; |Q|dec3to8:inst1|lpm_mux:Mux0|mux_joc:auto_generated|_~73              ; |Q|dec3to8:inst1|lpm_mux:Mux0|mux_joc:auto_generated|_~73              ; out0             ;
; |Q|dec3to8:inst1|lpm_mux:Mux0|mux_joc:auto_generated|_~75              ; |Q|dec3to8:inst1|lpm_mux:Mux0|mux_joc:auto_generated|_~75              ; out0             ;
; |Q|dec3to8:inst1|lpm_mux:Mux0|mux_joc:auto_generated|_~77              ; |Q|dec3to8:inst1|lpm_mux:Mux0|mux_joc:auto_generated|_~77              ; out0             ;
; |Q|dec3to8:inst1|lpm_mux:Mux0|mux_joc:auto_generated|_~78              ; |Q|dec3to8:inst1|lpm_mux:Mux0|mux_joc:auto_generated|_~78              ; out0             ;
; |Q|dec3to8:inst1|lpm_mux:Mux0|mux_joc:auto_generated|_~79              ; |Q|dec3to8:inst1|lpm_mux:Mux0|mux_joc:auto_generated|_~79              ; out0             ;
; |Q|dec3to8:inst1|lpm_mux:Mux0|mux_joc:auto_generated|_~80              ; |Q|dec3to8:inst1|lpm_mux:Mux0|mux_joc:auto_generated|_~80              ; out0             ;
; |Q|dec3to8:inst1|lpm_mux:Mux0|mux_joc:auto_generated|_~82              ; |Q|dec3to8:inst1|lpm_mux:Mux0|mux_joc:auto_generated|_~82              ; out0             ;
; |Q|dec3to8:inst1|lpm_mux:Mux0|mux_joc:auto_generated|_~84              ; |Q|dec3to8:inst1|lpm_mux:Mux0|mux_joc:auto_generated|_~84              ; out0             ;
; |Q|dec3to8:inst1|lpm_mux:Mux0|mux_joc:auto_generated|_~86              ; |Q|dec3to8:inst1|lpm_mux:Mux0|mux_joc:auto_generated|_~86              ; out0             ;
; |Q|dec3to8:inst1|lpm_mux:Mux0|mux_joc:auto_generated|_~87              ; |Q|dec3to8:inst1|lpm_mux:Mux0|mux_joc:auto_generated|_~87              ; out0             ;
; |Q|dec3to8:inst1|lpm_mux:Mux0|mux_joc:auto_generated|_~88              ; |Q|dec3to8:inst1|lpm_mux:Mux0|mux_joc:auto_generated|_~88              ; out0             ;
; |Q|dec3to8:inst1|lpm_mux:Mux0|mux_joc:auto_generated|_~89              ; |Q|dec3to8:inst1|lpm_mux:Mux0|mux_joc:auto_generated|_~89              ; out0             ;
; |Q|dec3to8:inst1|lpm_mux:Mux0|mux_joc:auto_generated|_~90              ; |Q|dec3to8:inst1|lpm_mux:Mux0|mux_joc:auto_generated|_~90              ; out0             ;
; |Q|dec3to8:inst1|lpm_mux:Mux0|mux_joc:auto_generated|_~95              ; |Q|dec3to8:inst1|lpm_mux:Mux0|mux_joc:auto_generated|_~95              ; out0             ;
; |Q|dec3to8:inst1|lpm_mux:Mux0|mux_joc:auto_generated|_~98              ; |Q|dec3to8:inst1|lpm_mux:Mux0|mux_joc:auto_generated|_~98              ; out0             ;
; |Q|dec3to8:inst1|lpm_mux:Mux0|mux_joc:auto_generated|_~100             ; |Q|dec3to8:inst1|lpm_mux:Mux0|mux_joc:auto_generated|_~100             ; out0             ;
; |Q|dec3to8:inst1|lpm_mux:Mux0|mux_joc:auto_generated|_~102             ; |Q|dec3to8:inst1|lpm_mux:Mux0|mux_joc:auto_generated|_~102             ; out0             ;
; |Q|dec3to8:inst1|lpm_mux:Mux0|mux_joc:auto_generated|_~103             ; |Q|dec3to8:inst1|lpm_mux:Mux0|mux_joc:auto_generated|_~103             ; out0             ;
; |Q|dec3to8:inst1|lpm_mux:Mux0|mux_joc:auto_generated|_~104             ; |Q|dec3to8:inst1|lpm_mux:Mux0|mux_joc:auto_generated|_~104             ; out0             ;
; |Q|dec3to8:inst1|lpm_mux:Mux0|mux_joc:auto_generated|_~105             ; |Q|dec3to8:inst1|lpm_mux:Mux0|mux_joc:auto_generated|_~105             ; out0             ;
; |Q|dec3to8:inst1|lpm_mux:Mux0|mux_joc:auto_generated|_~107             ; |Q|dec3to8:inst1|lpm_mux:Mux0|mux_joc:auto_generated|_~107             ; out0             ;
; |Q|dec3to8:inst1|lpm_mux:Mux0|mux_joc:auto_generated|_~109             ; |Q|dec3to8:inst1|lpm_mux:Mux0|mux_joc:auto_generated|_~109             ; out0             ;
; |Q|dec3to8:inst1|lpm_mux:Mux0|mux_joc:auto_generated|_~111             ; |Q|dec3to8:inst1|lpm_mux:Mux0|mux_joc:auto_generated|_~111             ; out0             ;
; |Q|dec3to8:inst1|lpm_mux:Mux0|mux_joc:auto_generated|_~112             ; |Q|dec3to8:inst1|lpm_mux:Mux0|mux_joc:auto_generated|_~112             ; out0             ;
; |Q|dec3to8:inst1|lpm_mux:Mux0|mux_joc:auto_generated|_~113             ; |Q|dec3to8:inst1|lpm_mux:Mux0|mux_joc:auto_generated|_~113             ; out0             ;
; |Q|dec3to8:inst1|lpm_mux:Mux0|mux_joc:auto_generated|_~114             ; |Q|dec3to8:inst1|lpm_mux:Mux0|mux_joc:auto_generated|_~114             ; out0             ;
; |Q|dec3to8:inst1|lpm_mux:Mux0|mux_joc:auto_generated|_~115             ; |Q|dec3to8:inst1|lpm_mux:Mux0|mux_joc:auto_generated|_~115             ; out0             ;
; |Q|dec3to8:inst1|lpm_mux:Mux0|mux_joc:auto_generated|_~118             ; |Q|dec3to8:inst1|lpm_mux:Mux0|mux_joc:auto_generated|_~118             ; out0             ;
; |Q|dec3to8:inst1|lpm_mux:Mux0|mux_joc:auto_generated|_~119             ; |Q|dec3to8:inst1|lpm_mux:Mux0|mux_joc:auto_generated|_~119             ; out0             ;
; |Q|dec3to8:inst1|lpm_mux:Mux0|mux_joc:auto_generated|_~120             ; |Q|dec3to8:inst1|lpm_mux:Mux0|mux_joc:auto_generated|_~120             ; out0             ;
; |Q|dec3to8:inst1|lpm_mux:Mux0|mux_joc:auto_generated|_~122             ; |Q|dec3to8:inst1|lpm_mux:Mux0|mux_joc:auto_generated|_~122             ; out0             ;
; |Q|dec3to8:inst1|lpm_mux:Mux0|mux_joc:auto_generated|_~124             ; |Q|dec3to8:inst1|lpm_mux:Mux0|mux_joc:auto_generated|_~124             ; out0             ;
; |Q|dec3to8:inst1|lpm_mux:Mux0|mux_joc:auto_generated|_~126             ; |Q|dec3to8:inst1|lpm_mux:Mux0|mux_joc:auto_generated|_~126             ; out0             ;
; |Q|dec3to8:inst1|lpm_mux:Mux0|mux_joc:auto_generated|_~127             ; |Q|dec3to8:inst1|lpm_mux:Mux0|mux_joc:auto_generated|_~127             ; out0             ;
; |Q|dec3to8:inst1|lpm_mux:Mux0|mux_joc:auto_generated|_~128             ; |Q|dec3to8:inst1|lpm_mux:Mux0|mux_joc:auto_generated|_~128             ; out0             ;
; |Q|dec3to8:inst1|lpm_mux:Mux0|mux_joc:auto_generated|_~129             ; |Q|dec3to8:inst1|lpm_mux:Mux0|mux_joc:auto_generated|_~129             ; out0             ;
; |Q|dec3to8:inst1|lpm_mux:Mux0|mux_joc:auto_generated|_~131             ; |Q|dec3to8:inst1|lpm_mux:Mux0|mux_joc:auto_generated|_~131             ; out0             ;
; |Q|dec3to8:inst1|lpm_mux:Mux0|mux_joc:auto_generated|_~133             ; |Q|dec3to8:inst1|lpm_mux:Mux0|mux_joc:auto_generated|_~133             ; out0             ;
; |Q|dec3to8:inst1|lpm_mux:Mux0|mux_joc:auto_generated|_~135             ; |Q|dec3to8:inst1|lpm_mux:Mux0|mux_joc:auto_generated|_~135             ; out0             ;
; |Q|dec3to8:inst1|lpm_mux:Mux0|mux_joc:auto_generated|_~136             ; |Q|dec3to8:inst1|lpm_mux:Mux0|mux_joc:auto_generated|_~136             ; out0             ;
; |Q|dec3to8:inst1|lpm_mux:Mux0|mux_joc:auto_generated|_~137             ; |Q|dec3to8:inst1|lpm_mux:Mux0|mux_joc:auto_generated|_~137             ; out0             ;
; |Q|dec3to8:inst1|lpm_mux:Mux0|mux_joc:auto_generated|_~138             ; |Q|dec3to8:inst1|lpm_mux:Mux0|mux_joc:auto_generated|_~138             ; out0             ;
; |Q|dec3to8:inst1|lpm_mux:Mux0|mux_joc:auto_generated|_~140             ; |Q|dec3to8:inst1|lpm_mux:Mux0|mux_joc:auto_generated|_~140             ; out0             ;
; |Q|dec3to8:inst1|lpm_mux:Mux0|mux_joc:auto_generated|_~141             ; |Q|dec3to8:inst1|lpm_mux:Mux0|mux_joc:auto_generated|_~141             ; out0             ;
; |Q|dec3to8:inst1|lpm_mux:Mux0|mux_joc:auto_generated|_~142             ; |Q|dec3to8:inst1|lpm_mux:Mux0|mux_joc:auto_generated|_~142             ; out0             ;
; |Q|dec3to8:inst1|lpm_mux:Mux0|mux_joc:auto_generated|_~143             ; |Q|dec3to8:inst1|lpm_mux:Mux0|mux_joc:auto_generated|_~143             ; out0             ;
; |Q|dec3to8:inst1|lpm_mux:Mux0|mux_joc:auto_generated|result_node[0]~1  ; |Q|dec3to8:inst1|lpm_mux:Mux0|mux_joc:auto_generated|result_node[0]~1  ; out0             ;
; |Q|dec3to8:inst1|lpm_mux:Mux0|mux_joc:auto_generated|result_node[0]    ; |Q|dec3to8:inst1|lpm_mux:Mux0|mux_joc:auto_generated|result_node[0]    ; out0             ;
; |Q|ALU_unit3:inst|lpm_mux:Mux0|mux_aqc:auto_generated|_~1              ; |Q|ALU_unit3:inst|lpm_mux:Mux0|mux_aqc:auto_generated|_~1              ; out0             ;
; |Q|ALU_unit3:inst|lpm_mux:Mux0|mux_aqc:auto_generated|_~3              ; |Q|ALU_unit3:inst|lpm_mux:Mux0|mux_aqc:auto_generated|_~3              ; out0             ;
; |Q|ALU_unit3:inst|lpm_mux:Mux0|mux_aqc:auto_generated|_~5              ; |Q|ALU_unit3:inst|lpm_mux:Mux0|mux_aqc:auto_generated|_~5              ; out0             ;
; |Q|ALU_unit3:inst|lpm_mux:Mux0|mux_aqc:auto_generated|_~10             ; |Q|ALU_unit3:inst|lpm_mux:Mux0|mux_aqc:auto_generated|_~10             ; out0             ;
; |Q|ALU_unit3:inst|lpm_mux:Mux0|mux_aqc:auto_generated|_~12             ; |Q|ALU_unit3:inst|lpm_mux:Mux0|mux_aqc:auto_generated|_~12             ; out0             ;
; |Q|ALU_unit3:inst|lpm_mux:Mux0|mux_aqc:auto_generated|_~14             ; |Q|ALU_unit3:inst|lpm_mux:Mux0|mux_aqc:auto_generated|_~14             ; out0             ;
; |Q|ALU_unit3:inst|lpm_mux:Mux0|mux_aqc:auto_generated|_~17             ; |Q|ALU_unit3:inst|lpm_mux:Mux0|mux_aqc:auto_generated|_~17             ; out0             ;
; |Q|ALU_unit3:inst|lpm_mux:Mux0|mux_aqc:auto_generated|_~18             ; |Q|ALU_unit3:inst|lpm_mux:Mux0|mux_aqc:auto_generated|_~18             ; out0             ;
; |Q|ALU_unit3:inst|lpm_mux:Mux0|mux_aqc:auto_generated|_~23             ; |Q|ALU_unit3:inst|lpm_mux:Mux0|mux_aqc:auto_generated|_~23             ; out0             ;
; |Q|ALU_unit3:inst|lpm_mux:Mux0|mux_aqc:auto_generated|_~25             ; |Q|ALU_unit3:inst|lpm_mux:Mux0|mux_aqc:auto_generated|_~25             ; out0             ;
; |Q|ALU_unit3:inst|lpm_mux:Mux0|mux_aqc:auto_generated|_~27             ; |Q|ALU_unit3:inst|lpm_mux:Mux0|mux_aqc:auto_generated|_~27             ; out0             ;
; |Q|ALU_unit3:inst|lpm_mux:Mux0|mux_aqc:auto_generated|_~32             ; |Q|ALU_unit3:inst|lpm_mux:Mux0|mux_aqc:auto_generated|_~32             ; out0             ;
; |Q|ALU_unit3:inst|lpm_mux:Mux0|mux_aqc:auto_generated|_~34             ; |Q|ALU_unit3:inst|lpm_mux:Mux0|mux_aqc:auto_generated|_~34             ; out0             ;
; |Q|ALU_unit3:inst|lpm_mux:Mux0|mux_aqc:auto_generated|_~36             ; |Q|ALU_unit3:inst|lpm_mux:Mux0|mux_aqc:auto_generated|_~36             ; out0             ;
; |Q|ALU_unit3:inst|lpm_mux:Mux0|mux_aqc:auto_generated|_~39             ; |Q|ALU_unit3:inst|lpm_mux:Mux0|mux_aqc:auto_generated|_~39             ; out0             ;
; |Q|ALU_unit3:inst|lpm_mux:Mux0|mux_aqc:auto_generated|_~40             ; |Q|ALU_unit3:inst|lpm_mux:Mux0|mux_aqc:auto_generated|_~40             ; out0             ;
; |Q|ALU_unit3:inst|lpm_mux:Mux0|mux_aqc:auto_generated|_~43             ; |Q|ALU_unit3:inst|lpm_mux:Mux0|mux_aqc:auto_generated|_~43             ; out0             ;
; |Q|ALU_unit3:inst|lpm_mux:Mux0|mux_aqc:auto_generated|_~45             ; |Q|ALU_unit3:inst|lpm_mux:Mux0|mux_aqc:auto_generated|_~45             ; out0             ;
; |Q|ALU_unit3:inst|lpm_mux:Mux0|mux_aqc:auto_generated|_~48             ; |Q|ALU_unit3:inst|lpm_mux:Mux0|mux_aqc:auto_generated|_~48             ; out0             ;
; |Q|ALU_unit3:inst|lpm_mux:Mux0|mux_aqc:auto_generated|_~50             ; |Q|ALU_unit3:inst|lpm_mux:Mux0|mux_aqc:auto_generated|_~50             ; out0             ;
; |Q|ALU_unit3:inst|lpm_mux:Mux0|mux_aqc:auto_generated|_~52             ; |Q|ALU_unit3:inst|lpm_mux:Mux0|mux_aqc:auto_generated|_~52             ; out0             ;
; |Q|ALU_unit3:inst|lpm_mux:Mux0|mux_aqc:auto_generated|_~57             ; |Q|ALU_unit3:inst|lpm_mux:Mux0|mux_aqc:auto_generated|_~57             ; out0             ;
; |Q|ALU_unit3:inst|lpm_mux:Mux0|mux_aqc:auto_generated|_~59             ; |Q|ALU_unit3:inst|lpm_mux:Mux0|mux_aqc:auto_generated|_~59             ; out0             ;
; |Q|ALU_unit3:inst|lpm_mux:Mux0|mux_aqc:auto_generated|_~61             ; |Q|ALU_unit3:inst|lpm_mux:Mux0|mux_aqc:auto_generated|_~61             ; out0             ;
; |Q|ALU_unit3:inst|lpm_mux:Mux0|mux_aqc:auto_generated|_~64             ; |Q|ALU_unit3:inst|lpm_mux:Mux0|mux_aqc:auto_generated|_~64             ; out0             ;
; |Q|ALU_unit3:inst|lpm_mux:Mux0|mux_aqc:auto_generated|_~65             ; |Q|ALU_unit3:inst|lpm_mux:Mux0|mux_aqc:auto_generated|_~65             ; out0             ;
; |Q|ALU_unit3:inst|lpm_mux:Mux0|mux_aqc:auto_generated|_~68             ; |Q|ALU_unit3:inst|lpm_mux:Mux0|mux_aqc:auto_generated|_~68             ; out0             ;
; |Q|ALU_unit3:inst|lpm_mux:Mux0|mux_aqc:auto_generated|_~74             ; |Q|ALU_unit3:inst|lpm_mux:Mux0|mux_aqc:auto_generated|_~74             ; out0             ;
; |Q|ALU_unit3:inst|lpm_mux:Mux0|mux_aqc:auto_generated|_~76             ; |Q|ALU_unit3:inst|lpm_mux:Mux0|mux_aqc:auto_generated|_~76             ; out0             ;
; |Q|ALU_unit3:inst|lpm_mux:Mux0|mux_aqc:auto_generated|_~78             ; |Q|ALU_unit3:inst|lpm_mux:Mux0|mux_aqc:auto_generated|_~78             ; out0             ;
; |Q|ALU_unit3:inst|lpm_mux:Mux0|mux_aqc:auto_generated|_~83             ; |Q|ALU_unit3:inst|lpm_mux:Mux0|mux_aqc:auto_generated|_~83             ; out0             ;
; |Q|ALU_unit3:inst|lpm_mux:Mux0|mux_aqc:auto_generated|_~85             ; |Q|ALU_unit3:inst|lpm_mux:Mux0|mux_aqc:auto_generated|_~85             ; out0             ;
; |Q|ALU_unit3:inst|lpm_mux:Mux0|mux_aqc:auto_generated|_~87             ; |Q|ALU_unit3:inst|lpm_mux:Mux0|mux_aqc:auto_generated|_~87             ; out0             ;
; |Q|ALU_unit3:inst|lpm_mux:Mux0|mux_aqc:auto_generated|_~90             ; |Q|ALU_unit3:inst|lpm_mux:Mux0|mux_aqc:auto_generated|_~90             ; out0             ;
; |Q|ALU_unit3:inst|lpm_mux:Mux0|mux_aqc:auto_generated|_~91             ; |Q|ALU_unit3:inst|lpm_mux:Mux0|mux_aqc:auto_generated|_~91             ; out0             ;
; |Q|ALU_unit3:inst|lpm_mux:Mux0|mux_aqc:auto_generated|_~94             ; |Q|ALU_unit3:inst|lpm_mux:Mux0|mux_aqc:auto_generated|_~94             ; out0             ;
; |Q|ALU_unit3:inst|lpm_mux:Mux0|mux_aqc:auto_generated|_~96             ; |Q|ALU_unit3:inst|lpm_mux:Mux0|mux_aqc:auto_generated|_~96             ; out0             ;
; |Q|ALU_unit3:inst|lpm_mux:Mux0|mux_aqc:auto_generated|_~99             ; |Q|ALU_unit3:inst|lpm_mux:Mux0|mux_aqc:auto_generated|_~99             ; out0             ;
; |Q|ALU_unit3:inst|lpm_mux:Mux0|mux_aqc:auto_generated|_~101            ; |Q|ALU_unit3:inst|lpm_mux:Mux0|mux_aqc:auto_generated|_~101            ; out0             ;
; |Q|ALU_unit3:inst|lpm_mux:Mux0|mux_aqc:auto_generated|_~103            ; |Q|ALU_unit3:inst|lpm_mux:Mux0|mux_aqc:auto_generated|_~103            ; out0             ;
; |Q|ALU_unit3:inst|lpm_mux:Mux0|mux_aqc:auto_generated|_~108            ; |Q|ALU_unit3:inst|lpm_mux:Mux0|mux_aqc:auto_generated|_~108            ; out0             ;
; |Q|ALU_unit3:inst|lpm_mux:Mux0|mux_aqc:auto_generated|_~110            ; |Q|ALU_unit3:inst|lpm_mux:Mux0|mux_aqc:auto_generated|_~110            ; out0             ;
; |Q|ALU_unit3:inst|lpm_mux:Mux0|mux_aqc:auto_generated|_~112            ; |Q|ALU_unit3:inst|lpm_mux:Mux0|mux_aqc:auto_generated|_~112            ; out0             ;
; |Q|ALU_unit3:inst|lpm_mux:Mux0|mux_aqc:auto_generated|_~115            ; |Q|ALU_unit3:inst|lpm_mux:Mux0|mux_aqc:auto_generated|_~115            ; out0             ;
; |Q|ALU_unit3:inst|lpm_mux:Mux0|mux_aqc:auto_generated|_~116            ; |Q|ALU_unit3:inst|lpm_mux:Mux0|mux_aqc:auto_generated|_~116            ; out0             ;
; |Q|ALU_unit3:inst|lpm_mux:Mux0|mux_aqc:auto_generated|_~119            ; |Q|ALU_unit3:inst|lpm_mux:Mux0|mux_aqc:auto_generated|_~119            ; out0             ;
; |Q|ALU_unit3:inst|lpm_mux:Mux0|mux_aqc:auto_generated|_~123            ; |Q|ALU_unit3:inst|lpm_mux:Mux0|mux_aqc:auto_generated|_~123            ; out0             ;
; |Q|ALU_unit3:inst|lpm_mux:Mux0|mux_aqc:auto_generated|_~125            ; |Q|ALU_unit3:inst|lpm_mux:Mux0|mux_aqc:auto_generated|_~125            ; out0             ;
; |Q|ALU_unit3:inst|lpm_mux:Mux0|mux_aqc:auto_generated|_~127            ; |Q|ALU_unit3:inst|lpm_mux:Mux0|mux_aqc:auto_generated|_~127            ; out0             ;
; |Q|ALU_unit3:inst|lpm_mux:Mux0|mux_aqc:auto_generated|_~132            ; |Q|ALU_unit3:inst|lpm_mux:Mux0|mux_aqc:auto_generated|_~132            ; out0             ;
; |Q|ALU_unit3:inst|lpm_mux:Mux0|mux_aqc:auto_generated|_~134            ; |Q|ALU_unit3:inst|lpm_mux:Mux0|mux_aqc:auto_generated|_~134            ; out0             ;
; |Q|ALU_unit3:inst|lpm_mux:Mux0|mux_aqc:auto_generated|_~136            ; |Q|ALU_unit3:inst|lpm_mux:Mux0|mux_aqc:auto_generated|_~136            ; out0             ;
; |Q|ALU_unit3:inst|lpm_mux:Mux0|mux_aqc:auto_generated|_~139            ; |Q|ALU_unit3:inst|lpm_mux:Mux0|mux_aqc:auto_generated|_~139            ; out0             ;
; |Q|ALU_unit3:inst|lpm_mux:Mux0|mux_aqc:auto_generated|_~140            ; |Q|ALU_unit3:inst|lpm_mux:Mux0|mux_aqc:auto_generated|_~140            ; out0             ;
; |Q|ALU_unit3:inst|lpm_mux:Mux0|mux_aqc:auto_generated|_~143            ; |Q|ALU_unit3:inst|lpm_mux:Mux0|mux_aqc:auto_generated|_~143            ; out0             ;
; |Q|ALU_unit3:inst|lpm_mux:Mux0|mux_aqc:auto_generated|_~144            ; |Q|ALU_unit3:inst|lpm_mux:Mux0|mux_aqc:auto_generated|_~144            ; out0             ;
; |Q|ALU_unit3:inst|lpm_mux:Mux0|mux_aqc:auto_generated|_~149            ; |Q|ALU_unit3:inst|lpm_mux:Mux0|mux_aqc:auto_generated|_~149            ; out0             ;
; |Q|ALU_unit3:inst|lpm_mux:Mux0|mux_aqc:auto_generated|_~151            ; |Q|ALU_unit3:inst|lpm_mux:Mux0|mux_aqc:auto_generated|_~151            ; out0             ;
; |Q|ALU_unit3:inst|lpm_mux:Mux0|mux_aqc:auto_generated|_~153            ; |Q|ALU_unit3:inst|lpm_mux:Mux0|mux_aqc:auto_generated|_~153            ; out0             ;
; |Q|ALU_unit3:inst|lpm_mux:Mux0|mux_aqc:auto_generated|_~158            ; |Q|ALU_unit3:inst|lpm_mux:Mux0|mux_aqc:auto_generated|_~158            ; out0             ;
; |Q|ALU_unit3:inst|lpm_mux:Mux0|mux_aqc:auto_generated|_~160            ; |Q|ALU_unit3:inst|lpm_mux:Mux0|mux_aqc:auto_generated|_~160            ; out0             ;
; |Q|ALU_unit3:inst|lpm_mux:Mux0|mux_aqc:auto_generated|_~162            ; |Q|ALU_unit3:inst|lpm_mux:Mux0|mux_aqc:auto_generated|_~162            ; out0             ;
; |Q|ALU_unit3:inst|lpm_mux:Mux0|mux_aqc:auto_generated|_~165            ; |Q|ALU_unit3:inst|lpm_mux:Mux0|mux_aqc:auto_generated|_~165            ; out0             ;
; |Q|ALU_unit3:inst|lpm_mux:Mux0|mux_aqc:auto_generated|_~166            ; |Q|ALU_unit3:inst|lpm_mux:Mux0|mux_aqc:auto_generated|_~166            ; out0             ;
; |Q|ALU_unit3:inst|lpm_mux:Mux0|mux_aqc:auto_generated|_~171            ; |Q|ALU_unit3:inst|lpm_mux:Mux0|mux_aqc:auto_generated|_~171            ; out0             ;
; |Q|ALU_unit3:inst|lpm_mux:Mux0|mux_aqc:auto_generated|_~172            ; |Q|ALU_unit3:inst|lpm_mux:Mux0|mux_aqc:auto_generated|_~172            ; out0             ;
; |Q|ALU_unit3:inst|lpm_mux:Mux0|mux_aqc:auto_generated|_~173            ; |Q|ALU_unit3:inst|lpm_mux:Mux0|mux_aqc:auto_generated|_~173            ; out0             ;
; |Q|ALU_unit3:inst|lpm_mux:Mux0|mux_aqc:auto_generated|_~174            ; |Q|ALU_unit3:inst|lpm_mux:Mux0|mux_aqc:auto_generated|_~174            ; out0             ;
; |Q|ALU_unit3:inst|lpm_mux:Mux0|mux_aqc:auto_generated|_~175            ; |Q|ALU_unit3:inst|lpm_mux:Mux0|mux_aqc:auto_generated|_~175            ; out0             ;
; |Q|ALU_unit3:inst|lpm_mux:Mux0|mux_aqc:auto_generated|_~177            ; |Q|ALU_unit3:inst|lpm_mux:Mux0|mux_aqc:auto_generated|_~177            ; out0             ;
; |Q|ALU_unit3:inst|lpm_mux:Mux0|mux_aqc:auto_generated|_~178            ; |Q|ALU_unit3:inst|lpm_mux:Mux0|mux_aqc:auto_generated|_~178            ; out0             ;
; |Q|ALU_unit3:inst|lpm_mux:Mux0|mux_aqc:auto_generated|_~180            ; |Q|ALU_unit3:inst|lpm_mux:Mux0|mux_aqc:auto_generated|_~180            ; out0             ;
; |Q|ALU_unit3:inst|lpm_mux:Mux0|mux_aqc:auto_generated|_~181            ; |Q|ALU_unit3:inst|lpm_mux:Mux0|mux_aqc:auto_generated|_~181            ; out0             ;
; |Q|ALU_unit3:inst|lpm_mux:Mux0|mux_aqc:auto_generated|_~182            ; |Q|ALU_unit3:inst|lpm_mux:Mux0|mux_aqc:auto_generated|_~182            ; out0             ;
; |Q|ALU_unit3:inst|lpm_mux:Mux0|mux_aqc:auto_generated|_~183            ; |Q|ALU_unit3:inst|lpm_mux:Mux0|mux_aqc:auto_generated|_~183            ; out0             ;
; |Q|ALU_unit3:inst|lpm_mux:Mux0|mux_aqc:auto_generated|_~184            ; |Q|ALU_unit3:inst|lpm_mux:Mux0|mux_aqc:auto_generated|_~184            ; out0             ;
; |Q|ALU_unit3:inst|lpm_mux:Mux0|mux_aqc:auto_generated|_~186            ; |Q|ALU_unit3:inst|lpm_mux:Mux0|mux_aqc:auto_generated|_~186            ; out0             ;
; |Q|ALU_unit3:inst|lpm_mux:Mux0|mux_aqc:auto_generated|_~187            ; |Q|ALU_unit3:inst|lpm_mux:Mux0|mux_aqc:auto_generated|_~187            ; out0             ;
; |Q|ALU_unit3:inst|lpm_mux:Mux0|mux_aqc:auto_generated|_~188            ; |Q|ALU_unit3:inst|lpm_mux:Mux0|mux_aqc:auto_generated|_~188            ; out0             ;
; |Q|ALU_unit3:inst|lpm_mux:Mux0|mux_aqc:auto_generated|_~189            ; |Q|ALU_unit3:inst|lpm_mux:Mux0|mux_aqc:auto_generated|_~189            ; out0             ;
; |Q|ALU_unit3:inst|lpm_mux:Mux0|mux_aqc:auto_generated|_~190            ; |Q|ALU_unit3:inst|lpm_mux:Mux0|mux_aqc:auto_generated|_~190            ; out0             ;
; |Q|ALU_unit3:inst|lpm_mux:Mux0|mux_aqc:auto_generated|_~191            ; |Q|ALU_unit3:inst|lpm_mux:Mux0|mux_aqc:auto_generated|_~191            ; out0             ;
; |Q|ALU_unit3:inst|lpm_mux:Mux0|mux_aqc:auto_generated|_~192            ; |Q|ALU_unit3:inst|lpm_mux:Mux0|mux_aqc:auto_generated|_~192            ; out0             ;
; |Q|ALU_unit3:inst|lpm_mux:Mux0|mux_aqc:auto_generated|_~193            ; |Q|ALU_unit3:inst|lpm_mux:Mux0|mux_aqc:auto_generated|_~193            ; out0             ;
; |Q|ALU_unit3:inst|lpm_mux:Mux0|mux_aqc:auto_generated|_~194            ; |Q|ALU_unit3:inst|lpm_mux:Mux0|mux_aqc:auto_generated|_~194            ; out0             ;
; |Q|ALU_unit3:inst|lpm_mux:Mux0|mux_aqc:auto_generated|_~196            ; |Q|ALU_unit3:inst|lpm_mux:Mux0|mux_aqc:auto_generated|_~196            ; out0             ;
; |Q|ALU_unit3:inst|lpm_mux:Mux0|mux_aqc:auto_generated|_~198            ; |Q|ALU_unit3:inst|lpm_mux:Mux0|mux_aqc:auto_generated|_~198            ; out0             ;
; |Q|ALU_unit3:inst|lpm_mux:Mux0|mux_aqc:auto_generated|_~200            ; |Q|ALU_unit3:inst|lpm_mux:Mux0|mux_aqc:auto_generated|_~200            ; out0             ;
; |Q|ALU_unit3:inst|lpm_mux:Mux0|mux_aqc:auto_generated|_~205            ; |Q|ALU_unit3:inst|lpm_mux:Mux0|mux_aqc:auto_generated|_~205            ; out0             ;
; |Q|ALU_unit3:inst|lpm_mux:Mux0|mux_aqc:auto_generated|_~207            ; |Q|ALU_unit3:inst|lpm_mux:Mux0|mux_aqc:auto_generated|_~207            ; out0             ;
; |Q|ALU_unit3:inst|lpm_mux:Mux0|mux_aqc:auto_generated|_~209            ; |Q|ALU_unit3:inst|lpm_mux:Mux0|mux_aqc:auto_generated|_~209            ; out0             ;
; |Q|ALU_unit3:inst|lpm_mux:Mux0|mux_aqc:auto_generated|_~212            ; |Q|ALU_unit3:inst|lpm_mux:Mux0|mux_aqc:auto_generated|_~212            ; out0             ;
; |Q|ALU_unit3:inst|lpm_mux:Mux0|mux_aqc:auto_generated|_~213            ; |Q|ALU_unit3:inst|lpm_mux:Mux0|mux_aqc:auto_generated|_~213            ; out0             ;
; |Q|ALU_unit3:inst|lpm_mux:Mux0|mux_aqc:auto_generated|_~216            ; |Q|ALU_unit3:inst|lpm_mux:Mux0|mux_aqc:auto_generated|_~216            ; out0             ;
; |Q|ALU_unit3:inst|lpm_mux:Mux0|mux_aqc:auto_generated|_~218            ; |Q|ALU_unit3:inst|lpm_mux:Mux0|mux_aqc:auto_generated|_~218            ; out0             ;
; |Q|ALU_unit3:inst|lpm_mux:Mux0|mux_aqc:auto_generated|_~219            ; |Q|ALU_unit3:inst|lpm_mux:Mux0|mux_aqc:auto_generated|_~219            ; out0             ;
; |Q|ALU_unit3:inst|lpm_mux:Mux0|mux_aqc:auto_generated|_~222            ; |Q|ALU_unit3:inst|lpm_mux:Mux0|mux_aqc:auto_generated|_~222            ; out0             ;
; |Q|ALU_unit3:inst|lpm_mux:Mux0|mux_aqc:auto_generated|_~223            ; |Q|ALU_unit3:inst|lpm_mux:Mux0|mux_aqc:auto_generated|_~223            ; out0             ;
; |Q|ALU_unit3:inst|lpm_mux:Mux0|mux_aqc:auto_generated|_~224            ; |Q|ALU_unit3:inst|lpm_mux:Mux0|mux_aqc:auto_generated|_~224            ; out0             ;
; |Q|ALU_unit3:inst|lpm_mux:Mux0|mux_aqc:auto_generated|_~225            ; |Q|ALU_unit3:inst|lpm_mux:Mux0|mux_aqc:auto_generated|_~225            ; out0             ;
; |Q|ALU_unit3:inst|lpm_mux:Mux0|mux_aqc:auto_generated|_~226            ; |Q|ALU_unit3:inst|lpm_mux:Mux0|mux_aqc:auto_generated|_~226            ; out0             ;
; |Q|ALU_unit3:inst|lpm_mux:Mux0|mux_aqc:auto_generated|_~228            ; |Q|ALU_unit3:inst|lpm_mux:Mux0|mux_aqc:auto_generated|_~228            ; out0             ;
; |Q|ALU_unit3:inst|lpm_mux:Mux0|mux_aqc:auto_generated|_~229            ; |Q|ALU_unit3:inst|lpm_mux:Mux0|mux_aqc:auto_generated|_~229            ; out0             ;
; |Q|ALU_unit3:inst|lpm_mux:Mux0|mux_aqc:auto_generated|_~231            ; |Q|ALU_unit3:inst|lpm_mux:Mux0|mux_aqc:auto_generated|_~231            ; out0             ;
; |Q|ALU_unit3:inst|lpm_mux:Mux0|mux_aqc:auto_generated|_~232            ; |Q|ALU_unit3:inst|lpm_mux:Mux0|mux_aqc:auto_generated|_~232            ; out0             ;
; |Q|ALU_unit3:inst|lpm_mux:Mux0|mux_aqc:auto_generated|_~233            ; |Q|ALU_unit3:inst|lpm_mux:Mux0|mux_aqc:auto_generated|_~233            ; out0             ;
; |Q|ALU_unit3:inst|lpm_mux:Mux0|mux_aqc:auto_generated|_~234            ; |Q|ALU_unit3:inst|lpm_mux:Mux0|mux_aqc:auto_generated|_~234            ; out0             ;
; |Q|ALU_unit3:inst|lpm_mux:Mux0|mux_aqc:auto_generated|_~235            ; |Q|ALU_unit3:inst|lpm_mux:Mux0|mux_aqc:auto_generated|_~235            ; out0             ;
; |Q|ALU_unit3:inst|lpm_mux:Mux0|mux_aqc:auto_generated|_~237            ; |Q|ALU_unit3:inst|lpm_mux:Mux0|mux_aqc:auto_generated|_~237            ; out0             ;
; |Q|ALU_unit3:inst|lpm_mux:Mux0|mux_aqc:auto_generated|_~238            ; |Q|ALU_unit3:inst|lpm_mux:Mux0|mux_aqc:auto_generated|_~238            ; out0             ;
; |Q|ALU_unit3:inst|lpm_mux:Mux0|mux_aqc:auto_generated|_~239            ; |Q|ALU_unit3:inst|lpm_mux:Mux0|mux_aqc:auto_generated|_~239            ; out0             ;
; |Q|ALU_unit3:inst|lpm_mux:Mux0|mux_aqc:auto_generated|_~240            ; |Q|ALU_unit3:inst|lpm_mux:Mux0|mux_aqc:auto_generated|_~240            ; out0             ;
; |Q|ALU_unit3:inst|lpm_mux:Mux0|mux_aqc:auto_generated|_~241            ; |Q|ALU_unit3:inst|lpm_mux:Mux0|mux_aqc:auto_generated|_~241            ; out0             ;
; |Q|ALU_unit3:inst|lpm_mux:Mux0|mux_aqc:auto_generated|_~242            ; |Q|ALU_unit3:inst|lpm_mux:Mux0|mux_aqc:auto_generated|_~242            ; out0             ;
; |Q|ALU_unit3:inst|lpm_mux:Mux0|mux_aqc:auto_generated|_~243            ; |Q|ALU_unit3:inst|lpm_mux:Mux0|mux_aqc:auto_generated|_~243            ; out0             ;
; |Q|ALU_unit3:inst|lpm_mux:Mux0|mux_aqc:auto_generated|_~244            ; |Q|ALU_unit3:inst|lpm_mux:Mux0|mux_aqc:auto_generated|_~244            ; out0             ;
; |Q|ALU_unit3:inst|lpm_mux:Mux0|mux_aqc:auto_generated|_~245            ; |Q|ALU_unit3:inst|lpm_mux:Mux0|mux_aqc:auto_generated|_~245            ; out0             ;
; |Q|ALU_unit3:inst|lpm_mux:Mux0|mux_aqc:auto_generated|_~247            ; |Q|ALU_unit3:inst|lpm_mux:Mux0|mux_aqc:auto_generated|_~247            ; out0             ;
; |Q|ALU_unit3:inst|lpm_mux:Mux0|mux_aqc:auto_generated|_~249            ; |Q|ALU_unit3:inst|lpm_mux:Mux0|mux_aqc:auto_generated|_~249            ; out0             ;
; |Q|ALU_unit3:inst|lpm_mux:Mux0|mux_aqc:auto_generated|_~251            ; |Q|ALU_unit3:inst|lpm_mux:Mux0|mux_aqc:auto_generated|_~251            ; out0             ;
; |Q|ALU_unit3:inst|lpm_mux:Mux0|mux_aqc:auto_generated|_~256            ; |Q|ALU_unit3:inst|lpm_mux:Mux0|mux_aqc:auto_generated|_~256            ; out0             ;
; |Q|ALU_unit3:inst|lpm_mux:Mux0|mux_aqc:auto_generated|_~258            ; |Q|ALU_unit3:inst|lpm_mux:Mux0|mux_aqc:auto_generated|_~258            ; out0             ;
; |Q|ALU_unit3:inst|lpm_mux:Mux0|mux_aqc:auto_generated|_~260            ; |Q|ALU_unit3:inst|lpm_mux:Mux0|mux_aqc:auto_generated|_~260            ; out0             ;
; |Q|ALU_unit3:inst|lpm_mux:Mux0|mux_aqc:auto_generated|_~263            ; |Q|ALU_unit3:inst|lpm_mux:Mux0|mux_aqc:auto_generated|_~263            ; out0             ;
; |Q|ALU_unit3:inst|lpm_mux:Mux0|mux_aqc:auto_generated|_~264            ; |Q|ALU_unit3:inst|lpm_mux:Mux0|mux_aqc:auto_generated|_~264            ; out0             ;
; |Q|ALU_unit3:inst|lpm_mux:Mux0|mux_aqc:auto_generated|_~267            ; |Q|ALU_unit3:inst|lpm_mux:Mux0|mux_aqc:auto_generated|_~267            ; out0             ;
; |Q|ALU_unit3:inst|lpm_mux:Mux0|mux_aqc:auto_generated|_~269            ; |Q|ALU_unit3:inst|lpm_mux:Mux0|mux_aqc:auto_generated|_~269            ; out0             ;
; |Q|ALU_unit3:inst|lpm_mux:Mux0|mux_aqc:auto_generated|_~271            ; |Q|ALU_unit3:inst|lpm_mux:Mux0|mux_aqc:auto_generated|_~271            ; out0             ;
; |Q|ALU_unit3:inst|lpm_mux:Mux0|mux_aqc:auto_generated|_~273            ; |Q|ALU_unit3:inst|lpm_mux:Mux0|mux_aqc:auto_generated|_~273            ; out0             ;
; |Q|ALU_unit3:inst|lpm_mux:Mux0|mux_aqc:auto_generated|_~275            ; |Q|ALU_unit3:inst|lpm_mux:Mux0|mux_aqc:auto_generated|_~275            ; out0             ;
; |Q|ALU_unit3:inst|lpm_mux:Mux0|mux_aqc:auto_generated|_~280            ; |Q|ALU_unit3:inst|lpm_mux:Mux0|mux_aqc:auto_generated|_~280            ; out0             ;
; |Q|ALU_unit3:inst|lpm_mux:Mux0|mux_aqc:auto_generated|_~282            ; |Q|ALU_unit3:inst|lpm_mux:Mux0|mux_aqc:auto_generated|_~282            ; out0             ;
; |Q|ALU_unit3:inst|lpm_mux:Mux0|mux_aqc:auto_generated|_~284            ; |Q|ALU_unit3:inst|lpm_mux:Mux0|mux_aqc:auto_generated|_~284            ; out0             ;
; |Q|ALU_unit3:inst|lpm_mux:Mux0|mux_aqc:auto_generated|_~287            ; |Q|ALU_unit3:inst|lpm_mux:Mux0|mux_aqc:auto_generated|_~287            ; out0             ;
; |Q|ALU_unit3:inst|lpm_mux:Mux0|mux_aqc:auto_generated|_~288            ; |Q|ALU_unit3:inst|lpm_mux:Mux0|mux_aqc:auto_generated|_~288            ; out0             ;
; |Q|ALU_unit3:inst|lpm_mux:Mux0|mux_aqc:auto_generated|_~291            ; |Q|ALU_unit3:inst|lpm_mux:Mux0|mux_aqc:auto_generated|_~291            ; out0             ;
; |Q|ALU_unit3:inst|lpm_mux:Mux0|mux_aqc:auto_generated|_~292            ; |Q|ALU_unit3:inst|lpm_mux:Mux0|mux_aqc:auto_generated|_~292            ; out0             ;
; |Q|ALU_unit3:inst|lpm_mux:Mux0|mux_aqc:auto_generated|_~293            ; |Q|ALU_unit3:inst|lpm_mux:Mux0|mux_aqc:auto_generated|_~293            ; out0             ;
; |Q|ALU_unit3:inst|lpm_mux:Mux0|mux_aqc:auto_generated|_~294            ; |Q|ALU_unit3:inst|lpm_mux:Mux0|mux_aqc:auto_generated|_~294            ; out0             ;
; |Q|ALU_unit3:inst|lpm_mux:Mux0|mux_aqc:auto_generated|_~295            ; |Q|ALU_unit3:inst|lpm_mux:Mux0|mux_aqc:auto_generated|_~295            ; out0             ;
; |Q|ALU_unit3:inst|lpm_mux:Mux0|mux_aqc:auto_generated|_~296            ; |Q|ALU_unit3:inst|lpm_mux:Mux0|mux_aqc:auto_generated|_~296            ; out0             ;
; |Q|ALU_unit3:inst|lpm_mux:Mux0|mux_aqc:auto_generated|_~297            ; |Q|ALU_unit3:inst|lpm_mux:Mux0|mux_aqc:auto_generated|_~297            ; out0             ;
; |Q|ALU_unit3:inst|lpm_mux:Mux0|mux_aqc:auto_generated|_~298            ; |Q|ALU_unit3:inst|lpm_mux:Mux0|mux_aqc:auto_generated|_~298            ; out0             ;
; |Q|ALU_unit3:inst|lpm_mux:Mux0|mux_aqc:auto_generated|_~300            ; |Q|ALU_unit3:inst|lpm_mux:Mux0|mux_aqc:auto_generated|_~300            ; out0             ;
; |Q|ALU_unit3:inst|lpm_mux:Mux0|mux_aqc:auto_generated|_~302            ; |Q|ALU_unit3:inst|lpm_mux:Mux0|mux_aqc:auto_generated|_~302            ; out0             ;
; |Q|ALU_unit3:inst|lpm_mux:Mux0|mux_aqc:auto_generated|_~304            ; |Q|ALU_unit3:inst|lpm_mux:Mux0|mux_aqc:auto_generated|_~304            ; out0             ;
; |Q|ALU_unit3:inst|lpm_mux:Mux0|mux_aqc:auto_generated|_~309            ; |Q|ALU_unit3:inst|lpm_mux:Mux0|mux_aqc:auto_generated|_~309            ; out0             ;
; |Q|ALU_unit3:inst|lpm_mux:Mux0|mux_aqc:auto_generated|_~311            ; |Q|ALU_unit3:inst|lpm_mux:Mux0|mux_aqc:auto_generated|_~311            ; out0             ;
; |Q|ALU_unit3:inst|lpm_mux:Mux0|mux_aqc:auto_generated|_~313            ; |Q|ALU_unit3:inst|lpm_mux:Mux0|mux_aqc:auto_generated|_~313            ; out0             ;
; |Q|ALU_unit3:inst|lpm_mux:Mux0|mux_aqc:auto_generated|_~316            ; |Q|ALU_unit3:inst|lpm_mux:Mux0|mux_aqc:auto_generated|_~316            ; out0             ;
; |Q|ALU_unit3:inst|lpm_mux:Mux0|mux_aqc:auto_generated|_~317            ; |Q|ALU_unit3:inst|lpm_mux:Mux0|mux_aqc:auto_generated|_~317            ; out0             ;
; |Q|ALU_unit3:inst|lpm_mux:Mux0|mux_aqc:auto_generated|_~322            ; |Q|ALU_unit3:inst|lpm_mux:Mux0|mux_aqc:auto_generated|_~322            ; out0             ;
; |Q|ALU_unit3:inst|lpm_mux:Mux0|mux_aqc:auto_generated|_~324            ; |Q|ALU_unit3:inst|lpm_mux:Mux0|mux_aqc:auto_generated|_~324            ; out0             ;
; |Q|ALU_unit3:inst|lpm_mux:Mux0|mux_aqc:auto_generated|_~326            ; |Q|ALU_unit3:inst|lpm_mux:Mux0|mux_aqc:auto_generated|_~326            ; out0             ;
; |Q|ALU_unit3:inst|lpm_mux:Mux0|mux_aqc:auto_generated|_~331            ; |Q|ALU_unit3:inst|lpm_mux:Mux0|mux_aqc:auto_generated|_~331            ; out0             ;
; |Q|ALU_unit3:inst|lpm_mux:Mux0|mux_aqc:auto_generated|_~333            ; |Q|ALU_unit3:inst|lpm_mux:Mux0|mux_aqc:auto_generated|_~333            ; out0             ;
; |Q|ALU_unit3:inst|lpm_mux:Mux0|mux_aqc:auto_generated|_~335            ; |Q|ALU_unit3:inst|lpm_mux:Mux0|mux_aqc:auto_generated|_~335            ; out0             ;
; |Q|ALU_unit3:inst|lpm_mux:Mux0|mux_aqc:auto_generated|_~338            ; |Q|ALU_unit3:inst|lpm_mux:Mux0|mux_aqc:auto_generated|_~338            ; out0             ;
; |Q|ALU_unit3:inst|lpm_mux:Mux0|mux_aqc:auto_generated|_~339            ; |Q|ALU_unit3:inst|lpm_mux:Mux0|mux_aqc:auto_generated|_~339            ; out0             ;
; |Q|ALU_unit3:inst|lpm_mux:Mux0|mux_aqc:auto_generated|_~342            ; |Q|ALU_unit3:inst|lpm_mux:Mux0|mux_aqc:auto_generated|_~342            ; out0             ;
; |Q|ALU_unit3:inst|lpm_mux:Mux0|mux_aqc:auto_generated|_~344            ; |Q|ALU_unit3:inst|lpm_mux:Mux0|mux_aqc:auto_generated|_~344            ; out0             ;
; |Q|ALU_unit3:inst|lpm_mux:Mux0|mux_aqc:auto_generated|_~347            ; |Q|ALU_unit3:inst|lpm_mux:Mux0|mux_aqc:auto_generated|_~347            ; out0             ;
; |Q|ALU_unit3:inst|lpm_mux:Mux0|mux_aqc:auto_generated|_~349            ; |Q|ALU_unit3:inst|lpm_mux:Mux0|mux_aqc:auto_generated|_~349            ; out0             ;
; |Q|ALU_unit3:inst|lpm_mux:Mux0|mux_aqc:auto_generated|_~351            ; |Q|ALU_unit3:inst|lpm_mux:Mux0|mux_aqc:auto_generated|_~351            ; out0             ;
; |Q|ALU_unit3:inst|lpm_mux:Mux0|mux_aqc:auto_generated|_~356            ; |Q|ALU_unit3:inst|lpm_mux:Mux0|mux_aqc:auto_generated|_~356            ; out0             ;
; |Q|ALU_unit3:inst|lpm_mux:Mux0|mux_aqc:auto_generated|_~358            ; |Q|ALU_unit3:inst|lpm_mux:Mux0|mux_aqc:auto_generated|_~358            ; out0             ;
; |Q|ALU_unit3:inst|lpm_mux:Mux0|mux_aqc:auto_generated|_~360            ; |Q|ALU_unit3:inst|lpm_mux:Mux0|mux_aqc:auto_generated|_~360            ; out0             ;
; |Q|ALU_unit3:inst|lpm_mux:Mux0|mux_aqc:auto_generated|_~363            ; |Q|ALU_unit3:inst|lpm_mux:Mux0|mux_aqc:auto_generated|_~363            ; out0             ;
; |Q|ALU_unit3:inst|lpm_mux:Mux0|mux_aqc:auto_generated|_~364            ; |Q|ALU_unit3:inst|lpm_mux:Mux0|mux_aqc:auto_generated|_~364            ; out0             ;
; |Q|ALU_unit3:inst|lpm_mux:Mux0|mux_aqc:auto_generated|_~367            ; |Q|ALU_unit3:inst|lpm_mux:Mux0|mux_aqc:auto_generated|_~367            ; out0             ;
; |Q|ALU_unit3:inst|lpm_mux:Mux0|mux_aqc:auto_generated|_~373            ; |Q|ALU_unit3:inst|lpm_mux:Mux0|mux_aqc:auto_generated|_~373            ; out0             ;
; |Q|ALU_unit3:inst|lpm_mux:Mux0|mux_aqc:auto_generated|_~375            ; |Q|ALU_unit3:inst|lpm_mux:Mux0|mux_aqc:auto_generated|_~375            ; out0             ;
; |Q|ALU_unit3:inst|lpm_mux:Mux0|mux_aqc:auto_generated|_~377            ; |Q|ALU_unit3:inst|lpm_mux:Mux0|mux_aqc:auto_generated|_~377            ; out0             ;
; |Q|ALU_unit3:inst|lpm_mux:Mux0|mux_aqc:auto_generated|_~382            ; |Q|ALU_unit3:inst|lpm_mux:Mux0|mux_aqc:auto_generated|_~382            ; out0             ;
; |Q|ALU_unit3:inst|lpm_mux:Mux0|mux_aqc:auto_generated|_~384            ; |Q|ALU_unit3:inst|lpm_mux:Mux0|mux_aqc:auto_generated|_~384            ; out0             ;
; |Q|ALU_unit3:inst|lpm_mux:Mux0|mux_aqc:auto_generated|_~386            ; |Q|ALU_unit3:inst|lpm_mux:Mux0|mux_aqc:auto_generated|_~386            ; out0             ;
; |Q|ALU_unit3:inst|lpm_mux:Mux0|mux_aqc:auto_generated|_~389            ; |Q|ALU_unit3:inst|lpm_mux:Mux0|mux_aqc:auto_generated|_~389            ; out0             ;
; |Q|ALU_unit3:inst|lpm_mux:Mux0|mux_aqc:auto_generated|_~390            ; |Q|ALU_unit3:inst|lpm_mux:Mux0|mux_aqc:auto_generated|_~390            ; out0             ;
; |Q|ALU_unit3:inst|lpm_mux:Mux0|mux_aqc:auto_generated|_~393            ; |Q|ALU_unit3:inst|lpm_mux:Mux0|mux_aqc:auto_generated|_~393            ; out0             ;
; |Q|ALU_unit3:inst|lpm_mux:Mux0|mux_aqc:auto_generated|_~395            ; |Q|ALU_unit3:inst|lpm_mux:Mux0|mux_aqc:auto_generated|_~395            ; out0             ;
; |Q|ALU_unit3:inst|lpm_mux:Mux0|mux_aqc:auto_generated|_~398            ; |Q|ALU_unit3:inst|lpm_mux:Mux0|mux_aqc:auto_generated|_~398            ; out0             ;
; |Q|ALU_unit3:inst|lpm_mux:Mux0|mux_aqc:auto_generated|_~400            ; |Q|ALU_unit3:inst|lpm_mux:Mux0|mux_aqc:auto_generated|_~400            ; out0             ;
; |Q|ALU_unit3:inst|lpm_mux:Mux0|mux_aqc:auto_generated|_~402            ; |Q|ALU_unit3:inst|lpm_mux:Mux0|mux_aqc:auto_generated|_~402            ; out0             ;
; |Q|ALU_unit3:inst|lpm_mux:Mux0|mux_aqc:auto_generated|_~407            ; |Q|ALU_unit3:inst|lpm_mux:Mux0|mux_aqc:auto_generated|_~407            ; out0             ;
; |Q|ALU_unit3:inst|lpm_mux:Mux0|mux_aqc:auto_generated|_~409            ; |Q|ALU_unit3:inst|lpm_mux:Mux0|mux_aqc:auto_generated|_~409            ; out0             ;
; |Q|ALU_unit3:inst|lpm_mux:Mux0|mux_aqc:auto_generated|_~411            ; |Q|ALU_unit3:inst|lpm_mux:Mux0|mux_aqc:auto_generated|_~411            ; out0             ;
; |Q|ALU_unit3:inst|lpm_mux:Mux0|mux_aqc:auto_generated|_~414            ; |Q|ALU_unit3:inst|lpm_mux:Mux0|mux_aqc:auto_generated|_~414            ; out0             ;
; |Q|ALU_unit3:inst|lpm_mux:Mux0|mux_aqc:auto_generated|_~415            ; |Q|ALU_unit3:inst|lpm_mux:Mux0|mux_aqc:auto_generated|_~415            ; out0             ;
; |Q|ALU_unit3:inst|lpm_mux:Mux0|mux_aqc:auto_generated|_~418            ; |Q|ALU_unit3:inst|lpm_mux:Mux0|mux_aqc:auto_generated|_~418            ; out0             ;
; |Q|ALU_unit3:inst|lpm_mux:Mux0|mux_aqc:auto_generated|_~422            ; |Q|ALU_unit3:inst|lpm_mux:Mux0|mux_aqc:auto_generated|_~422            ; out0             ;
; |Q|ALU_unit3:inst|lpm_mux:Mux0|mux_aqc:auto_generated|_~424            ; |Q|ALU_unit3:inst|lpm_mux:Mux0|mux_aqc:auto_generated|_~424            ; out0             ;
; |Q|ALU_unit3:inst|lpm_mux:Mux0|mux_aqc:auto_generated|_~426            ; |Q|ALU_unit3:inst|lpm_mux:Mux0|mux_aqc:auto_generated|_~426            ; out0             ;
; |Q|ALU_unit3:inst|lpm_mux:Mux0|mux_aqc:auto_generated|_~431            ; |Q|ALU_unit3:inst|lpm_mux:Mux0|mux_aqc:auto_generated|_~431            ; out0             ;
; |Q|ALU_unit3:inst|lpm_mux:Mux0|mux_aqc:auto_generated|_~433            ; |Q|ALU_unit3:inst|lpm_mux:Mux0|mux_aqc:auto_generated|_~433            ; out0             ;
; |Q|ALU_unit3:inst|lpm_mux:Mux0|mux_aqc:auto_generated|_~435            ; |Q|ALU_unit3:inst|lpm_mux:Mux0|mux_aqc:auto_generated|_~435            ; out0             ;
; |Q|ALU_unit3:inst|lpm_mux:Mux0|mux_aqc:auto_generated|_~438            ; |Q|ALU_unit3:inst|lpm_mux:Mux0|mux_aqc:auto_generated|_~438            ; out0             ;
; |Q|ALU_unit3:inst|lpm_mux:Mux0|mux_aqc:auto_generated|_~439            ; |Q|ALU_unit3:inst|lpm_mux:Mux0|mux_aqc:auto_generated|_~439            ; out0             ;
; |Q|ALU_unit3:inst|lpm_mux:Mux0|mux_aqc:auto_generated|_~442            ; |Q|ALU_unit3:inst|lpm_mux:Mux0|mux_aqc:auto_generated|_~442            ; out0             ;
; |Q|ALU_unit3:inst|lpm_mux:Mux0|mux_aqc:auto_generated|_~443            ; |Q|ALU_unit3:inst|lpm_mux:Mux0|mux_aqc:auto_generated|_~443            ; out0             ;
; |Q|ALU_unit3:inst|lpm_mux:Mux0|mux_aqc:auto_generated|_~446            ; |Q|ALU_unit3:inst|lpm_mux:Mux0|mux_aqc:auto_generated|_~446            ; out0             ;
; |Q|ALU_unit3:inst|lpm_mux:Mux0|mux_aqc:auto_generated|_~448            ; |Q|ALU_unit3:inst|lpm_mux:Mux0|mux_aqc:auto_generated|_~448            ; out0             ;
; |Q|ALU_unit3:inst|lpm_mux:Mux0|mux_aqc:auto_generated|_~449            ; |Q|ALU_unit3:inst|lpm_mux:Mux0|mux_aqc:auto_generated|_~449            ; out0             ;
; |Q|ALU_unit3:inst|lpm_mux:Mux0|mux_aqc:auto_generated|_~452            ; |Q|ALU_unit3:inst|lpm_mux:Mux0|mux_aqc:auto_generated|_~452            ; out0             ;
; |Q|ALU_unit3:inst|lpm_mux:Mux0|mux_aqc:auto_generated|_~454            ; |Q|ALU_unit3:inst|lpm_mux:Mux0|mux_aqc:auto_generated|_~454            ; out0             ;
; |Q|ALU_unit3:inst|lpm_mux:Mux0|mux_aqc:auto_generated|_~456            ; |Q|ALU_unit3:inst|lpm_mux:Mux0|mux_aqc:auto_generated|_~456            ; out0             ;
; |Q|ALU_unit3:inst|lpm_mux:Mux0|mux_aqc:auto_generated|_~461            ; |Q|ALU_unit3:inst|lpm_mux:Mux0|mux_aqc:auto_generated|_~461            ; out0             ;
; |Q|ALU_unit3:inst|lpm_mux:Mux0|mux_aqc:auto_generated|_~463            ; |Q|ALU_unit3:inst|lpm_mux:Mux0|mux_aqc:auto_generated|_~463            ; out0             ;
; |Q|ALU_unit3:inst|lpm_mux:Mux0|mux_aqc:auto_generated|_~465            ; |Q|ALU_unit3:inst|lpm_mux:Mux0|mux_aqc:auto_generated|_~465            ; out0             ;
; |Q|ALU_unit3:inst|lpm_mux:Mux0|mux_aqc:auto_generated|_~468            ; |Q|ALU_unit3:inst|lpm_mux:Mux0|mux_aqc:auto_generated|_~468            ; out0             ;
; |Q|ALU_unit3:inst|lpm_mux:Mux0|mux_aqc:auto_generated|_~469            ; |Q|ALU_unit3:inst|lpm_mux:Mux0|mux_aqc:auto_generated|_~469            ; out0             ;
; |Q|ALU_unit3:inst|lpm_mux:Mux0|mux_aqc:auto_generated|_~474            ; |Q|ALU_unit3:inst|lpm_mux:Mux0|mux_aqc:auto_generated|_~474            ; out0             ;
; |Q|ALU_unit3:inst|lpm_mux:Mux0|mux_aqc:auto_generated|_~475            ; |Q|ALU_unit3:inst|lpm_mux:Mux0|mux_aqc:auto_generated|_~475            ; out0             ;
; |Q|ALU_unit3:inst|lpm_mux:Mux0|mux_aqc:auto_generated|_~476            ; |Q|ALU_unit3:inst|lpm_mux:Mux0|mux_aqc:auto_generated|_~476            ; out0             ;
; |Q|ALU_unit3:inst|lpm_mux:Mux0|mux_aqc:auto_generated|_~477            ; |Q|ALU_unit3:inst|lpm_mux:Mux0|mux_aqc:auto_generated|_~477            ; out0             ;
; |Q|ALU_unit3:inst|lpm_mux:Mux0|mux_aqc:auto_generated|_~478            ; |Q|ALU_unit3:inst|lpm_mux:Mux0|mux_aqc:auto_generated|_~478            ; out0             ;
; |Q|ALU_unit3:inst|lpm_mux:Mux0|mux_aqc:auto_generated|_~480            ; |Q|ALU_unit3:inst|lpm_mux:Mux0|mux_aqc:auto_generated|_~480            ; out0             ;
; |Q|ALU_unit3:inst|lpm_mux:Mux0|mux_aqc:auto_generated|_~481            ; |Q|ALU_unit3:inst|lpm_mux:Mux0|mux_aqc:auto_generated|_~481            ; out0             ;
; |Q|ALU_unit3:inst|lpm_mux:Mux0|mux_aqc:auto_generated|_~483            ; |Q|ALU_unit3:inst|lpm_mux:Mux0|mux_aqc:auto_generated|_~483            ; out0             ;
; |Q|ALU_unit3:inst|lpm_mux:Mux0|mux_aqc:auto_generated|_~484            ; |Q|ALU_unit3:inst|lpm_mux:Mux0|mux_aqc:auto_generated|_~484            ; out0             ;
; |Q|ALU_unit3:inst|lpm_mux:Mux0|mux_aqc:auto_generated|_~485            ; |Q|ALU_unit3:inst|lpm_mux:Mux0|mux_aqc:auto_generated|_~485            ; out0             ;
; |Q|ALU_unit3:inst|lpm_mux:Mux0|mux_aqc:auto_generated|_~486            ; |Q|ALU_unit3:inst|lpm_mux:Mux0|mux_aqc:auto_generated|_~486            ; out0             ;
; |Q|ALU_unit3:inst|lpm_mux:Mux0|mux_aqc:auto_generated|_~487            ; |Q|ALU_unit3:inst|lpm_mux:Mux0|mux_aqc:auto_generated|_~487            ; out0             ;
; |Q|ALU_unit3:inst|lpm_mux:Mux0|mux_aqc:auto_generated|_~489            ; |Q|ALU_unit3:inst|lpm_mux:Mux0|mux_aqc:auto_generated|_~489            ; out0             ;
; |Q|ALU_unit3:inst|lpm_mux:Mux0|mux_aqc:auto_generated|_~490            ; |Q|ALU_unit3:inst|lpm_mux:Mux0|mux_aqc:auto_generated|_~490            ; out0             ;
; |Q|ALU_unit3:inst|lpm_mux:Mux0|mux_aqc:auto_generated|_~491            ; |Q|ALU_unit3:inst|lpm_mux:Mux0|mux_aqc:auto_generated|_~491            ; out0             ;
; |Q|ALU_unit3:inst|lpm_mux:Mux0|mux_aqc:auto_generated|_~492            ; |Q|ALU_unit3:inst|lpm_mux:Mux0|mux_aqc:auto_generated|_~492            ; out0             ;
; |Q|ALU_unit3:inst|lpm_mux:Mux0|mux_aqc:auto_generated|_~493            ; |Q|ALU_unit3:inst|lpm_mux:Mux0|mux_aqc:auto_generated|_~493            ; out0             ;
; |Q|ALU_unit3:inst|lpm_mux:Mux0|mux_aqc:auto_generated|_~494            ; |Q|ALU_unit3:inst|lpm_mux:Mux0|mux_aqc:auto_generated|_~494            ; out0             ;
; |Q|ALU_unit3:inst|lpm_mux:Mux0|mux_aqc:auto_generated|_~495            ; |Q|ALU_unit3:inst|lpm_mux:Mux0|mux_aqc:auto_generated|_~495            ; out0             ;
; |Q|ALU_unit3:inst|lpm_mux:Mux0|mux_aqc:auto_generated|_~496            ; |Q|ALU_unit3:inst|lpm_mux:Mux0|mux_aqc:auto_generated|_~496            ; out0             ;
; |Q|ALU_unit3:inst|lpm_mux:Mux0|mux_aqc:auto_generated|_~497            ; |Q|ALU_unit3:inst|lpm_mux:Mux0|mux_aqc:auto_generated|_~497            ; out0             ;
; |Q|ALU_unit3:inst|lpm_mux:Mux0|mux_aqc:auto_generated|_~499            ; |Q|ALU_unit3:inst|lpm_mux:Mux0|mux_aqc:auto_generated|_~499            ; out0             ;
; |Q|ALU_unit3:inst|lpm_mux:Mux0|mux_aqc:auto_generated|_~501            ; |Q|ALU_unit3:inst|lpm_mux:Mux0|mux_aqc:auto_generated|_~501            ; out0             ;
; |Q|ALU_unit3:inst|lpm_mux:Mux0|mux_aqc:auto_generated|_~503            ; |Q|ALU_unit3:inst|lpm_mux:Mux0|mux_aqc:auto_generated|_~503            ; out0             ;
; |Q|ALU_unit3:inst|lpm_mux:Mux0|mux_aqc:auto_generated|_~508            ; |Q|ALU_unit3:inst|lpm_mux:Mux0|mux_aqc:auto_generated|_~508            ; out0             ;
; |Q|ALU_unit3:inst|lpm_mux:Mux0|mux_aqc:auto_generated|_~510            ; |Q|ALU_unit3:inst|lpm_mux:Mux0|mux_aqc:auto_generated|_~510            ; out0             ;
; |Q|ALU_unit3:inst|lpm_mux:Mux0|mux_aqc:auto_generated|_~512            ; |Q|ALU_unit3:inst|lpm_mux:Mux0|mux_aqc:auto_generated|_~512            ; out0             ;
; |Q|ALU_unit3:inst|lpm_mux:Mux0|mux_aqc:auto_generated|_~515            ; |Q|ALU_unit3:inst|lpm_mux:Mux0|mux_aqc:auto_generated|_~515            ; out0             ;
; |Q|ALU_unit3:inst|lpm_mux:Mux0|mux_aqc:auto_generated|_~516            ; |Q|ALU_unit3:inst|lpm_mux:Mux0|mux_aqc:auto_generated|_~516            ; out0             ;
; |Q|ALU_unit3:inst|lpm_mux:Mux0|mux_aqc:auto_generated|_~519            ; |Q|ALU_unit3:inst|lpm_mux:Mux0|mux_aqc:auto_generated|_~519            ; out0             ;
; |Q|ALU_unit3:inst|lpm_mux:Mux0|mux_aqc:auto_generated|_~521            ; |Q|ALU_unit3:inst|lpm_mux:Mux0|mux_aqc:auto_generated|_~521            ; out0             ;
; |Q|ALU_unit3:inst|lpm_mux:Mux0|mux_aqc:auto_generated|_~522            ; |Q|ALU_unit3:inst|lpm_mux:Mux0|mux_aqc:auto_generated|_~522            ; out0             ;
; |Q|ALU_unit3:inst|lpm_mux:Mux0|mux_aqc:auto_generated|_~525            ; |Q|ALU_unit3:inst|lpm_mux:Mux0|mux_aqc:auto_generated|_~525            ; out0             ;
; |Q|ALU_unit3:inst|lpm_mux:Mux0|mux_aqc:auto_generated|_~526            ; |Q|ALU_unit3:inst|lpm_mux:Mux0|mux_aqc:auto_generated|_~526            ; out0             ;
; |Q|ALU_unit3:inst|lpm_mux:Mux0|mux_aqc:auto_generated|_~527            ; |Q|ALU_unit3:inst|lpm_mux:Mux0|mux_aqc:auto_generated|_~527            ; out0             ;
; |Q|ALU_unit3:inst|lpm_mux:Mux0|mux_aqc:auto_generated|_~528            ; |Q|ALU_unit3:inst|lpm_mux:Mux0|mux_aqc:auto_generated|_~528            ; out0             ;
; |Q|ALU_unit3:inst|lpm_mux:Mux0|mux_aqc:auto_generated|_~529            ; |Q|ALU_unit3:inst|lpm_mux:Mux0|mux_aqc:auto_generated|_~529            ; out0             ;
; |Q|ALU_unit3:inst|lpm_mux:Mux0|mux_aqc:auto_generated|_~531            ; |Q|ALU_unit3:inst|lpm_mux:Mux0|mux_aqc:auto_generated|_~531            ; out0             ;
; |Q|ALU_unit3:inst|lpm_mux:Mux0|mux_aqc:auto_generated|_~532            ; |Q|ALU_unit3:inst|lpm_mux:Mux0|mux_aqc:auto_generated|_~532            ; out0             ;
; |Q|ALU_unit3:inst|lpm_mux:Mux0|mux_aqc:auto_generated|_~534            ; |Q|ALU_unit3:inst|lpm_mux:Mux0|mux_aqc:auto_generated|_~534            ; out0             ;
; |Q|ALU_unit3:inst|lpm_mux:Mux0|mux_aqc:auto_generated|_~535            ; |Q|ALU_unit3:inst|lpm_mux:Mux0|mux_aqc:auto_generated|_~535            ; out0             ;
; |Q|ALU_unit3:inst|lpm_mux:Mux0|mux_aqc:auto_generated|_~536            ; |Q|ALU_unit3:inst|lpm_mux:Mux0|mux_aqc:auto_generated|_~536            ; out0             ;
; |Q|ALU_unit3:inst|lpm_mux:Mux0|mux_aqc:auto_generated|_~537            ; |Q|ALU_unit3:inst|lpm_mux:Mux0|mux_aqc:auto_generated|_~537            ; out0             ;
; |Q|ALU_unit3:inst|lpm_mux:Mux0|mux_aqc:auto_generated|_~538            ; |Q|ALU_unit3:inst|lpm_mux:Mux0|mux_aqc:auto_generated|_~538            ; out0             ;
; |Q|ALU_unit3:inst|lpm_mux:Mux0|mux_aqc:auto_generated|_~540            ; |Q|ALU_unit3:inst|lpm_mux:Mux0|mux_aqc:auto_generated|_~540            ; out0             ;
; |Q|ALU_unit3:inst|lpm_mux:Mux0|mux_aqc:auto_generated|_~541            ; |Q|ALU_unit3:inst|lpm_mux:Mux0|mux_aqc:auto_generated|_~541            ; out0             ;
; |Q|ALU_unit3:inst|lpm_mux:Mux0|mux_aqc:auto_generated|_~542            ; |Q|ALU_unit3:inst|lpm_mux:Mux0|mux_aqc:auto_generated|_~542            ; out0             ;
; |Q|ALU_unit3:inst|lpm_mux:Mux0|mux_aqc:auto_generated|_~543            ; |Q|ALU_unit3:inst|lpm_mux:Mux0|mux_aqc:auto_generated|_~543            ; out0             ;
; |Q|ALU_unit3:inst|lpm_mux:Mux0|mux_aqc:auto_generated|_~544            ; |Q|ALU_unit3:inst|lpm_mux:Mux0|mux_aqc:auto_generated|_~544            ; out0             ;
; |Q|ALU_unit3:inst|lpm_mux:Mux0|mux_aqc:auto_generated|_~545            ; |Q|ALU_unit3:inst|lpm_mux:Mux0|mux_aqc:auto_generated|_~545            ; out0             ;
; |Q|ALU_unit3:inst|lpm_mux:Mux0|mux_aqc:auto_generated|_~546            ; |Q|ALU_unit3:inst|lpm_mux:Mux0|mux_aqc:auto_generated|_~546            ; out0             ;
; |Q|ALU_unit3:inst|lpm_mux:Mux0|mux_aqc:auto_generated|_~547            ; |Q|ALU_unit3:inst|lpm_mux:Mux0|mux_aqc:auto_generated|_~547            ; out0             ;
; |Q|ALU_unit3:inst|lpm_mux:Mux0|mux_aqc:auto_generated|_~548            ; |Q|ALU_unit3:inst|lpm_mux:Mux0|mux_aqc:auto_generated|_~548            ; out0             ;
; |Q|ALU_unit3:inst|lpm_mux:Mux0|mux_aqc:auto_generated|_~550            ; |Q|ALU_unit3:inst|lpm_mux:Mux0|mux_aqc:auto_generated|_~550            ; out0             ;
; |Q|ALU_unit3:inst|lpm_mux:Mux0|mux_aqc:auto_generated|_~552            ; |Q|ALU_unit3:inst|lpm_mux:Mux0|mux_aqc:auto_generated|_~552            ; out0             ;
; |Q|ALU_unit3:inst|lpm_mux:Mux0|mux_aqc:auto_generated|_~554            ; |Q|ALU_unit3:inst|lpm_mux:Mux0|mux_aqc:auto_generated|_~554            ; out0             ;
; |Q|ALU_unit3:inst|lpm_mux:Mux0|mux_aqc:auto_generated|_~559            ; |Q|ALU_unit3:inst|lpm_mux:Mux0|mux_aqc:auto_generated|_~559            ; out0             ;
; |Q|ALU_unit3:inst|lpm_mux:Mux0|mux_aqc:auto_generated|_~561            ; |Q|ALU_unit3:inst|lpm_mux:Mux0|mux_aqc:auto_generated|_~561            ; out0             ;
; |Q|ALU_unit3:inst|lpm_mux:Mux0|mux_aqc:auto_generated|_~563            ; |Q|ALU_unit3:inst|lpm_mux:Mux0|mux_aqc:auto_generated|_~563            ; out0             ;
; |Q|ALU_unit3:inst|lpm_mux:Mux0|mux_aqc:auto_generated|_~566            ; |Q|ALU_unit3:inst|lpm_mux:Mux0|mux_aqc:auto_generated|_~566            ; out0             ;
; |Q|ALU_unit3:inst|lpm_mux:Mux0|mux_aqc:auto_generated|_~567            ; |Q|ALU_unit3:inst|lpm_mux:Mux0|mux_aqc:auto_generated|_~567            ; out0             ;
; |Q|ALU_unit3:inst|lpm_mux:Mux0|mux_aqc:auto_generated|_~570            ; |Q|ALU_unit3:inst|lpm_mux:Mux0|mux_aqc:auto_generated|_~570            ; out0             ;
; |Q|ALU_unit3:inst|lpm_mux:Mux0|mux_aqc:auto_generated|_~572            ; |Q|ALU_unit3:inst|lpm_mux:Mux0|mux_aqc:auto_generated|_~572            ; out0             ;
; |Q|ALU_unit3:inst|lpm_mux:Mux0|mux_aqc:auto_generated|_~574            ; |Q|ALU_unit3:inst|lpm_mux:Mux0|mux_aqc:auto_generated|_~574            ; out0             ;
; |Q|ALU_unit3:inst|lpm_mux:Mux0|mux_aqc:auto_generated|_~576            ; |Q|ALU_unit3:inst|lpm_mux:Mux0|mux_aqc:auto_generated|_~576            ; out0             ;
; |Q|ALU_unit3:inst|lpm_mux:Mux0|mux_aqc:auto_generated|_~578            ; |Q|ALU_unit3:inst|lpm_mux:Mux0|mux_aqc:auto_generated|_~578            ; out0             ;
; |Q|ALU_unit3:inst|lpm_mux:Mux0|mux_aqc:auto_generated|_~583            ; |Q|ALU_unit3:inst|lpm_mux:Mux0|mux_aqc:auto_generated|_~583            ; out0             ;
; |Q|ALU_unit3:inst|lpm_mux:Mux0|mux_aqc:auto_generated|_~585            ; |Q|ALU_unit3:inst|lpm_mux:Mux0|mux_aqc:auto_generated|_~585            ; out0             ;
; |Q|ALU_unit3:inst|lpm_mux:Mux0|mux_aqc:auto_generated|_~587            ; |Q|ALU_unit3:inst|lpm_mux:Mux0|mux_aqc:auto_generated|_~587            ; out0             ;
; |Q|ALU_unit3:inst|lpm_mux:Mux0|mux_aqc:auto_generated|_~590            ; |Q|ALU_unit3:inst|lpm_mux:Mux0|mux_aqc:auto_generated|_~590            ; out0             ;
; |Q|ALU_unit3:inst|lpm_mux:Mux0|mux_aqc:auto_generated|_~591            ; |Q|ALU_unit3:inst|lpm_mux:Mux0|mux_aqc:auto_generated|_~591            ; out0             ;
; |Q|ALU_unit3:inst|lpm_mux:Mux0|mux_aqc:auto_generated|_~594            ; |Q|ALU_unit3:inst|lpm_mux:Mux0|mux_aqc:auto_generated|_~594            ; out0             ;
; |Q|ALU_unit3:inst|lpm_mux:Mux0|mux_aqc:auto_generated|_~595            ; |Q|ALU_unit3:inst|lpm_mux:Mux0|mux_aqc:auto_generated|_~595            ; out0             ;
; |Q|ALU_unit3:inst|lpm_mux:Mux0|mux_aqc:auto_generated|_~596            ; |Q|ALU_unit3:inst|lpm_mux:Mux0|mux_aqc:auto_generated|_~596            ; out0             ;
; |Q|ALU_unit3:inst|lpm_mux:Mux0|mux_aqc:auto_generated|_~597            ; |Q|ALU_unit3:inst|lpm_mux:Mux0|mux_aqc:auto_generated|_~597            ; out0             ;
; |Q|ALU_unit3:inst|lpm_mux:Mux0|mux_aqc:auto_generated|_~598            ; |Q|ALU_unit3:inst|lpm_mux:Mux0|mux_aqc:auto_generated|_~598            ; out0             ;
; |Q|ALU_unit3:inst|lpm_mux:Mux0|mux_aqc:auto_generated|_~599            ; |Q|ALU_unit3:inst|lpm_mux:Mux0|mux_aqc:auto_generated|_~599            ; out0             ;
; |Q|ALU_unit3:inst|lpm_mux:Mux0|mux_aqc:auto_generated|_~600            ; |Q|ALU_unit3:inst|lpm_mux:Mux0|mux_aqc:auto_generated|_~600            ; out0             ;
; |Q|ALU_unit3:inst|lpm_mux:Mux0|mux_aqc:auto_generated|_~601            ; |Q|ALU_unit3:inst|lpm_mux:Mux0|mux_aqc:auto_generated|_~601            ; out0             ;
; |Q|ALU_unit3:inst|lpm_mux:Mux0|mux_aqc:auto_generated|_~603            ; |Q|ALU_unit3:inst|lpm_mux:Mux0|mux_aqc:auto_generated|_~603            ; out0             ;
; |Q|ALU_unit3:inst|lpm_mux:Mux0|mux_aqc:auto_generated|_~605            ; |Q|ALU_unit3:inst|lpm_mux:Mux0|mux_aqc:auto_generated|_~605            ; out0             ;
; |Q|ALU_unit3:inst|lpm_mux:Mux0|mux_aqc:auto_generated|_~607            ; |Q|ALU_unit3:inst|lpm_mux:Mux0|mux_aqc:auto_generated|_~607            ; out0             ;
; |Q|ALU_unit3:inst|lpm_mux:Mux0|mux_aqc:auto_generated|_~612            ; |Q|ALU_unit3:inst|lpm_mux:Mux0|mux_aqc:auto_generated|_~612            ; out0             ;
; |Q|ALU_unit3:inst|lpm_mux:Mux0|mux_aqc:auto_generated|_~614            ; |Q|ALU_unit3:inst|lpm_mux:Mux0|mux_aqc:auto_generated|_~614            ; out0             ;
; |Q|ALU_unit3:inst|lpm_mux:Mux0|mux_aqc:auto_generated|_~616            ; |Q|ALU_unit3:inst|lpm_mux:Mux0|mux_aqc:auto_generated|_~616            ; out0             ;
; |Q|ALU_unit3:inst|lpm_mux:Mux0|mux_aqc:auto_generated|_~619            ; |Q|ALU_unit3:inst|lpm_mux:Mux0|mux_aqc:auto_generated|_~619            ; out0             ;
; |Q|ALU_unit3:inst|lpm_mux:Mux0|mux_aqc:auto_generated|_~620            ; |Q|ALU_unit3:inst|lpm_mux:Mux0|mux_aqc:auto_generated|_~620            ; out0             ;
; |Q|ALU_unit3:inst|lpm_mux:Mux0|mux_aqc:auto_generated|_~625            ; |Q|ALU_unit3:inst|lpm_mux:Mux0|mux_aqc:auto_generated|_~625            ; out0             ;
; |Q|ALU_unit3:inst|lpm_mux:Mux0|mux_aqc:auto_generated|_~627            ; |Q|ALU_unit3:inst|lpm_mux:Mux0|mux_aqc:auto_generated|_~627            ; out0             ;
; |Q|ALU_unit3:inst|lpm_mux:Mux0|mux_aqc:auto_generated|_~629            ; |Q|ALU_unit3:inst|lpm_mux:Mux0|mux_aqc:auto_generated|_~629            ; out0             ;
; |Q|ALU_unit3:inst|lpm_mux:Mux0|mux_aqc:auto_generated|_~634            ; |Q|ALU_unit3:inst|lpm_mux:Mux0|mux_aqc:auto_generated|_~634            ; out0             ;
; |Q|ALU_unit3:inst|lpm_mux:Mux0|mux_aqc:auto_generated|_~636            ; |Q|ALU_unit3:inst|lpm_mux:Mux0|mux_aqc:auto_generated|_~636            ; out0             ;
; |Q|ALU_unit3:inst|lpm_mux:Mux0|mux_aqc:auto_generated|_~638            ; |Q|ALU_unit3:inst|lpm_mux:Mux0|mux_aqc:auto_generated|_~638            ; out0             ;
; |Q|ALU_unit3:inst|lpm_mux:Mux0|mux_aqc:auto_generated|_~641            ; |Q|ALU_unit3:inst|lpm_mux:Mux0|mux_aqc:auto_generated|_~641            ; out0             ;
; |Q|ALU_unit3:inst|lpm_mux:Mux0|mux_aqc:auto_generated|_~642            ; |Q|ALU_unit3:inst|lpm_mux:Mux0|mux_aqc:auto_generated|_~642            ; out0             ;
; |Q|ALU_unit3:inst|lpm_mux:Mux0|mux_aqc:auto_generated|_~645            ; |Q|ALU_unit3:inst|lpm_mux:Mux0|mux_aqc:auto_generated|_~645            ; out0             ;
; |Q|ALU_unit3:inst|lpm_mux:Mux0|mux_aqc:auto_generated|_~647            ; |Q|ALU_unit3:inst|lpm_mux:Mux0|mux_aqc:auto_generated|_~647            ; out0             ;
; |Q|ALU_unit3:inst|lpm_mux:Mux0|mux_aqc:auto_generated|_~650            ; |Q|ALU_unit3:inst|lpm_mux:Mux0|mux_aqc:auto_generated|_~650            ; out0             ;
; |Q|ALU_unit3:inst|lpm_mux:Mux0|mux_aqc:auto_generated|_~652            ; |Q|ALU_unit3:inst|lpm_mux:Mux0|mux_aqc:auto_generated|_~652            ; out0             ;
; |Q|ALU_unit3:inst|lpm_mux:Mux0|mux_aqc:auto_generated|_~654            ; |Q|ALU_unit3:inst|lpm_mux:Mux0|mux_aqc:auto_generated|_~654            ; out0             ;
; |Q|ALU_unit3:inst|lpm_mux:Mux0|mux_aqc:auto_generated|_~659            ; |Q|ALU_unit3:inst|lpm_mux:Mux0|mux_aqc:auto_generated|_~659            ; out0             ;
; |Q|ALU_unit3:inst|lpm_mux:Mux0|mux_aqc:auto_generated|_~661            ; |Q|ALU_unit3:inst|lpm_mux:Mux0|mux_aqc:auto_generated|_~661            ; out0             ;
; |Q|ALU_unit3:inst|lpm_mux:Mux0|mux_aqc:auto_generated|_~663            ; |Q|ALU_unit3:inst|lpm_mux:Mux0|mux_aqc:auto_generated|_~663            ; out0             ;
; |Q|ALU_unit3:inst|lpm_mux:Mux0|mux_aqc:auto_generated|_~666            ; |Q|ALU_unit3:inst|lpm_mux:Mux0|mux_aqc:auto_generated|_~666            ; out0             ;
; |Q|ALU_unit3:inst|lpm_mux:Mux0|mux_aqc:auto_generated|_~667            ; |Q|ALU_unit3:inst|lpm_mux:Mux0|mux_aqc:auto_generated|_~667            ; out0             ;
; |Q|ALU_unit3:inst|lpm_mux:Mux0|mux_aqc:auto_generated|_~670            ; |Q|ALU_unit3:inst|lpm_mux:Mux0|mux_aqc:auto_generated|_~670            ; out0             ;
; |Q|ALU_unit3:inst|lpm_mux:Mux0|mux_aqc:auto_generated|_~676            ; |Q|ALU_unit3:inst|lpm_mux:Mux0|mux_aqc:auto_generated|_~676            ; out0             ;
; |Q|ALU_unit3:inst|lpm_mux:Mux0|mux_aqc:auto_generated|_~678            ; |Q|ALU_unit3:inst|lpm_mux:Mux0|mux_aqc:auto_generated|_~678            ; out0             ;
; |Q|ALU_unit3:inst|lpm_mux:Mux0|mux_aqc:auto_generated|_~680            ; |Q|ALU_unit3:inst|lpm_mux:Mux0|mux_aqc:auto_generated|_~680            ; out0             ;
; |Q|ALU_unit3:inst|lpm_mux:Mux0|mux_aqc:auto_generated|_~685            ; |Q|ALU_unit3:inst|lpm_mux:Mux0|mux_aqc:auto_generated|_~685            ; out0             ;
; |Q|ALU_unit3:inst|lpm_mux:Mux0|mux_aqc:auto_generated|_~687            ; |Q|ALU_unit3:inst|lpm_mux:Mux0|mux_aqc:auto_generated|_~687            ; out0             ;
; |Q|ALU_unit3:inst|lpm_mux:Mux0|mux_aqc:auto_generated|_~689            ; |Q|ALU_unit3:inst|lpm_mux:Mux0|mux_aqc:auto_generated|_~689            ; out0             ;
; |Q|ALU_unit3:inst|lpm_mux:Mux0|mux_aqc:auto_generated|_~692            ; |Q|ALU_unit3:inst|lpm_mux:Mux0|mux_aqc:auto_generated|_~692            ; out0             ;
; |Q|ALU_unit3:inst|lpm_mux:Mux0|mux_aqc:auto_generated|_~693            ; |Q|ALU_unit3:inst|lpm_mux:Mux0|mux_aqc:auto_generated|_~693            ; out0             ;
; |Q|ALU_unit3:inst|lpm_mux:Mux0|mux_aqc:auto_generated|_~696            ; |Q|ALU_unit3:inst|lpm_mux:Mux0|mux_aqc:auto_generated|_~696            ; out0             ;
; |Q|ALU_unit3:inst|lpm_mux:Mux0|mux_aqc:auto_generated|_~698            ; |Q|ALU_unit3:inst|lpm_mux:Mux0|mux_aqc:auto_generated|_~698            ; out0             ;
; |Q|ALU_unit3:inst|lpm_mux:Mux0|mux_aqc:auto_generated|_~701            ; |Q|ALU_unit3:inst|lpm_mux:Mux0|mux_aqc:auto_generated|_~701            ; out0             ;
; |Q|ALU_unit3:inst|lpm_mux:Mux0|mux_aqc:auto_generated|_~703            ; |Q|ALU_unit3:inst|lpm_mux:Mux0|mux_aqc:auto_generated|_~703            ; out0             ;
; |Q|ALU_unit3:inst|lpm_mux:Mux0|mux_aqc:auto_generated|_~705            ; |Q|ALU_unit3:inst|lpm_mux:Mux0|mux_aqc:auto_generated|_~705            ; out0             ;
; |Q|ALU_unit3:inst|lpm_mux:Mux0|mux_aqc:auto_generated|_~710            ; |Q|ALU_unit3:inst|lpm_mux:Mux0|mux_aqc:auto_generated|_~710            ; out0             ;
; |Q|ALU_unit3:inst|lpm_mux:Mux0|mux_aqc:auto_generated|_~712            ; |Q|ALU_unit3:inst|lpm_mux:Mux0|mux_aqc:auto_generated|_~712            ; out0             ;
; |Q|ALU_unit3:inst|lpm_mux:Mux0|mux_aqc:auto_generated|_~714            ; |Q|ALU_unit3:inst|lpm_mux:Mux0|mux_aqc:auto_generated|_~714            ; out0             ;
; |Q|ALU_unit3:inst|lpm_mux:Mux0|mux_aqc:auto_generated|_~717            ; |Q|ALU_unit3:inst|lpm_mux:Mux0|mux_aqc:auto_generated|_~717            ; out0             ;
; |Q|ALU_unit3:inst|lpm_mux:Mux0|mux_aqc:auto_generated|_~718            ; |Q|ALU_unit3:inst|lpm_mux:Mux0|mux_aqc:auto_generated|_~718            ; out0             ;
; |Q|ALU_unit3:inst|lpm_mux:Mux0|mux_aqc:auto_generated|_~721            ; |Q|ALU_unit3:inst|lpm_mux:Mux0|mux_aqc:auto_generated|_~721            ; out0             ;
; |Q|ALU_unit3:inst|lpm_mux:Mux0|mux_aqc:auto_generated|_~725            ; |Q|ALU_unit3:inst|lpm_mux:Mux0|mux_aqc:auto_generated|_~725            ; out0             ;
; |Q|ALU_unit3:inst|lpm_mux:Mux0|mux_aqc:auto_generated|_~727            ; |Q|ALU_unit3:inst|lpm_mux:Mux0|mux_aqc:auto_generated|_~727            ; out0             ;
; |Q|ALU_unit3:inst|lpm_mux:Mux0|mux_aqc:auto_generated|_~729            ; |Q|ALU_unit3:inst|lpm_mux:Mux0|mux_aqc:auto_generated|_~729            ; out0             ;
; |Q|ALU_unit3:inst|lpm_mux:Mux0|mux_aqc:auto_generated|_~734            ; |Q|ALU_unit3:inst|lpm_mux:Mux0|mux_aqc:auto_generated|_~734            ; out0             ;
; |Q|ALU_unit3:inst|lpm_mux:Mux0|mux_aqc:auto_generated|_~736            ; |Q|ALU_unit3:inst|lpm_mux:Mux0|mux_aqc:auto_generated|_~736            ; out0             ;
; |Q|ALU_unit3:inst|lpm_mux:Mux0|mux_aqc:auto_generated|_~738            ; |Q|ALU_unit3:inst|lpm_mux:Mux0|mux_aqc:auto_generated|_~738            ; out0             ;
; |Q|ALU_unit3:inst|lpm_mux:Mux0|mux_aqc:auto_generated|_~741            ; |Q|ALU_unit3:inst|lpm_mux:Mux0|mux_aqc:auto_generated|_~741            ; out0             ;
; |Q|ALU_unit3:inst|lpm_mux:Mux0|mux_aqc:auto_generated|_~742            ; |Q|ALU_unit3:inst|lpm_mux:Mux0|mux_aqc:auto_generated|_~742            ; out0             ;
; |Q|ALU_unit3:inst|lpm_mux:Mux0|mux_aqc:auto_generated|_~745            ; |Q|ALU_unit3:inst|lpm_mux:Mux0|mux_aqc:auto_generated|_~745            ; out0             ;
; |Q|ALU_unit3:inst|lpm_mux:Mux0|mux_aqc:auto_generated|_~746            ; |Q|ALU_unit3:inst|lpm_mux:Mux0|mux_aqc:auto_generated|_~746            ; out0             ;
; |Q|ALU_unit3:inst|lpm_mux:Mux0|mux_aqc:auto_generated|_~749            ; |Q|ALU_unit3:inst|lpm_mux:Mux0|mux_aqc:auto_generated|_~749            ; out0             ;
; |Q|ALU_unit3:inst|lpm_mux:Mux0|mux_aqc:auto_generated|_~751            ; |Q|ALU_unit3:inst|lpm_mux:Mux0|mux_aqc:auto_generated|_~751            ; out0             ;
; |Q|ALU_unit3:inst|lpm_mux:Mux0|mux_aqc:auto_generated|_~753            ; |Q|ALU_unit3:inst|lpm_mux:Mux0|mux_aqc:auto_generated|_~753            ; out0             ;
; |Q|ALU_unit3:inst|lpm_mux:Mux0|mux_aqc:auto_generated|_~755            ; |Q|ALU_unit3:inst|lpm_mux:Mux0|mux_aqc:auto_generated|_~755            ; out0             ;
; |Q|ALU_unit3:inst|lpm_mux:Mux0|mux_aqc:auto_generated|_~757            ; |Q|ALU_unit3:inst|lpm_mux:Mux0|mux_aqc:auto_generated|_~757            ; out0             ;
; |Q|ALU_unit3:inst|lpm_mux:Mux0|mux_aqc:auto_generated|_~762            ; |Q|ALU_unit3:inst|lpm_mux:Mux0|mux_aqc:auto_generated|_~762            ; out0             ;
; |Q|ALU_unit3:inst|lpm_mux:Mux0|mux_aqc:auto_generated|_~764            ; |Q|ALU_unit3:inst|lpm_mux:Mux0|mux_aqc:auto_generated|_~764            ; out0             ;
; |Q|ALU_unit3:inst|lpm_mux:Mux0|mux_aqc:auto_generated|_~766            ; |Q|ALU_unit3:inst|lpm_mux:Mux0|mux_aqc:auto_generated|_~766            ; out0             ;
; |Q|ALU_unit3:inst|lpm_mux:Mux0|mux_aqc:auto_generated|_~769            ; |Q|ALU_unit3:inst|lpm_mux:Mux0|mux_aqc:auto_generated|_~769            ; out0             ;
; |Q|ALU_unit3:inst|lpm_mux:Mux0|mux_aqc:auto_generated|_~770            ; |Q|ALU_unit3:inst|lpm_mux:Mux0|mux_aqc:auto_generated|_~770            ; out0             ;
; |Q|ALU_unit3:inst|lpm_mux:Mux0|mux_aqc:auto_generated|_~775            ; |Q|ALU_unit3:inst|lpm_mux:Mux0|mux_aqc:auto_generated|_~775            ; out0             ;
; |Q|ALU_unit3:inst|lpm_mux:Mux0|mux_aqc:auto_generated|_~777            ; |Q|ALU_unit3:inst|lpm_mux:Mux0|mux_aqc:auto_generated|_~777            ; out0             ;
; |Q|ALU_unit3:inst|lpm_mux:Mux0|mux_aqc:auto_generated|_~779            ; |Q|ALU_unit3:inst|lpm_mux:Mux0|mux_aqc:auto_generated|_~779            ; out0             ;
; |Q|ALU_unit3:inst|lpm_mux:Mux0|mux_aqc:auto_generated|_~784            ; |Q|ALU_unit3:inst|lpm_mux:Mux0|mux_aqc:auto_generated|_~784            ; out0             ;
; |Q|ALU_unit3:inst|lpm_mux:Mux0|mux_aqc:auto_generated|_~786            ; |Q|ALU_unit3:inst|lpm_mux:Mux0|mux_aqc:auto_generated|_~786            ; out0             ;
; |Q|ALU_unit3:inst|lpm_mux:Mux0|mux_aqc:auto_generated|_~788            ; |Q|ALU_unit3:inst|lpm_mux:Mux0|mux_aqc:auto_generated|_~788            ; out0             ;
; |Q|ALU_unit3:inst|lpm_mux:Mux0|mux_aqc:auto_generated|_~791            ; |Q|ALU_unit3:inst|lpm_mux:Mux0|mux_aqc:auto_generated|_~791            ; out0             ;
; |Q|ALU_unit3:inst|lpm_mux:Mux0|mux_aqc:auto_generated|_~792            ; |Q|ALU_unit3:inst|lpm_mux:Mux0|mux_aqc:auto_generated|_~792            ; out0             ;
; |Q|ALU_unit3:inst|lpm_mux:Mux0|mux_aqc:auto_generated|_~795            ; |Q|ALU_unit3:inst|lpm_mux:Mux0|mux_aqc:auto_generated|_~795            ; out0             ;
; |Q|ALU_unit3:inst|lpm_mux:Mux0|mux_aqc:auto_generated|_~797            ; |Q|ALU_unit3:inst|lpm_mux:Mux0|mux_aqc:auto_generated|_~797            ; out0             ;
; |Q|ALU_unit3:inst|lpm_mux:Mux0|mux_aqc:auto_generated|_~800            ; |Q|ALU_unit3:inst|lpm_mux:Mux0|mux_aqc:auto_generated|_~800            ; out0             ;
; |Q|ALU_unit3:inst|lpm_mux:Mux0|mux_aqc:auto_generated|_~802            ; |Q|ALU_unit3:inst|lpm_mux:Mux0|mux_aqc:auto_generated|_~802            ; out0             ;
; |Q|ALU_unit3:inst|lpm_mux:Mux0|mux_aqc:auto_generated|_~804            ; |Q|ALU_unit3:inst|lpm_mux:Mux0|mux_aqc:auto_generated|_~804            ; out0             ;
; |Q|ALU_unit3:inst|lpm_mux:Mux0|mux_aqc:auto_generated|_~809            ; |Q|ALU_unit3:inst|lpm_mux:Mux0|mux_aqc:auto_generated|_~809            ; out0             ;
; |Q|ALU_unit3:inst|lpm_mux:Mux0|mux_aqc:auto_generated|_~811            ; |Q|ALU_unit3:inst|lpm_mux:Mux0|mux_aqc:auto_generated|_~811            ; out0             ;
; |Q|ALU_unit3:inst|lpm_mux:Mux0|mux_aqc:auto_generated|_~813            ; |Q|ALU_unit3:inst|lpm_mux:Mux0|mux_aqc:auto_generated|_~813            ; out0             ;
; |Q|ALU_unit3:inst|lpm_mux:Mux0|mux_aqc:auto_generated|_~816            ; |Q|ALU_unit3:inst|lpm_mux:Mux0|mux_aqc:auto_generated|_~816            ; out0             ;
; |Q|ALU_unit3:inst|lpm_mux:Mux0|mux_aqc:auto_generated|_~817            ; |Q|ALU_unit3:inst|lpm_mux:Mux0|mux_aqc:auto_generated|_~817            ; out0             ;
; |Q|ALU_unit3:inst|lpm_mux:Mux0|mux_aqc:auto_generated|_~820            ; |Q|ALU_unit3:inst|lpm_mux:Mux0|mux_aqc:auto_generated|_~820            ; out0             ;
; |Q|ALU_unit3:inst|lpm_mux:Mux0|mux_aqc:auto_generated|_~826            ; |Q|ALU_unit3:inst|lpm_mux:Mux0|mux_aqc:auto_generated|_~826            ; out0             ;
; |Q|ALU_unit3:inst|lpm_mux:Mux0|mux_aqc:auto_generated|_~828            ; |Q|ALU_unit3:inst|lpm_mux:Mux0|mux_aqc:auto_generated|_~828            ; out0             ;
; |Q|ALU_unit3:inst|lpm_mux:Mux0|mux_aqc:auto_generated|_~830            ; |Q|ALU_unit3:inst|lpm_mux:Mux0|mux_aqc:auto_generated|_~830            ; out0             ;
; |Q|ALU_unit3:inst|lpm_mux:Mux0|mux_aqc:auto_generated|_~835            ; |Q|ALU_unit3:inst|lpm_mux:Mux0|mux_aqc:auto_generated|_~835            ; out0             ;
; |Q|ALU_unit3:inst|lpm_mux:Mux0|mux_aqc:auto_generated|_~837            ; |Q|ALU_unit3:inst|lpm_mux:Mux0|mux_aqc:auto_generated|_~837            ; out0             ;
; |Q|ALU_unit3:inst|lpm_mux:Mux0|mux_aqc:auto_generated|_~839            ; |Q|ALU_unit3:inst|lpm_mux:Mux0|mux_aqc:auto_generated|_~839            ; out0             ;
; |Q|ALU_unit3:inst|lpm_mux:Mux0|mux_aqc:auto_generated|_~842            ; |Q|ALU_unit3:inst|lpm_mux:Mux0|mux_aqc:auto_generated|_~842            ; out0             ;
; |Q|ALU_unit3:inst|lpm_mux:Mux0|mux_aqc:auto_generated|_~843            ; |Q|ALU_unit3:inst|lpm_mux:Mux0|mux_aqc:auto_generated|_~843            ; out0             ;
; |Q|ALU_unit3:inst|lpm_mux:Mux0|mux_aqc:auto_generated|_~846            ; |Q|ALU_unit3:inst|lpm_mux:Mux0|mux_aqc:auto_generated|_~846            ; out0             ;
; |Q|ALU_unit3:inst|lpm_mux:Mux0|mux_aqc:auto_generated|_~848            ; |Q|ALU_unit3:inst|lpm_mux:Mux0|mux_aqc:auto_generated|_~848            ; out0             ;
; |Q|ALU_unit3:inst|lpm_mux:Mux0|mux_aqc:auto_generated|_~851            ; |Q|ALU_unit3:inst|lpm_mux:Mux0|mux_aqc:auto_generated|_~851            ; out0             ;
; |Q|ALU_unit3:inst|lpm_mux:Mux0|mux_aqc:auto_generated|_~853            ; |Q|ALU_unit3:inst|lpm_mux:Mux0|mux_aqc:auto_generated|_~853            ; out0             ;
; |Q|ALU_unit3:inst|lpm_mux:Mux0|mux_aqc:auto_generated|_~855            ; |Q|ALU_unit3:inst|lpm_mux:Mux0|mux_aqc:auto_generated|_~855            ; out0             ;
; |Q|ALU_unit3:inst|lpm_mux:Mux0|mux_aqc:auto_generated|_~860            ; |Q|ALU_unit3:inst|lpm_mux:Mux0|mux_aqc:auto_generated|_~860            ; out0             ;
; |Q|ALU_unit3:inst|lpm_mux:Mux0|mux_aqc:auto_generated|_~862            ; |Q|ALU_unit3:inst|lpm_mux:Mux0|mux_aqc:auto_generated|_~862            ; out0             ;
; |Q|ALU_unit3:inst|lpm_mux:Mux0|mux_aqc:auto_generated|_~864            ; |Q|ALU_unit3:inst|lpm_mux:Mux0|mux_aqc:auto_generated|_~864            ; out0             ;
; |Q|ALU_unit3:inst|lpm_mux:Mux0|mux_aqc:auto_generated|_~867            ; |Q|ALU_unit3:inst|lpm_mux:Mux0|mux_aqc:auto_generated|_~867            ; out0             ;
; |Q|ALU_unit3:inst|lpm_mux:Mux0|mux_aqc:auto_generated|_~868            ; |Q|ALU_unit3:inst|lpm_mux:Mux0|mux_aqc:auto_generated|_~868            ; out0             ;
; |Q|ALU_unit3:inst|lpm_mux:Mux0|mux_aqc:auto_generated|_~871            ; |Q|ALU_unit3:inst|lpm_mux:Mux0|mux_aqc:auto_generated|_~871            ; out0             ;
; |Q|ALU_unit3:inst|lpm_mux:Mux0|mux_aqc:auto_generated|_~875            ; |Q|ALU_unit3:inst|lpm_mux:Mux0|mux_aqc:auto_generated|_~875            ; out0             ;
; |Q|ALU_unit3:inst|lpm_mux:Mux0|mux_aqc:auto_generated|_~877            ; |Q|ALU_unit3:inst|lpm_mux:Mux0|mux_aqc:auto_generated|_~877            ; out0             ;
; |Q|ALU_unit3:inst|lpm_mux:Mux0|mux_aqc:auto_generated|_~879            ; |Q|ALU_unit3:inst|lpm_mux:Mux0|mux_aqc:auto_generated|_~879            ; out0             ;
; |Q|ALU_unit3:inst|lpm_mux:Mux0|mux_aqc:auto_generated|_~884            ; |Q|ALU_unit3:inst|lpm_mux:Mux0|mux_aqc:auto_generated|_~884            ; out0             ;
; |Q|ALU_unit3:inst|lpm_mux:Mux0|mux_aqc:auto_generated|_~886            ; |Q|ALU_unit3:inst|lpm_mux:Mux0|mux_aqc:auto_generated|_~886            ; out0             ;
; |Q|ALU_unit3:inst|lpm_mux:Mux0|mux_aqc:auto_generated|_~888            ; |Q|ALU_unit3:inst|lpm_mux:Mux0|mux_aqc:auto_generated|_~888            ; out0             ;
; |Q|ALU_unit3:inst|lpm_mux:Mux0|mux_aqc:auto_generated|_~891            ; |Q|ALU_unit3:inst|lpm_mux:Mux0|mux_aqc:auto_generated|_~891            ; out0             ;
; |Q|ALU_unit3:inst|lpm_mux:Mux0|mux_aqc:auto_generated|_~892            ; |Q|ALU_unit3:inst|lpm_mux:Mux0|mux_aqc:auto_generated|_~892            ; out0             ;
; |Q|ALU_unit3:inst|lpm_mux:Mux0|mux_aqc:auto_generated|_~895            ; |Q|ALU_unit3:inst|lpm_mux:Mux0|mux_aqc:auto_generated|_~895            ; out0             ;
; |Q|ALU_unit3:inst|lpm_mux:Mux0|mux_aqc:auto_generated|_~896            ; |Q|ALU_unit3:inst|lpm_mux:Mux0|mux_aqc:auto_generated|_~896            ; out0             ;
; |Q|ALU_unit3:inst|lpm_mux:Mux0|mux_aqc:auto_generated|_~899            ; |Q|ALU_unit3:inst|lpm_mux:Mux0|mux_aqc:auto_generated|_~899            ; out0             ;
; |Q|ALU_unit3:inst|lpm_mux:Mux0|mux_aqc:auto_generated|_~900            ; |Q|ALU_unit3:inst|lpm_mux:Mux0|mux_aqc:auto_generated|_~900            ; out0             ;
; |Q|ALU_unit3:inst|lpm_mux:Mux0|mux_aqc:auto_generated|_~901            ; |Q|ALU_unit3:inst|lpm_mux:Mux0|mux_aqc:auto_generated|_~901            ; out0             ;
; |Q|ALU_unit3:inst|lpm_mux:Mux0|mux_aqc:auto_generated|_~902            ; |Q|ALU_unit3:inst|lpm_mux:Mux0|mux_aqc:auto_generated|_~902            ; out0             ;
; |Q|ALU_unit3:inst|lpm_mux:Mux0|mux_aqc:auto_generated|result_node[0]~0 ; |Q|ALU_unit3:inst|lpm_mux:Mux0|mux_aqc:auto_generated|result_node[0]~0 ; out0             ;
; |Q|ALU_unit3:inst|lpm_mux:Mux0|mux_aqc:auto_generated|_~903            ; |Q|ALU_unit3:inst|lpm_mux:Mux0|mux_aqc:auto_generated|_~903            ; out0             ;
; |Q|ALU_unit3:inst|lpm_mux:Mux0|mux_aqc:auto_generated|_~905            ; |Q|ALU_unit3:inst|lpm_mux:Mux0|mux_aqc:auto_generated|_~905            ; out0             ;
; |Q|ALU_unit3:inst|lpm_mux:Mux0|mux_aqc:auto_generated|_~907            ; |Q|ALU_unit3:inst|lpm_mux:Mux0|mux_aqc:auto_generated|_~907            ; out0             ;
; |Q|ALU_unit3:inst|lpm_mux:Mux0|mux_aqc:auto_generated|_~909            ; |Q|ALU_unit3:inst|lpm_mux:Mux0|mux_aqc:auto_generated|_~909            ; out0             ;
; |Q|ALU_unit3:inst|lpm_mux:Mux0|mux_aqc:auto_generated|_~914            ; |Q|ALU_unit3:inst|lpm_mux:Mux0|mux_aqc:auto_generated|_~914            ; out0             ;
; |Q|ALU_unit3:inst|lpm_mux:Mux0|mux_aqc:auto_generated|_~916            ; |Q|ALU_unit3:inst|lpm_mux:Mux0|mux_aqc:auto_generated|_~916            ; out0             ;
; |Q|ALU_unit3:inst|lpm_mux:Mux0|mux_aqc:auto_generated|_~918            ; |Q|ALU_unit3:inst|lpm_mux:Mux0|mux_aqc:auto_generated|_~918            ; out0             ;
; |Q|ALU_unit3:inst|lpm_mux:Mux0|mux_aqc:auto_generated|_~921            ; |Q|ALU_unit3:inst|lpm_mux:Mux0|mux_aqc:auto_generated|_~921            ; out0             ;
; |Q|ALU_unit3:inst|lpm_mux:Mux0|mux_aqc:auto_generated|_~922            ; |Q|ALU_unit3:inst|lpm_mux:Mux0|mux_aqc:auto_generated|_~922            ; out0             ;
; |Q|ALU_unit3:inst|lpm_mux:Mux0|mux_aqc:auto_generated|_~927            ; |Q|ALU_unit3:inst|lpm_mux:Mux0|mux_aqc:auto_generated|_~927            ; out0             ;
; |Q|ALU_unit3:inst|lpm_mux:Mux0|mux_aqc:auto_generated|_~928            ; |Q|ALU_unit3:inst|lpm_mux:Mux0|mux_aqc:auto_generated|_~928            ; out0             ;
; |Q|ALU_unit3:inst|lpm_mux:Mux0|mux_aqc:auto_generated|_~929            ; |Q|ALU_unit3:inst|lpm_mux:Mux0|mux_aqc:auto_generated|_~929            ; out0             ;
; |Q|ALU_unit3:inst|lpm_mux:Mux0|mux_aqc:auto_generated|_~930            ; |Q|ALU_unit3:inst|lpm_mux:Mux0|mux_aqc:auto_generated|_~930            ; out0             ;
; |Q|ALU_unit3:inst|lpm_mux:Mux0|mux_aqc:auto_generated|_~931            ; |Q|ALU_unit3:inst|lpm_mux:Mux0|mux_aqc:auto_generated|_~931            ; out0             ;
; |Q|ALU_unit3:inst|lpm_mux:Mux0|mux_aqc:auto_generated|_~933            ; |Q|ALU_unit3:inst|lpm_mux:Mux0|mux_aqc:auto_generated|_~933            ; out0             ;
; |Q|ALU_unit3:inst|lpm_mux:Mux0|mux_aqc:auto_generated|_~934            ; |Q|ALU_unit3:inst|lpm_mux:Mux0|mux_aqc:auto_generated|_~934            ; out0             ;
; |Q|ALU_unit3:inst|lpm_mux:Mux0|mux_aqc:auto_generated|_~936            ; |Q|ALU_unit3:inst|lpm_mux:Mux0|mux_aqc:auto_generated|_~936            ; out0             ;
; |Q|ALU_unit3:inst|lpm_mux:Mux0|mux_aqc:auto_generated|_~937            ; |Q|ALU_unit3:inst|lpm_mux:Mux0|mux_aqc:auto_generated|_~937            ; out0             ;
; |Q|ALU_unit3:inst|lpm_mux:Mux0|mux_aqc:auto_generated|_~938            ; |Q|ALU_unit3:inst|lpm_mux:Mux0|mux_aqc:auto_generated|_~938            ; out0             ;
; |Q|ALU_unit3:inst|lpm_mux:Mux0|mux_aqc:auto_generated|_~939            ; |Q|ALU_unit3:inst|lpm_mux:Mux0|mux_aqc:auto_generated|_~939            ; out0             ;
; |Q|ALU_unit3:inst|lpm_mux:Mux0|mux_aqc:auto_generated|_~940            ; |Q|ALU_unit3:inst|lpm_mux:Mux0|mux_aqc:auto_generated|_~940            ; out0             ;
; |Q|ALU_unit3:inst|lpm_mux:Mux0|mux_aqc:auto_generated|_~942            ; |Q|ALU_unit3:inst|lpm_mux:Mux0|mux_aqc:auto_generated|_~942            ; out0             ;
; |Q|ALU_unit3:inst|lpm_mux:Mux0|mux_aqc:auto_generated|_~943            ; |Q|ALU_unit3:inst|lpm_mux:Mux0|mux_aqc:auto_generated|_~943            ; out0             ;
; |Q|ALU_unit3:inst|lpm_mux:Mux0|mux_aqc:auto_generated|_~944            ; |Q|ALU_unit3:inst|lpm_mux:Mux0|mux_aqc:auto_generated|_~944            ; out0             ;
; |Q|ALU_unit3:inst|lpm_mux:Mux0|mux_aqc:auto_generated|_~945            ; |Q|ALU_unit3:inst|lpm_mux:Mux0|mux_aqc:auto_generated|_~945            ; out0             ;
; |Q|ALU_unit3:inst|lpm_mux:Mux0|mux_aqc:auto_generated|_~946            ; |Q|ALU_unit3:inst|lpm_mux:Mux0|mux_aqc:auto_generated|_~946            ; out0             ;
; |Q|ALU_unit3:inst|lpm_mux:Mux0|mux_aqc:auto_generated|_~947            ; |Q|ALU_unit3:inst|lpm_mux:Mux0|mux_aqc:auto_generated|_~947            ; out0             ;
; |Q|ALU_unit3:inst|lpm_mux:Mux0|mux_aqc:auto_generated|_~948            ; |Q|ALU_unit3:inst|lpm_mux:Mux0|mux_aqc:auto_generated|_~948            ; out0             ;
; |Q|ALU_unit3:inst|lpm_mux:Mux0|mux_aqc:auto_generated|_~949            ; |Q|ALU_unit3:inst|lpm_mux:Mux0|mux_aqc:auto_generated|_~949            ; out0             ;
; |Q|ALU_unit3:inst|lpm_mux:Mux0|mux_aqc:auto_generated|_~950            ; |Q|ALU_unit3:inst|lpm_mux:Mux0|mux_aqc:auto_generated|_~950            ; out0             ;
; |Q|ALU_unit3:inst|lpm_mux:Mux0|mux_aqc:auto_generated|_~952            ; |Q|ALU_unit3:inst|lpm_mux:Mux0|mux_aqc:auto_generated|_~952            ; out0             ;
; |Q|ALU_unit3:inst|lpm_mux:Mux0|mux_aqc:auto_generated|_~954            ; |Q|ALU_unit3:inst|lpm_mux:Mux0|mux_aqc:auto_generated|_~954            ; out0             ;
; |Q|ALU_unit3:inst|lpm_mux:Mux0|mux_aqc:auto_generated|_~956            ; |Q|ALU_unit3:inst|lpm_mux:Mux0|mux_aqc:auto_generated|_~956            ; out0             ;
; |Q|ALU_unit3:inst|lpm_mux:Mux0|mux_aqc:auto_generated|_~961            ; |Q|ALU_unit3:inst|lpm_mux:Mux0|mux_aqc:auto_generated|_~961            ; out0             ;
; |Q|ALU_unit3:inst|lpm_mux:Mux0|mux_aqc:auto_generated|_~963            ; |Q|ALU_unit3:inst|lpm_mux:Mux0|mux_aqc:auto_generated|_~963            ; out0             ;
; |Q|ALU_unit3:inst|lpm_mux:Mux0|mux_aqc:auto_generated|_~965            ; |Q|ALU_unit3:inst|lpm_mux:Mux0|mux_aqc:auto_generated|_~965            ; out0             ;
; |Q|ALU_unit3:inst|lpm_mux:Mux0|mux_aqc:auto_generated|_~968            ; |Q|ALU_unit3:inst|lpm_mux:Mux0|mux_aqc:auto_generated|_~968            ; out0             ;
; |Q|ALU_unit3:inst|lpm_mux:Mux0|mux_aqc:auto_generated|_~969            ; |Q|ALU_unit3:inst|lpm_mux:Mux0|mux_aqc:auto_generated|_~969            ; out0             ;
; |Q|ALU_unit3:inst|lpm_mux:Mux0|mux_aqc:auto_generated|_~972            ; |Q|ALU_unit3:inst|lpm_mux:Mux0|mux_aqc:auto_generated|_~972            ; out0             ;
; |Q|ALU_unit3:inst|lpm_mux:Mux0|mux_aqc:auto_generated|_~974            ; |Q|ALU_unit3:inst|lpm_mux:Mux0|mux_aqc:auto_generated|_~974            ; out0             ;
; |Q|ALU_unit3:inst|lpm_mux:Mux0|mux_aqc:auto_generated|_~975            ; |Q|ALU_unit3:inst|lpm_mux:Mux0|mux_aqc:auto_generated|_~975            ; out0             ;
; |Q|ALU_unit3:inst|lpm_mux:Mux0|mux_aqc:auto_generated|_~978            ; |Q|ALU_unit3:inst|lpm_mux:Mux0|mux_aqc:auto_generated|_~978            ; out0             ;
; |Q|ALU_unit3:inst|lpm_mux:Mux0|mux_aqc:auto_generated|_~979            ; |Q|ALU_unit3:inst|lpm_mux:Mux0|mux_aqc:auto_generated|_~979            ; out0             ;
; |Q|ALU_unit3:inst|lpm_mux:Mux0|mux_aqc:auto_generated|_~980            ; |Q|ALU_unit3:inst|lpm_mux:Mux0|mux_aqc:auto_generated|_~980            ; out0             ;
; |Q|ALU_unit3:inst|lpm_mux:Mux0|mux_aqc:auto_generated|_~981            ; |Q|ALU_unit3:inst|lpm_mux:Mux0|mux_aqc:auto_generated|_~981            ; out0             ;
; |Q|ALU_unit3:inst|lpm_mux:Mux0|mux_aqc:auto_generated|_~982            ; |Q|ALU_unit3:inst|lpm_mux:Mux0|mux_aqc:auto_generated|_~982            ; out0             ;
; |Q|ALU_unit3:inst|lpm_mux:Mux0|mux_aqc:auto_generated|_~984            ; |Q|ALU_unit3:inst|lpm_mux:Mux0|mux_aqc:auto_generated|_~984            ; out0             ;
; |Q|ALU_unit3:inst|lpm_mux:Mux0|mux_aqc:auto_generated|_~985            ; |Q|ALU_unit3:inst|lpm_mux:Mux0|mux_aqc:auto_generated|_~985            ; out0             ;
; |Q|ALU_unit3:inst|lpm_mux:Mux0|mux_aqc:auto_generated|_~987            ; |Q|ALU_unit3:inst|lpm_mux:Mux0|mux_aqc:auto_generated|_~987            ; out0             ;
; |Q|ALU_unit3:inst|lpm_mux:Mux0|mux_aqc:auto_generated|_~988            ; |Q|ALU_unit3:inst|lpm_mux:Mux0|mux_aqc:auto_generated|_~988            ; out0             ;
; |Q|ALU_unit3:inst|lpm_mux:Mux0|mux_aqc:auto_generated|_~989            ; |Q|ALU_unit3:inst|lpm_mux:Mux0|mux_aqc:auto_generated|_~989            ; out0             ;
; |Q|ALU_unit3:inst|lpm_mux:Mux0|mux_aqc:auto_generated|_~990            ; |Q|ALU_unit3:inst|lpm_mux:Mux0|mux_aqc:auto_generated|_~990            ; out0             ;
; |Q|ALU_unit3:inst|lpm_mux:Mux0|mux_aqc:auto_generated|_~991            ; |Q|ALU_unit3:inst|lpm_mux:Mux0|mux_aqc:auto_generated|_~991            ; out0             ;
; |Q|ALU_unit3:inst|lpm_mux:Mux0|mux_aqc:auto_generated|_~993            ; |Q|ALU_unit3:inst|lpm_mux:Mux0|mux_aqc:auto_generated|_~993            ; out0             ;
; |Q|ALU_unit3:inst|lpm_mux:Mux0|mux_aqc:auto_generated|_~994            ; |Q|ALU_unit3:inst|lpm_mux:Mux0|mux_aqc:auto_generated|_~994            ; out0             ;
; |Q|ALU_unit3:inst|lpm_mux:Mux0|mux_aqc:auto_generated|_~995            ; |Q|ALU_unit3:inst|lpm_mux:Mux0|mux_aqc:auto_generated|_~995            ; out0             ;
; |Q|ALU_unit3:inst|lpm_mux:Mux0|mux_aqc:auto_generated|_~996            ; |Q|ALU_unit3:inst|lpm_mux:Mux0|mux_aqc:auto_generated|_~996            ; out0             ;
; |Q|ALU_unit3:inst|lpm_mux:Mux0|mux_aqc:auto_generated|_~997            ; |Q|ALU_unit3:inst|lpm_mux:Mux0|mux_aqc:auto_generated|_~997            ; out0             ;
; |Q|ALU_unit3:inst|lpm_mux:Mux0|mux_aqc:auto_generated|_~998            ; |Q|ALU_unit3:inst|lpm_mux:Mux0|mux_aqc:auto_generated|_~998            ; out0             ;
; |Q|ALU_unit3:inst|lpm_mux:Mux0|mux_aqc:auto_generated|_~999            ; |Q|ALU_unit3:inst|lpm_mux:Mux0|mux_aqc:auto_generated|_~999            ; out0             ;
; |Q|ALU_unit3:inst|lpm_mux:Mux0|mux_aqc:auto_generated|_~1000           ; |Q|ALU_unit3:inst|lpm_mux:Mux0|mux_aqc:auto_generated|_~1000           ; out0             ;
; |Q|ALU_unit3:inst|lpm_mux:Mux0|mux_aqc:auto_generated|_~1001           ; |Q|ALU_unit3:inst|lpm_mux:Mux0|mux_aqc:auto_generated|_~1001           ; out0             ;
; |Q|ALU_unit3:inst|lpm_mux:Mux0|mux_aqc:auto_generated|_~1003           ; |Q|ALU_unit3:inst|lpm_mux:Mux0|mux_aqc:auto_generated|_~1003           ; out0             ;
; |Q|ALU_unit3:inst|lpm_mux:Mux0|mux_aqc:auto_generated|_~1005           ; |Q|ALU_unit3:inst|lpm_mux:Mux0|mux_aqc:auto_generated|_~1005           ; out0             ;
; |Q|ALU_unit3:inst|lpm_mux:Mux0|mux_aqc:auto_generated|_~1007           ; |Q|ALU_unit3:inst|lpm_mux:Mux0|mux_aqc:auto_generated|_~1007           ; out0             ;
; |Q|ALU_unit3:inst|lpm_mux:Mux0|mux_aqc:auto_generated|_~1012           ; |Q|ALU_unit3:inst|lpm_mux:Mux0|mux_aqc:auto_generated|_~1012           ; out0             ;
; |Q|ALU_unit3:inst|lpm_mux:Mux0|mux_aqc:auto_generated|_~1014           ; |Q|ALU_unit3:inst|lpm_mux:Mux0|mux_aqc:auto_generated|_~1014           ; out0             ;
; |Q|ALU_unit3:inst|lpm_mux:Mux0|mux_aqc:auto_generated|_~1016           ; |Q|ALU_unit3:inst|lpm_mux:Mux0|mux_aqc:auto_generated|_~1016           ; out0             ;
; |Q|ALU_unit3:inst|lpm_mux:Mux0|mux_aqc:auto_generated|_~1019           ; |Q|ALU_unit3:inst|lpm_mux:Mux0|mux_aqc:auto_generated|_~1019           ; out0             ;
; |Q|ALU_unit3:inst|lpm_mux:Mux0|mux_aqc:auto_generated|_~1020           ; |Q|ALU_unit3:inst|lpm_mux:Mux0|mux_aqc:auto_generated|_~1020           ; out0             ;
; |Q|ALU_unit3:inst|lpm_mux:Mux0|mux_aqc:auto_generated|_~1023           ; |Q|ALU_unit3:inst|lpm_mux:Mux0|mux_aqc:auto_generated|_~1023           ; out0             ;
; |Q|ALU_unit3:inst|lpm_mux:Mux0|mux_aqc:auto_generated|_~1025           ; |Q|ALU_unit3:inst|lpm_mux:Mux0|mux_aqc:auto_generated|_~1025           ; out0             ;
; |Q|ALU_unit3:inst|lpm_mux:Mux0|mux_aqc:auto_generated|_~1027           ; |Q|ALU_unit3:inst|lpm_mux:Mux0|mux_aqc:auto_generated|_~1027           ; out0             ;
; |Q|ALU_unit3:inst|lpm_mux:Mux0|mux_aqc:auto_generated|_~1029           ; |Q|ALU_unit3:inst|lpm_mux:Mux0|mux_aqc:auto_generated|_~1029           ; out0             ;
; |Q|ALU_unit3:inst|lpm_mux:Mux0|mux_aqc:auto_generated|_~1031           ; |Q|ALU_unit3:inst|lpm_mux:Mux0|mux_aqc:auto_generated|_~1031           ; out0             ;
; |Q|ALU_unit3:inst|lpm_mux:Mux0|mux_aqc:auto_generated|_~1036           ; |Q|ALU_unit3:inst|lpm_mux:Mux0|mux_aqc:auto_generated|_~1036           ; out0             ;
; |Q|ALU_unit3:inst|lpm_mux:Mux0|mux_aqc:auto_generated|_~1038           ; |Q|ALU_unit3:inst|lpm_mux:Mux0|mux_aqc:auto_generated|_~1038           ; out0             ;
; |Q|ALU_unit3:inst|lpm_mux:Mux0|mux_aqc:auto_generated|_~1040           ; |Q|ALU_unit3:inst|lpm_mux:Mux0|mux_aqc:auto_generated|_~1040           ; out0             ;
; |Q|ALU_unit3:inst|lpm_mux:Mux0|mux_aqc:auto_generated|_~1043           ; |Q|ALU_unit3:inst|lpm_mux:Mux0|mux_aqc:auto_generated|_~1043           ; out0             ;
; |Q|ALU_unit3:inst|lpm_mux:Mux0|mux_aqc:auto_generated|_~1044           ; |Q|ALU_unit3:inst|lpm_mux:Mux0|mux_aqc:auto_generated|_~1044           ; out0             ;
; |Q|ALU_unit3:inst|lpm_mux:Mux0|mux_aqc:auto_generated|_~1047           ; |Q|ALU_unit3:inst|lpm_mux:Mux0|mux_aqc:auto_generated|_~1047           ; out0             ;
; |Q|ALU_unit3:inst|lpm_mux:Mux0|mux_aqc:auto_generated|_~1048           ; |Q|ALU_unit3:inst|lpm_mux:Mux0|mux_aqc:auto_generated|_~1048           ; out0             ;
; |Q|ALU_unit3:inst|lpm_mux:Mux0|mux_aqc:auto_generated|_~1049           ; |Q|ALU_unit3:inst|lpm_mux:Mux0|mux_aqc:auto_generated|_~1049           ; out0             ;
; |Q|ALU_unit3:inst|lpm_mux:Mux0|mux_aqc:auto_generated|_~1050           ; |Q|ALU_unit3:inst|lpm_mux:Mux0|mux_aqc:auto_generated|_~1050           ; out0             ;
; |Q|ALU_unit3:inst|lpm_mux:Mux0|mux_aqc:auto_generated|_~1051           ; |Q|ALU_unit3:inst|lpm_mux:Mux0|mux_aqc:auto_generated|_~1051           ; out0             ;
; |Q|ALU_unit3:inst|lpm_mux:Mux0|mux_aqc:auto_generated|_~1053           ; |Q|ALU_unit3:inst|lpm_mux:Mux0|mux_aqc:auto_generated|_~1053           ; out0             ;
; |Q|ALU_unit3:inst|lpm_mux:Mux0|mux_aqc:auto_generated|_~1054           ; |Q|ALU_unit3:inst|lpm_mux:Mux0|mux_aqc:auto_generated|_~1054           ; out0             ;
; |Q|ALU_unit3:inst|lpm_mux:Mux0|mux_aqc:auto_generated|_~1055           ; |Q|ALU_unit3:inst|lpm_mux:Mux0|mux_aqc:auto_generated|_~1055           ; out0             ;
; |Q|ALU_unit3:inst|lpm_mux:Mux0|mux_aqc:auto_generated|_~1056           ; |Q|ALU_unit3:inst|lpm_mux:Mux0|mux_aqc:auto_generated|_~1056           ; out0             ;
; |Q|ALU_unit3:inst|lpm_mux:Mux0|mux_aqc:auto_generated|_~1057           ; |Q|ALU_unit3:inst|lpm_mux:Mux0|mux_aqc:auto_generated|_~1057           ; out0             ;
; |Q|ALU_unit3:inst|lpm_mux:Mux0|mux_aqc:auto_generated|_~1059           ; |Q|ALU_unit3:inst|lpm_mux:Mux0|mux_aqc:auto_generated|_~1059           ; out0             ;
; |Q|ALU_unit3:inst|lpm_mux:Mux0|mux_aqc:auto_generated|_~1060           ; |Q|ALU_unit3:inst|lpm_mux:Mux0|mux_aqc:auto_generated|_~1060           ; out0             ;
; |Q|ALU_unit3:inst|lpm_mux:Mux0|mux_aqc:auto_generated|_~1062           ; |Q|ALU_unit3:inst|lpm_mux:Mux0|mux_aqc:auto_generated|_~1062           ; out0             ;
; |Q|ALU_unit3:inst|lpm_mux:Mux0|mux_aqc:auto_generated|_~1063           ; |Q|ALU_unit3:inst|lpm_mux:Mux0|mux_aqc:auto_generated|_~1063           ; out0             ;
; |Q|ALU_unit3:inst|lpm_mux:Mux0|mux_aqc:auto_generated|_~1064           ; |Q|ALU_unit3:inst|lpm_mux:Mux0|mux_aqc:auto_generated|_~1064           ; out0             ;
; |Q|ALU_unit3:inst|lpm_mux:Mux0|mux_aqc:auto_generated|_~1065           ; |Q|ALU_unit3:inst|lpm_mux:Mux0|mux_aqc:auto_generated|_~1065           ; out0             ;
; |Q|ALU_unit3:inst|lpm_mux:Mux0|mux_aqc:auto_generated|_~1066           ; |Q|ALU_unit3:inst|lpm_mux:Mux0|mux_aqc:auto_generated|_~1066           ; out0             ;
; |Q|ALU_unit3:inst|lpm_mux:Mux0|mux_aqc:auto_generated|_~1068           ; |Q|ALU_unit3:inst|lpm_mux:Mux0|mux_aqc:auto_generated|_~1068           ; out0             ;
; |Q|ALU_unit3:inst|lpm_mux:Mux0|mux_aqc:auto_generated|_~1069           ; |Q|ALU_unit3:inst|lpm_mux:Mux0|mux_aqc:auto_generated|_~1069           ; out0             ;
; |Q|ALU_unit3:inst|lpm_mux:Mux0|mux_aqc:auto_generated|_~1070           ; |Q|ALU_unit3:inst|lpm_mux:Mux0|mux_aqc:auto_generated|_~1070           ; out0             ;
; |Q|ALU_unit3:inst|lpm_mux:Mux0|mux_aqc:auto_generated|_~1071           ; |Q|ALU_unit3:inst|lpm_mux:Mux0|mux_aqc:auto_generated|_~1071           ; out0             ;
; |Q|ALU_unit3:inst|lpm_mux:Mux0|mux_aqc:auto_generated|_~1072           ; |Q|ALU_unit3:inst|lpm_mux:Mux0|mux_aqc:auto_generated|_~1072           ; out0             ;
; |Q|ALU_unit3:inst|lpm_mux:Mux0|mux_aqc:auto_generated|_~1073           ; |Q|ALU_unit3:inst|lpm_mux:Mux0|mux_aqc:auto_generated|_~1073           ; out0             ;
; |Q|ALU_unit3:inst|lpm_mux:Mux0|mux_aqc:auto_generated|_~1074           ; |Q|ALU_unit3:inst|lpm_mux:Mux0|mux_aqc:auto_generated|_~1074           ; out0             ;
; |Q|ALU_unit3:inst|lpm_mux:Mux0|mux_aqc:auto_generated|_~1075           ; |Q|ALU_unit3:inst|lpm_mux:Mux0|mux_aqc:auto_generated|_~1075           ; out0             ;
; |Q|ALU_unit3:inst|lpm_mux:Mux0|mux_aqc:auto_generated|_~1076           ; |Q|ALU_unit3:inst|lpm_mux:Mux0|mux_aqc:auto_generated|_~1076           ; out0             ;
; |Q|ALU_unit3:inst|lpm_mux:Mux0|mux_aqc:auto_generated|_~1077           ; |Q|ALU_unit3:inst|lpm_mux:Mux0|mux_aqc:auto_generated|_~1077           ; out0             ;
; |Q|ALU_unit3:inst|lpm_mux:Mux0|mux_aqc:auto_generated|_~1078           ; |Q|ALU_unit3:inst|lpm_mux:Mux0|mux_aqc:auto_generated|_~1078           ; out0             ;
; |Q|ALU_unit3:inst|lpm_mux:Mux0|mux_aqc:auto_generated|_~1079           ; |Q|ALU_unit3:inst|lpm_mux:Mux0|mux_aqc:auto_generated|_~1079           ; out0             ;
; |Q|ALU_unit3:inst|lpm_mux:Mux0|mux_aqc:auto_generated|_~1080           ; |Q|ALU_unit3:inst|lpm_mux:Mux0|mux_aqc:auto_generated|_~1080           ; out0             ;
; |Q|ALU_unit3:inst|lpm_mux:Mux0|mux_aqc:auto_generated|_~1081           ; |Q|ALU_unit3:inst|lpm_mux:Mux0|mux_aqc:auto_generated|_~1081           ; out0             ;
; |Q|ALU_unit3:inst|lpm_mux:Mux0|mux_aqc:auto_generated|_~1082           ; |Q|ALU_unit3:inst|lpm_mux:Mux0|mux_aqc:auto_generated|_~1082           ; out0             ;
; |Q|ALU_unit3:inst|lpm_mux:Mux0|mux_aqc:auto_generated|_~1083           ; |Q|ALU_unit3:inst|lpm_mux:Mux0|mux_aqc:auto_generated|_~1083           ; out0             ;
; |Q|ALU_unit3:inst|lpm_mux:Mux0|mux_aqc:auto_generated|_~1084           ; |Q|ALU_unit3:inst|lpm_mux:Mux0|mux_aqc:auto_generated|_~1084           ; out0             ;
; |Q|ALU_unit3:inst|lpm_mux:Mux0|mux_aqc:auto_generated|_~1085           ; |Q|ALU_unit3:inst|lpm_mux:Mux0|mux_aqc:auto_generated|_~1085           ; out0             ;
; |Q|ALU_unit3:inst|lpm_mux:Mux0|mux_aqc:auto_generated|_~1086           ; |Q|ALU_unit3:inst|lpm_mux:Mux0|mux_aqc:auto_generated|_~1086           ; out0             ;
; |Q|ALU_unit3:inst|lpm_mux:Mux0|mux_aqc:auto_generated|_~1087           ; |Q|ALU_unit3:inst|lpm_mux:Mux0|mux_aqc:auto_generated|_~1087           ; out0             ;
; |Q|ALU_unit3:inst|lpm_mux:Mux0|mux_aqc:auto_generated|_~1088           ; |Q|ALU_unit3:inst|lpm_mux:Mux0|mux_aqc:auto_generated|_~1088           ; out0             ;
; |Q|ALU_unit3:inst|lpm_mux:Mux0|mux_aqc:auto_generated|_~1089           ; |Q|ALU_unit3:inst|lpm_mux:Mux0|mux_aqc:auto_generated|_~1089           ; out0             ;
; |Q|ALU_unit3:inst|lpm_mux:Mux0|mux_aqc:auto_generated|_~1090           ; |Q|ALU_unit3:inst|lpm_mux:Mux0|mux_aqc:auto_generated|_~1090           ; out0             ;
; |Q|ALU_unit3:inst|lpm_mux:Mux0|mux_aqc:auto_generated|_~1091           ; |Q|ALU_unit3:inst|lpm_mux:Mux0|mux_aqc:auto_generated|_~1091           ; out0             ;
; |Q|ALU_unit3:inst|lpm_mux:Mux0|mux_aqc:auto_generated|_~1092           ; |Q|ALU_unit3:inst|lpm_mux:Mux0|mux_aqc:auto_generated|_~1092           ; out0             ;
; |Q|ALU_unit3:inst|lpm_mux:Mux0|mux_aqc:auto_generated|_~1093           ; |Q|ALU_unit3:inst|lpm_mux:Mux0|mux_aqc:auto_generated|_~1093           ; out0             ;
; |Q|ALU_unit3:inst|lpm_mux:Mux0|mux_aqc:auto_generated|_~1094           ; |Q|ALU_unit3:inst|lpm_mux:Mux0|mux_aqc:auto_generated|_~1094           ; out0             ;
; |Q|ALU_unit3:inst|lpm_mux:Mux0|mux_aqc:auto_generated|_~1095           ; |Q|ALU_unit3:inst|lpm_mux:Mux0|mux_aqc:auto_generated|_~1095           ; out0             ;
; |Q|ALU_unit3:inst|lpm_mux:Mux0|mux_aqc:auto_generated|_~1096           ; |Q|ALU_unit3:inst|lpm_mux:Mux0|mux_aqc:auto_generated|_~1096           ; out0             ;
; |Q|ALU_unit3:inst|lpm_mux:Mux0|mux_aqc:auto_generated|_~1097           ; |Q|ALU_unit3:inst|lpm_mux:Mux0|mux_aqc:auto_generated|_~1097           ; out0             ;
; |Q|ALU_unit3:inst|lpm_mux:Mux0|mux_aqc:auto_generated|_~1098           ; |Q|ALU_unit3:inst|lpm_mux:Mux0|mux_aqc:auto_generated|_~1098           ; out0             ;
; |Q|ALU_unit3:inst|lpm_mux:Mux0|mux_aqc:auto_generated|_~1100           ; |Q|ALU_unit3:inst|lpm_mux:Mux0|mux_aqc:auto_generated|_~1100           ; out0             ;
; |Q|ALU_unit3:inst|lpm_mux:Mux0|mux_aqc:auto_generated|_~1101           ; |Q|ALU_unit3:inst|lpm_mux:Mux0|mux_aqc:auto_generated|_~1101           ; out0             ;
; |Q|ALU_unit3:inst|lpm_mux:Mux0|mux_aqc:auto_generated|_~1102           ; |Q|ALU_unit3:inst|lpm_mux:Mux0|mux_aqc:auto_generated|_~1102           ; out0             ;
; |Q|ALU_unit3:inst|lpm_mux:Mux0|mux_aqc:auto_generated|_~1103           ; |Q|ALU_unit3:inst|lpm_mux:Mux0|mux_aqc:auto_generated|_~1103           ; out0             ;
; |Q|ALU_unit3:inst|lpm_mux:Mux0|mux_aqc:auto_generated|_~1104           ; |Q|ALU_unit3:inst|lpm_mux:Mux0|mux_aqc:auto_generated|_~1104           ; out0             ;
; |Q|ALU_unit3:inst|lpm_mux:Mux0|mux_aqc:auto_generated|_~1106           ; |Q|ALU_unit3:inst|lpm_mux:Mux0|mux_aqc:auto_generated|_~1106           ; out0             ;
; |Q|ALU_unit3:inst|lpm_mux:Mux0|mux_aqc:auto_generated|_~1107           ; |Q|ALU_unit3:inst|lpm_mux:Mux0|mux_aqc:auto_generated|_~1107           ; out0             ;
; |Q|ALU_unit3:inst|lpm_mux:Mux0|mux_aqc:auto_generated|_~1109           ; |Q|ALU_unit3:inst|lpm_mux:Mux0|mux_aqc:auto_generated|_~1109           ; out0             ;
; |Q|ALU_unit3:inst|lpm_mux:Mux0|mux_aqc:auto_generated|_~1110           ; |Q|ALU_unit3:inst|lpm_mux:Mux0|mux_aqc:auto_generated|_~1110           ; out0             ;
; |Q|ALU_unit3:inst|lpm_mux:Mux0|mux_aqc:auto_generated|_~1111           ; |Q|ALU_unit3:inst|lpm_mux:Mux0|mux_aqc:auto_generated|_~1111           ; out0             ;
; |Q|ALU_unit3:inst|lpm_mux:Mux0|mux_aqc:auto_generated|_~1112           ; |Q|ALU_unit3:inst|lpm_mux:Mux0|mux_aqc:auto_generated|_~1112           ; out0             ;
; |Q|ALU_unit3:inst|lpm_mux:Mux0|mux_aqc:auto_generated|_~1113           ; |Q|ALU_unit3:inst|lpm_mux:Mux0|mux_aqc:auto_generated|_~1113           ; out0             ;
; |Q|ALU_unit3:inst|lpm_mux:Mux0|mux_aqc:auto_generated|_~1115           ; |Q|ALU_unit3:inst|lpm_mux:Mux0|mux_aqc:auto_generated|_~1115           ; out0             ;
; |Q|ALU_unit3:inst|lpm_mux:Mux0|mux_aqc:auto_generated|_~1116           ; |Q|ALU_unit3:inst|lpm_mux:Mux0|mux_aqc:auto_generated|_~1116           ; out0             ;
; |Q|ALU_unit3:inst|lpm_mux:Mux0|mux_aqc:auto_generated|_~1117           ; |Q|ALU_unit3:inst|lpm_mux:Mux0|mux_aqc:auto_generated|_~1117           ; out0             ;
; |Q|ALU_unit3:inst|lpm_mux:Mux0|mux_aqc:auto_generated|_~1118           ; |Q|ALU_unit3:inst|lpm_mux:Mux0|mux_aqc:auto_generated|_~1118           ; out0             ;
; |Q|ALU_unit3:inst|lpm_mux:Mux0|mux_aqc:auto_generated|_~1119           ; |Q|ALU_unit3:inst|lpm_mux:Mux0|mux_aqc:auto_generated|_~1119           ; out0             ;
; |Q|ALU_unit3:inst|lpm_mux:Mux0|mux_aqc:auto_generated|_~1120           ; |Q|ALU_unit3:inst|lpm_mux:Mux0|mux_aqc:auto_generated|_~1120           ; out0             ;
; |Q|ALU_unit3:inst|lpm_mux:Mux0|mux_aqc:auto_generated|_~1121           ; |Q|ALU_unit3:inst|lpm_mux:Mux0|mux_aqc:auto_generated|_~1121           ; out0             ;
; |Q|ALU_unit3:inst|lpm_mux:Mux0|mux_aqc:auto_generated|_~1122           ; |Q|ALU_unit3:inst|lpm_mux:Mux0|mux_aqc:auto_generated|_~1122           ; out0             ;
; |Q|ALU_unit3:inst|lpm_mux:Mux0|mux_aqc:auto_generated|_~1123           ; |Q|ALU_unit3:inst|lpm_mux:Mux0|mux_aqc:auto_generated|_~1123           ; out0             ;
; |Q|ALU_unit3:inst|lpm_mux:Mux0|mux_aqc:auto_generated|_~1124           ; |Q|ALU_unit3:inst|lpm_mux:Mux0|mux_aqc:auto_generated|_~1124           ; out0             ;
; |Q|ALU_unit3:inst|lpm_mux:Mux0|mux_aqc:auto_generated|_~1125           ; |Q|ALU_unit3:inst|lpm_mux:Mux0|mux_aqc:auto_generated|_~1125           ; out0             ;
; |Q|ALU_unit3:inst|lpm_mux:Mux0|mux_aqc:auto_generated|_~1126           ; |Q|ALU_unit3:inst|lpm_mux:Mux0|mux_aqc:auto_generated|_~1126           ; out0             ;
; |Q|ALU_unit3:inst|lpm_mux:Mux0|mux_aqc:auto_generated|_~1127           ; |Q|ALU_unit3:inst|lpm_mux:Mux0|mux_aqc:auto_generated|_~1127           ; out0             ;
; |Q|ALU_unit3:inst|lpm_mux:Mux0|mux_aqc:auto_generated|_~1128           ; |Q|ALU_unit3:inst|lpm_mux:Mux0|mux_aqc:auto_generated|_~1128           ; out0             ;
; |Q|ALU_unit3:inst|lpm_mux:Mux0|mux_aqc:auto_generated|_~1129           ; |Q|ALU_unit3:inst|lpm_mux:Mux0|mux_aqc:auto_generated|_~1129           ; out0             ;
; |Q|ALU_unit3:inst|lpm_mux:Mux0|mux_aqc:auto_generated|_~1130           ; |Q|ALU_unit3:inst|lpm_mux:Mux0|mux_aqc:auto_generated|_~1130           ; out0             ;
; |Q|ALU_unit3:inst|lpm_mux:Mux0|mux_aqc:auto_generated|_~1131           ; |Q|ALU_unit3:inst|lpm_mux:Mux0|mux_aqc:auto_generated|_~1131           ; out0             ;
; |Q|ALU_unit3:inst|lpm_mux:Mux0|mux_aqc:auto_generated|_~1132           ; |Q|ALU_unit3:inst|lpm_mux:Mux0|mux_aqc:auto_generated|_~1132           ; out0             ;
; |Q|ALU_unit3:inst|lpm_mux:Mux0|mux_aqc:auto_generated|_~1133           ; |Q|ALU_unit3:inst|lpm_mux:Mux0|mux_aqc:auto_generated|_~1133           ; out0             ;
; |Q|ALU_unit3:inst|lpm_mux:Mux0|mux_aqc:auto_generated|_~1134           ; |Q|ALU_unit3:inst|lpm_mux:Mux0|mux_aqc:auto_generated|_~1134           ; out0             ;
; |Q|ALU_unit3:inst|lpm_mux:Mux0|mux_aqc:auto_generated|_~1135           ; |Q|ALU_unit3:inst|lpm_mux:Mux0|mux_aqc:auto_generated|_~1135           ; out0             ;
; |Q|ALU_unit3:inst|lpm_mux:Mux0|mux_aqc:auto_generated|_~1136           ; |Q|ALU_unit3:inst|lpm_mux:Mux0|mux_aqc:auto_generated|_~1136           ; out0             ;
; |Q|ALU_unit3:inst|lpm_mux:Mux0|mux_aqc:auto_generated|_~1137           ; |Q|ALU_unit3:inst|lpm_mux:Mux0|mux_aqc:auto_generated|_~1137           ; out0             ;
; |Q|ALU_unit3:inst|lpm_mux:Mux0|mux_aqc:auto_generated|_~1138           ; |Q|ALU_unit3:inst|lpm_mux:Mux0|mux_aqc:auto_generated|_~1138           ; out0             ;
; |Q|ALU_unit3:inst|lpm_mux:Mux0|mux_aqc:auto_generated|_~1139           ; |Q|ALU_unit3:inst|lpm_mux:Mux0|mux_aqc:auto_generated|_~1139           ; out0             ;
; |Q|ALU_unit3:inst|lpm_mux:Mux0|mux_aqc:auto_generated|_~1140           ; |Q|ALU_unit3:inst|lpm_mux:Mux0|mux_aqc:auto_generated|_~1140           ; out0             ;
; |Q|ALU_unit3:inst|lpm_mux:Mux0|mux_aqc:auto_generated|_~1141           ; |Q|ALU_unit3:inst|lpm_mux:Mux0|mux_aqc:auto_generated|_~1141           ; out0             ;
; |Q|ALU_unit3:inst|lpm_mux:Mux0|mux_aqc:auto_generated|_~1142           ; |Q|ALU_unit3:inst|lpm_mux:Mux0|mux_aqc:auto_generated|_~1142           ; out0             ;
; |Q|ALU_unit3:inst|lpm_mux:Mux0|mux_aqc:auto_generated|_~1143           ; |Q|ALU_unit3:inst|lpm_mux:Mux0|mux_aqc:auto_generated|_~1143           ; out0             ;
; |Q|ALU_unit3:inst|lpm_mux:Mux0|mux_aqc:auto_generated|_~1144           ; |Q|ALU_unit3:inst|lpm_mux:Mux0|mux_aqc:auto_generated|_~1144           ; out0             ;
; |Q|ALU_unit3:inst|lpm_mux:Mux0|mux_aqc:auto_generated|_~1145           ; |Q|ALU_unit3:inst|lpm_mux:Mux0|mux_aqc:auto_generated|_~1145           ; out0             ;
; |Q|ALU_unit3:inst|lpm_mux:Mux0|mux_aqc:auto_generated|_~1146           ; |Q|ALU_unit3:inst|lpm_mux:Mux0|mux_aqc:auto_generated|_~1146           ; out0             ;
; |Q|ALU_unit3:inst|lpm_mux:Mux0|mux_aqc:auto_generated|_~1147           ; |Q|ALU_unit3:inst|lpm_mux:Mux0|mux_aqc:auto_generated|_~1147           ; out0             ;
; |Q|ALU_unit3:inst|lpm_mux:Mux0|mux_aqc:auto_generated|_~1148           ; |Q|ALU_unit3:inst|lpm_mux:Mux0|mux_aqc:auto_generated|_~1148           ; out0             ;
; |Q|ALU_unit3:inst|lpm_mux:Mux0|mux_aqc:auto_generated|_~1149           ; |Q|ALU_unit3:inst|lpm_mux:Mux0|mux_aqc:auto_generated|_~1149           ; out0             ;
; |Q|ALU_unit3:inst|lpm_mux:Mux0|mux_aqc:auto_generated|_~1151           ; |Q|ALU_unit3:inst|lpm_mux:Mux0|mux_aqc:auto_generated|_~1151           ; out0             ;
; |Q|ALU_unit3:inst|lpm_mux:Mux0|mux_aqc:auto_generated|_~1152           ; |Q|ALU_unit3:inst|lpm_mux:Mux0|mux_aqc:auto_generated|_~1152           ; out0             ;
; |Q|ALU_unit3:inst|lpm_mux:Mux0|mux_aqc:auto_generated|_~1153           ; |Q|ALU_unit3:inst|lpm_mux:Mux0|mux_aqc:auto_generated|_~1153           ; out0             ;
; |Q|ALU_unit3:inst|lpm_mux:Mux0|mux_aqc:auto_generated|_~1154           ; |Q|ALU_unit3:inst|lpm_mux:Mux0|mux_aqc:auto_generated|_~1154           ; out0             ;
; |Q|ALU_unit3:inst|lpm_mux:Mux0|mux_aqc:auto_generated|_~1155           ; |Q|ALU_unit3:inst|lpm_mux:Mux0|mux_aqc:auto_generated|_~1155           ; out0             ;
; |Q|ALU_unit3:inst|lpm_mux:Mux0|mux_aqc:auto_generated|_~1157           ; |Q|ALU_unit3:inst|lpm_mux:Mux0|mux_aqc:auto_generated|_~1157           ; out0             ;
; |Q|ALU_unit3:inst|lpm_mux:Mux0|mux_aqc:auto_generated|_~1158           ; |Q|ALU_unit3:inst|lpm_mux:Mux0|mux_aqc:auto_generated|_~1158           ; out0             ;
; |Q|ALU_unit3:inst|lpm_mux:Mux0|mux_aqc:auto_generated|_~1160           ; |Q|ALU_unit3:inst|lpm_mux:Mux0|mux_aqc:auto_generated|_~1160           ; out0             ;
; |Q|ALU_unit3:inst|lpm_mux:Mux0|mux_aqc:auto_generated|_~1161           ; |Q|ALU_unit3:inst|lpm_mux:Mux0|mux_aqc:auto_generated|_~1161           ; out0             ;
; |Q|ALU_unit3:inst|lpm_mux:Mux0|mux_aqc:auto_generated|_~1162           ; |Q|ALU_unit3:inst|lpm_mux:Mux0|mux_aqc:auto_generated|_~1162           ; out0             ;
; |Q|ALU_unit3:inst|lpm_mux:Mux0|mux_aqc:auto_generated|_~1163           ; |Q|ALU_unit3:inst|lpm_mux:Mux0|mux_aqc:auto_generated|_~1163           ; out0             ;
; |Q|ALU_unit3:inst|lpm_mux:Mux0|mux_aqc:auto_generated|_~1164           ; |Q|ALU_unit3:inst|lpm_mux:Mux0|mux_aqc:auto_generated|_~1164           ; out0             ;
; |Q|ALU_unit3:inst|lpm_mux:Mux0|mux_aqc:auto_generated|_~1166           ; |Q|ALU_unit3:inst|lpm_mux:Mux0|mux_aqc:auto_generated|_~1166           ; out0             ;
; |Q|ALU_unit3:inst|lpm_mux:Mux0|mux_aqc:auto_generated|_~1167           ; |Q|ALU_unit3:inst|lpm_mux:Mux0|mux_aqc:auto_generated|_~1167           ; out0             ;
; |Q|ALU_unit3:inst|lpm_mux:Mux0|mux_aqc:auto_generated|_~1168           ; |Q|ALU_unit3:inst|lpm_mux:Mux0|mux_aqc:auto_generated|_~1168           ; out0             ;
; |Q|ALU_unit3:inst|lpm_mux:Mux0|mux_aqc:auto_generated|_~1169           ; |Q|ALU_unit3:inst|lpm_mux:Mux0|mux_aqc:auto_generated|_~1169           ; out0             ;
; |Q|ALU_unit3:inst|lpm_mux:Mux0|mux_aqc:auto_generated|_~1170           ; |Q|ALU_unit3:inst|lpm_mux:Mux0|mux_aqc:auto_generated|_~1170           ; out0             ;
; |Q|ALU_unit3:inst|lpm_mux:Mux0|mux_aqc:auto_generated|_~1171           ; |Q|ALU_unit3:inst|lpm_mux:Mux0|mux_aqc:auto_generated|_~1171           ; out0             ;
; |Q|ALU_unit3:inst|lpm_mux:Mux0|mux_aqc:auto_generated|_~1172           ; |Q|ALU_unit3:inst|lpm_mux:Mux0|mux_aqc:auto_generated|_~1172           ; out0             ;
; |Q|ALU_unit3:inst|lpm_mux:Mux0|mux_aqc:auto_generated|_~1173           ; |Q|ALU_unit3:inst|lpm_mux:Mux0|mux_aqc:auto_generated|_~1173           ; out0             ;
; |Q|ALU_unit3:inst|lpm_mux:Mux0|mux_aqc:auto_generated|_~1175           ; |Q|ALU_unit3:inst|lpm_mux:Mux0|mux_aqc:auto_generated|_~1175           ; out0             ;
; |Q|ALU_unit3:inst|lpm_mux:Mux0|mux_aqc:auto_generated|_~1177           ; |Q|ALU_unit3:inst|lpm_mux:Mux0|mux_aqc:auto_generated|_~1177           ; out0             ;
; |Q|ALU_unit3:inst|lpm_mux:Mux0|mux_aqc:auto_generated|_~1179           ; |Q|ALU_unit3:inst|lpm_mux:Mux0|mux_aqc:auto_generated|_~1179           ; out0             ;
; |Q|ALU_unit3:inst|lpm_mux:Mux0|mux_aqc:auto_generated|_~1184           ; |Q|ALU_unit3:inst|lpm_mux:Mux0|mux_aqc:auto_generated|_~1184           ; out0             ;
; |Q|ALU_unit3:inst|lpm_mux:Mux0|mux_aqc:auto_generated|_~1186           ; |Q|ALU_unit3:inst|lpm_mux:Mux0|mux_aqc:auto_generated|_~1186           ; out0             ;
; |Q|ALU_unit3:inst|lpm_mux:Mux0|mux_aqc:auto_generated|_~1188           ; |Q|ALU_unit3:inst|lpm_mux:Mux0|mux_aqc:auto_generated|_~1188           ; out0             ;
; |Q|ALU_unit3:inst|lpm_mux:Mux0|mux_aqc:auto_generated|_~1191           ; |Q|ALU_unit3:inst|lpm_mux:Mux0|mux_aqc:auto_generated|_~1191           ; out0             ;
; |Q|ALU_unit3:inst|lpm_mux:Mux0|mux_aqc:auto_generated|_~1192           ; |Q|ALU_unit3:inst|lpm_mux:Mux0|mux_aqc:auto_generated|_~1192           ; out0             ;
; |Q|ALU_unit3:inst|lpm_mux:Mux0|mux_aqc:auto_generated|_~1195           ; |Q|ALU_unit3:inst|lpm_mux:Mux0|mux_aqc:auto_generated|_~1195           ; out0             ;
; |Q|ALU_unit3:inst|lpm_mux:Mux0|mux_aqc:auto_generated|_~1196           ; |Q|ALU_unit3:inst|lpm_mux:Mux0|mux_aqc:auto_generated|_~1196           ; out0             ;
; |Q|ALU_unit3:inst|lpm_mux:Mux0|mux_aqc:auto_generated|_~1197           ; |Q|ALU_unit3:inst|lpm_mux:Mux0|mux_aqc:auto_generated|_~1197           ; out0             ;
; |Q|ALU_unit3:inst|lpm_mux:Mux0|mux_aqc:auto_generated|_~1198           ; |Q|ALU_unit3:inst|lpm_mux:Mux0|mux_aqc:auto_generated|_~1198           ; out0             ;
; |Q|ALU_unit3:inst|lpm_mux:Mux0|mux_aqc:auto_generated|_~1199           ; |Q|ALU_unit3:inst|lpm_mux:Mux0|mux_aqc:auto_generated|_~1199           ; out0             ;
; |Q|ALU_unit3:inst|lpm_mux:Mux0|mux_aqc:auto_generated|_~1200           ; |Q|ALU_unit3:inst|lpm_mux:Mux0|mux_aqc:auto_generated|_~1200           ; out0             ;
; |Q|ALU_unit3:inst|lpm_mux:Mux0|mux_aqc:auto_generated|_~1201           ; |Q|ALU_unit3:inst|lpm_mux:Mux0|mux_aqc:auto_generated|_~1201           ; out0             ;
; |Q|ALU_unit3:inst|lpm_mux:Mux0|mux_aqc:auto_generated|_~1202           ; |Q|ALU_unit3:inst|lpm_mux:Mux0|mux_aqc:auto_generated|_~1202           ; out0             ;
; |Q|ALU_unit3:inst|lpm_mux:Mux0|mux_aqc:auto_generated|_~1204           ; |Q|ALU_unit3:inst|lpm_mux:Mux0|mux_aqc:auto_generated|_~1204           ; out0             ;
; |Q|ALU_unit3:inst|lpm_mux:Mux0|mux_aqc:auto_generated|_~1206           ; |Q|ALU_unit3:inst|lpm_mux:Mux0|mux_aqc:auto_generated|_~1206           ; out0             ;
; |Q|ALU_unit3:inst|lpm_mux:Mux0|mux_aqc:auto_generated|_~1208           ; |Q|ALU_unit3:inst|lpm_mux:Mux0|mux_aqc:auto_generated|_~1208           ; out0             ;
; |Q|ALU_unit3:inst|lpm_mux:Mux0|mux_aqc:auto_generated|_~1213           ; |Q|ALU_unit3:inst|lpm_mux:Mux0|mux_aqc:auto_generated|_~1213           ; out0             ;
; |Q|ALU_unit3:inst|lpm_mux:Mux0|mux_aqc:auto_generated|_~1215           ; |Q|ALU_unit3:inst|lpm_mux:Mux0|mux_aqc:auto_generated|_~1215           ; out0             ;
; |Q|ALU_unit3:inst|lpm_mux:Mux0|mux_aqc:auto_generated|_~1217           ; |Q|ALU_unit3:inst|lpm_mux:Mux0|mux_aqc:auto_generated|_~1217           ; out0             ;
; |Q|ALU_unit3:inst|lpm_mux:Mux0|mux_aqc:auto_generated|_~1220           ; |Q|ALU_unit3:inst|lpm_mux:Mux0|mux_aqc:auto_generated|_~1220           ; out0             ;
; |Q|ALU_unit3:inst|lpm_mux:Mux0|mux_aqc:auto_generated|_~1221           ; |Q|ALU_unit3:inst|lpm_mux:Mux0|mux_aqc:auto_generated|_~1221           ; out0             ;
; |Q|ALU_unit3:inst|lpm_mux:Mux0|mux_aqc:auto_generated|_~1226           ; |Q|ALU_unit3:inst|lpm_mux:Mux0|mux_aqc:auto_generated|_~1226           ; out0             ;
; |Q|ALU_unit3:inst|lpm_mux:Mux0|mux_aqc:auto_generated|_~1227           ; |Q|ALU_unit3:inst|lpm_mux:Mux0|mux_aqc:auto_generated|_~1227           ; out0             ;
; |Q|ALU_unit3:inst|lpm_mux:Mux0|mux_aqc:auto_generated|_~1228           ; |Q|ALU_unit3:inst|lpm_mux:Mux0|mux_aqc:auto_generated|_~1228           ; out0             ;
; |Q|ALU_unit3:inst|lpm_mux:Mux0|mux_aqc:auto_generated|_~1229           ; |Q|ALU_unit3:inst|lpm_mux:Mux0|mux_aqc:auto_generated|_~1229           ; out0             ;
; |Q|ALU_unit3:inst|lpm_mux:Mux0|mux_aqc:auto_generated|_~1230           ; |Q|ALU_unit3:inst|lpm_mux:Mux0|mux_aqc:auto_generated|_~1230           ; out0             ;
; |Q|ALU_unit3:inst|lpm_mux:Mux0|mux_aqc:auto_generated|_~1232           ; |Q|ALU_unit3:inst|lpm_mux:Mux0|mux_aqc:auto_generated|_~1232           ; out0             ;
; |Q|ALU_unit3:inst|lpm_mux:Mux0|mux_aqc:auto_generated|_~1233           ; |Q|ALU_unit3:inst|lpm_mux:Mux0|mux_aqc:auto_generated|_~1233           ; out0             ;
; |Q|ALU_unit3:inst|lpm_mux:Mux0|mux_aqc:auto_generated|_~1235           ; |Q|ALU_unit3:inst|lpm_mux:Mux0|mux_aqc:auto_generated|_~1235           ; out0             ;
; |Q|ALU_unit3:inst|lpm_mux:Mux0|mux_aqc:auto_generated|_~1236           ; |Q|ALU_unit3:inst|lpm_mux:Mux0|mux_aqc:auto_generated|_~1236           ; out0             ;
; |Q|ALU_unit3:inst|lpm_mux:Mux0|mux_aqc:auto_generated|_~1237           ; |Q|ALU_unit3:inst|lpm_mux:Mux0|mux_aqc:auto_generated|_~1237           ; out0             ;
; |Q|ALU_unit3:inst|lpm_mux:Mux0|mux_aqc:auto_generated|_~1238           ; |Q|ALU_unit3:inst|lpm_mux:Mux0|mux_aqc:auto_generated|_~1238           ; out0             ;
; |Q|ALU_unit3:inst|lpm_mux:Mux0|mux_aqc:auto_generated|_~1239           ; |Q|ALU_unit3:inst|lpm_mux:Mux0|mux_aqc:auto_generated|_~1239           ; out0             ;
; |Q|ALU_unit3:inst|lpm_mux:Mux0|mux_aqc:auto_generated|_~1241           ; |Q|ALU_unit3:inst|lpm_mux:Mux0|mux_aqc:auto_generated|_~1241           ; out0             ;
; |Q|ALU_unit3:inst|lpm_mux:Mux0|mux_aqc:auto_generated|_~1242           ; |Q|ALU_unit3:inst|lpm_mux:Mux0|mux_aqc:auto_generated|_~1242           ; out0             ;
; |Q|ALU_unit3:inst|lpm_mux:Mux0|mux_aqc:auto_generated|_~1243           ; |Q|ALU_unit3:inst|lpm_mux:Mux0|mux_aqc:auto_generated|_~1243           ; out0             ;
; |Q|ALU_unit3:inst|lpm_mux:Mux0|mux_aqc:auto_generated|_~1244           ; |Q|ALU_unit3:inst|lpm_mux:Mux0|mux_aqc:auto_generated|_~1244           ; out0             ;
; |Q|ALU_unit3:inst|lpm_mux:Mux0|mux_aqc:auto_generated|_~1245           ; |Q|ALU_unit3:inst|lpm_mux:Mux0|mux_aqc:auto_generated|_~1245           ; out0             ;
; |Q|ALU_unit3:inst|lpm_mux:Mux0|mux_aqc:auto_generated|_~1246           ; |Q|ALU_unit3:inst|lpm_mux:Mux0|mux_aqc:auto_generated|_~1246           ; out0             ;
; |Q|ALU_unit3:inst|lpm_mux:Mux0|mux_aqc:auto_generated|_~1247           ; |Q|ALU_unit3:inst|lpm_mux:Mux0|mux_aqc:auto_generated|_~1247           ; out0             ;
; |Q|ALU_unit3:inst|lpm_mux:Mux0|mux_aqc:auto_generated|_~1248           ; |Q|ALU_unit3:inst|lpm_mux:Mux0|mux_aqc:auto_generated|_~1248           ; out0             ;
; |Q|ALU_unit3:inst|lpm_mux:Mux0|mux_aqc:auto_generated|_~1249           ; |Q|ALU_unit3:inst|lpm_mux:Mux0|mux_aqc:auto_generated|_~1249           ; out0             ;
; |Q|ALU_unit3:inst|lpm_mux:Mux0|mux_aqc:auto_generated|_~1251           ; |Q|ALU_unit3:inst|lpm_mux:Mux0|mux_aqc:auto_generated|_~1251           ; out0             ;
; |Q|ALU_unit3:inst|lpm_mux:Mux0|mux_aqc:auto_generated|_~1253           ; |Q|ALU_unit3:inst|lpm_mux:Mux0|mux_aqc:auto_generated|_~1253           ; out0             ;
; |Q|ALU_unit3:inst|lpm_mux:Mux0|mux_aqc:auto_generated|_~1255           ; |Q|ALU_unit3:inst|lpm_mux:Mux0|mux_aqc:auto_generated|_~1255           ; out0             ;
; |Q|ALU_unit3:inst|lpm_mux:Mux0|mux_aqc:auto_generated|_~1260           ; |Q|ALU_unit3:inst|lpm_mux:Mux0|mux_aqc:auto_generated|_~1260           ; out0             ;
; |Q|ALU_unit3:inst|lpm_mux:Mux0|mux_aqc:auto_generated|_~1262           ; |Q|ALU_unit3:inst|lpm_mux:Mux0|mux_aqc:auto_generated|_~1262           ; out0             ;
; |Q|ALU_unit3:inst|lpm_mux:Mux0|mux_aqc:auto_generated|_~1264           ; |Q|ALU_unit3:inst|lpm_mux:Mux0|mux_aqc:auto_generated|_~1264           ; out0             ;
; |Q|ALU_unit3:inst|lpm_mux:Mux0|mux_aqc:auto_generated|_~1267           ; |Q|ALU_unit3:inst|lpm_mux:Mux0|mux_aqc:auto_generated|_~1267           ; out0             ;
; |Q|ALU_unit3:inst|lpm_mux:Mux0|mux_aqc:auto_generated|_~1268           ; |Q|ALU_unit3:inst|lpm_mux:Mux0|mux_aqc:auto_generated|_~1268           ; out0             ;
; |Q|ALU_unit3:inst|lpm_mux:Mux0|mux_aqc:auto_generated|_~1271           ; |Q|ALU_unit3:inst|lpm_mux:Mux0|mux_aqc:auto_generated|_~1271           ; out0             ;
; |Q|ALU_unit3:inst|lpm_mux:Mux0|mux_aqc:auto_generated|_~1273           ; |Q|ALU_unit3:inst|lpm_mux:Mux0|mux_aqc:auto_generated|_~1273           ; out0             ;
; |Q|ALU_unit3:inst|lpm_mux:Mux0|mux_aqc:auto_generated|_~1274           ; |Q|ALU_unit3:inst|lpm_mux:Mux0|mux_aqc:auto_generated|_~1274           ; out0             ;
; |Q|ALU_unit3:inst|lpm_mux:Mux0|mux_aqc:auto_generated|_~1277           ; |Q|ALU_unit3:inst|lpm_mux:Mux0|mux_aqc:auto_generated|_~1277           ; out0             ;
; |Q|ALU_unit3:inst|lpm_mux:Mux0|mux_aqc:auto_generated|_~1278           ; |Q|ALU_unit3:inst|lpm_mux:Mux0|mux_aqc:auto_generated|_~1278           ; out0             ;
; |Q|ALU_unit3:inst|lpm_mux:Mux0|mux_aqc:auto_generated|_~1279           ; |Q|ALU_unit3:inst|lpm_mux:Mux0|mux_aqc:auto_generated|_~1279           ; out0             ;
; |Q|ALU_unit3:inst|lpm_mux:Mux0|mux_aqc:auto_generated|_~1280           ; |Q|ALU_unit3:inst|lpm_mux:Mux0|mux_aqc:auto_generated|_~1280           ; out0             ;
; |Q|ALU_unit3:inst|lpm_mux:Mux0|mux_aqc:auto_generated|_~1281           ; |Q|ALU_unit3:inst|lpm_mux:Mux0|mux_aqc:auto_generated|_~1281           ; out0             ;
; |Q|ALU_unit3:inst|lpm_mux:Mux0|mux_aqc:auto_generated|_~1283           ; |Q|ALU_unit3:inst|lpm_mux:Mux0|mux_aqc:auto_generated|_~1283           ; out0             ;
; |Q|ALU_unit3:inst|lpm_mux:Mux0|mux_aqc:auto_generated|_~1284           ; |Q|ALU_unit3:inst|lpm_mux:Mux0|mux_aqc:auto_generated|_~1284           ; out0             ;
; |Q|ALU_unit3:inst|lpm_mux:Mux0|mux_aqc:auto_generated|_~1286           ; |Q|ALU_unit3:inst|lpm_mux:Mux0|mux_aqc:auto_generated|_~1286           ; out0             ;
; |Q|ALU_unit3:inst|lpm_mux:Mux0|mux_aqc:auto_generated|_~1287           ; |Q|ALU_unit3:inst|lpm_mux:Mux0|mux_aqc:auto_generated|_~1287           ; out0             ;
; |Q|ALU_unit3:inst|lpm_mux:Mux0|mux_aqc:auto_generated|_~1288           ; |Q|ALU_unit3:inst|lpm_mux:Mux0|mux_aqc:auto_generated|_~1288           ; out0             ;
; |Q|ALU_unit3:inst|lpm_mux:Mux0|mux_aqc:auto_generated|_~1289           ; |Q|ALU_unit3:inst|lpm_mux:Mux0|mux_aqc:auto_generated|_~1289           ; out0             ;
; |Q|ALU_unit3:inst|lpm_mux:Mux0|mux_aqc:auto_generated|_~1290           ; |Q|ALU_unit3:inst|lpm_mux:Mux0|mux_aqc:auto_generated|_~1290           ; out0             ;
; |Q|ALU_unit3:inst|lpm_mux:Mux0|mux_aqc:auto_generated|_~1292           ; |Q|ALU_unit3:inst|lpm_mux:Mux0|mux_aqc:auto_generated|_~1292           ; out0             ;
; |Q|ALU_unit3:inst|lpm_mux:Mux0|mux_aqc:auto_generated|_~1293           ; |Q|ALU_unit3:inst|lpm_mux:Mux0|mux_aqc:auto_generated|_~1293           ; out0             ;
; |Q|ALU_unit3:inst|lpm_mux:Mux0|mux_aqc:auto_generated|_~1294           ; |Q|ALU_unit3:inst|lpm_mux:Mux0|mux_aqc:auto_generated|_~1294           ; out0             ;
; |Q|ALU_unit3:inst|lpm_mux:Mux0|mux_aqc:auto_generated|_~1295           ; |Q|ALU_unit3:inst|lpm_mux:Mux0|mux_aqc:auto_generated|_~1295           ; out0             ;
; |Q|ALU_unit3:inst|lpm_mux:Mux0|mux_aqc:auto_generated|_~1296           ; |Q|ALU_unit3:inst|lpm_mux:Mux0|mux_aqc:auto_generated|_~1296           ; out0             ;
; |Q|ALU_unit3:inst|lpm_mux:Mux0|mux_aqc:auto_generated|_~1297           ; |Q|ALU_unit3:inst|lpm_mux:Mux0|mux_aqc:auto_generated|_~1297           ; out0             ;
; |Q|ALU_unit3:inst|lpm_mux:Mux0|mux_aqc:auto_generated|_~1298           ; |Q|ALU_unit3:inst|lpm_mux:Mux0|mux_aqc:auto_generated|_~1298           ; out0             ;
; |Q|ALU_unit3:inst|lpm_mux:Mux0|mux_aqc:auto_generated|_~1299           ; |Q|ALU_unit3:inst|lpm_mux:Mux0|mux_aqc:auto_generated|_~1299           ; out0             ;
; |Q|ALU_unit3:inst|lpm_mux:Mux0|mux_aqc:auto_generated|_~1300           ; |Q|ALU_unit3:inst|lpm_mux:Mux0|mux_aqc:auto_generated|_~1300           ; out0             ;
; |Q|ALU_unit3:inst|lpm_mux:Mux0|mux_aqc:auto_generated|_~1302           ; |Q|ALU_unit3:inst|lpm_mux:Mux0|mux_aqc:auto_generated|_~1302           ; out0             ;
; |Q|ALU_unit3:inst|lpm_mux:Mux0|mux_aqc:auto_generated|_~1304           ; |Q|ALU_unit3:inst|lpm_mux:Mux0|mux_aqc:auto_generated|_~1304           ; out0             ;
; |Q|ALU_unit3:inst|lpm_mux:Mux0|mux_aqc:auto_generated|_~1306           ; |Q|ALU_unit3:inst|lpm_mux:Mux0|mux_aqc:auto_generated|_~1306           ; out0             ;
; |Q|ALU_unit3:inst|lpm_mux:Mux0|mux_aqc:auto_generated|_~1311           ; |Q|ALU_unit3:inst|lpm_mux:Mux0|mux_aqc:auto_generated|_~1311           ; out0             ;
; |Q|ALU_unit3:inst|lpm_mux:Mux0|mux_aqc:auto_generated|_~1313           ; |Q|ALU_unit3:inst|lpm_mux:Mux0|mux_aqc:auto_generated|_~1313           ; out0             ;
; |Q|ALU_unit3:inst|lpm_mux:Mux0|mux_aqc:auto_generated|_~1315           ; |Q|ALU_unit3:inst|lpm_mux:Mux0|mux_aqc:auto_generated|_~1315           ; out0             ;
; |Q|ALU_unit3:inst|lpm_mux:Mux0|mux_aqc:auto_generated|_~1318           ; |Q|ALU_unit3:inst|lpm_mux:Mux0|mux_aqc:auto_generated|_~1318           ; out0             ;
; |Q|ALU_unit3:inst|lpm_mux:Mux0|mux_aqc:auto_generated|_~1319           ; |Q|ALU_unit3:inst|lpm_mux:Mux0|mux_aqc:auto_generated|_~1319           ; out0             ;
; |Q|ALU_unit3:inst|lpm_mux:Mux0|mux_aqc:auto_generated|_~1322           ; |Q|ALU_unit3:inst|lpm_mux:Mux0|mux_aqc:auto_generated|_~1322           ; out0             ;
; |Q|ALU_unit3:inst|lpm_mux:Mux0|mux_aqc:auto_generated|_~1324           ; |Q|ALU_unit3:inst|lpm_mux:Mux0|mux_aqc:auto_generated|_~1324           ; out0             ;
; |Q|ALU_unit3:inst|lpm_mux:Mux0|mux_aqc:auto_generated|_~1326           ; |Q|ALU_unit3:inst|lpm_mux:Mux0|mux_aqc:auto_generated|_~1326           ; out0             ;
; |Q|ALU_unit3:inst|lpm_mux:Mux0|mux_aqc:auto_generated|_~1328           ; |Q|ALU_unit3:inst|lpm_mux:Mux0|mux_aqc:auto_generated|_~1328           ; out0             ;
; |Q|ALU_unit3:inst|lpm_mux:Mux0|mux_aqc:auto_generated|_~1330           ; |Q|ALU_unit3:inst|lpm_mux:Mux0|mux_aqc:auto_generated|_~1330           ; out0             ;
; |Q|ALU_unit3:inst|lpm_mux:Mux0|mux_aqc:auto_generated|_~1335           ; |Q|ALU_unit3:inst|lpm_mux:Mux0|mux_aqc:auto_generated|_~1335           ; out0             ;
; |Q|ALU_unit3:inst|lpm_mux:Mux0|mux_aqc:auto_generated|_~1337           ; |Q|ALU_unit3:inst|lpm_mux:Mux0|mux_aqc:auto_generated|_~1337           ; out0             ;
; |Q|ALU_unit3:inst|lpm_mux:Mux0|mux_aqc:auto_generated|_~1339           ; |Q|ALU_unit3:inst|lpm_mux:Mux0|mux_aqc:auto_generated|_~1339           ; out0             ;
; |Q|ALU_unit3:inst|lpm_mux:Mux0|mux_aqc:auto_generated|_~1342           ; |Q|ALU_unit3:inst|lpm_mux:Mux0|mux_aqc:auto_generated|_~1342           ; out0             ;
; |Q|ALU_unit3:inst|lpm_mux:Mux0|mux_aqc:auto_generated|_~1343           ; |Q|ALU_unit3:inst|lpm_mux:Mux0|mux_aqc:auto_generated|_~1343           ; out0             ;
; |Q|ALU_unit3:inst|lpm_mux:Mux0|mux_aqc:auto_generated|_~1346           ; |Q|ALU_unit3:inst|lpm_mux:Mux0|mux_aqc:auto_generated|_~1346           ; out0             ;
; |Q|ALU_unit3:inst|lpm_mux:Mux0|mux_aqc:auto_generated|_~1347           ; |Q|ALU_unit3:inst|lpm_mux:Mux0|mux_aqc:auto_generated|_~1347           ; out0             ;
; |Q|ALU_unit3:inst|lpm_mux:Mux0|mux_aqc:auto_generated|_~1348           ; |Q|ALU_unit3:inst|lpm_mux:Mux0|mux_aqc:auto_generated|_~1348           ; out0             ;
; |Q|ALU_unit3:inst|lpm_mux:Mux0|mux_aqc:auto_generated|_~1349           ; |Q|ALU_unit3:inst|lpm_mux:Mux0|mux_aqc:auto_generated|_~1349           ; out0             ;
; |Q|ALU_unit3:inst|lpm_mux:Mux0|mux_aqc:auto_generated|_~1350           ; |Q|ALU_unit3:inst|lpm_mux:Mux0|mux_aqc:auto_generated|_~1350           ; out0             ;
; |Q|ALU_unit3:inst|lpm_mux:Mux0|mux_aqc:auto_generated|_~1351           ; |Q|ALU_unit3:inst|lpm_mux:Mux0|mux_aqc:auto_generated|_~1351           ; out0             ;
; |Q|ALU_unit3:inst|lpm_mux:Mux0|mux_aqc:auto_generated|_~1352           ; |Q|ALU_unit3:inst|lpm_mux:Mux0|mux_aqc:auto_generated|_~1352           ; out0             ;
; |Q|ALU_unit3:inst|lpm_mux:Mux0|mux_aqc:auto_generated|_~1353           ; |Q|ALU_unit3:inst|lpm_mux:Mux0|mux_aqc:auto_generated|_~1353           ; out0             ;
; |Q|ALU_unit3:inst|lpm_mux:Mux0|mux_aqc:auto_generated|_~1354           ; |Q|ALU_unit3:inst|lpm_mux:Mux0|mux_aqc:auto_generated|_~1354           ; out0             ;
; |Q|ALU_unit3:inst|lpm_mux:Mux0|mux_aqc:auto_generated|_~1356           ; |Q|ALU_unit3:inst|lpm_mux:Mux0|mux_aqc:auto_generated|_~1356           ; out0             ;
; |Q|ALU_unit3:inst|lpm_mux:Mux0|mux_aqc:auto_generated|_~1357           ; |Q|ALU_unit3:inst|lpm_mux:Mux0|mux_aqc:auto_generated|_~1357           ; out0             ;
; |Q|ALU_unit3:inst|lpm_mux:Mux0|mux_aqc:auto_generated|_~1358           ; |Q|ALU_unit3:inst|lpm_mux:Mux0|mux_aqc:auto_generated|_~1358           ; out0             ;
; |Q|ALU_unit3:inst|lpm_mux:Mux0|mux_aqc:auto_generated|_~1359           ; |Q|ALU_unit3:inst|lpm_mux:Mux0|mux_aqc:auto_generated|_~1359           ; out0             ;
; |Q|ALU_unit3:inst|lpm_mux:Mux0|mux_aqc:auto_generated|_~1360           ; |Q|ALU_unit3:inst|lpm_mux:Mux0|mux_aqc:auto_generated|_~1360           ; out0             ;
; |Q|ALU_unit3:inst|lpm_mux:Mux0|mux_aqc:auto_generated|_~1362           ; |Q|ALU_unit3:inst|lpm_mux:Mux0|mux_aqc:auto_generated|_~1362           ; out0             ;
; |Q|ALU_unit3:inst|lpm_mux:Mux0|mux_aqc:auto_generated|_~1363           ; |Q|ALU_unit3:inst|lpm_mux:Mux0|mux_aqc:auto_generated|_~1363           ; out0             ;
; |Q|ALU_unit3:inst|lpm_mux:Mux0|mux_aqc:auto_generated|_~1365           ; |Q|ALU_unit3:inst|lpm_mux:Mux0|mux_aqc:auto_generated|_~1365           ; out0             ;
; |Q|ALU_unit3:inst|lpm_mux:Mux0|mux_aqc:auto_generated|_~1366           ; |Q|ALU_unit3:inst|lpm_mux:Mux0|mux_aqc:auto_generated|_~1366           ; out0             ;
; |Q|ALU_unit3:inst|lpm_mux:Mux0|mux_aqc:auto_generated|_~1367           ; |Q|ALU_unit3:inst|lpm_mux:Mux0|mux_aqc:auto_generated|_~1367           ; out0             ;
; |Q|ALU_unit3:inst|lpm_mux:Mux0|mux_aqc:auto_generated|_~1368           ; |Q|ALU_unit3:inst|lpm_mux:Mux0|mux_aqc:auto_generated|_~1368           ; out0             ;
; |Q|ALU_unit3:inst|lpm_mux:Mux0|mux_aqc:auto_generated|_~1369           ; |Q|ALU_unit3:inst|lpm_mux:Mux0|mux_aqc:auto_generated|_~1369           ; out0             ;
; |Q|ALU_unit3:inst|lpm_mux:Mux0|mux_aqc:auto_generated|_~1371           ; |Q|ALU_unit3:inst|lpm_mux:Mux0|mux_aqc:auto_generated|_~1371           ; out0             ;
; |Q|ALU_unit3:inst|lpm_mux:Mux0|mux_aqc:auto_generated|_~1372           ; |Q|ALU_unit3:inst|lpm_mux:Mux0|mux_aqc:auto_generated|_~1372           ; out0             ;
; |Q|ALU_unit3:inst|lpm_mux:Mux0|mux_aqc:auto_generated|_~1373           ; |Q|ALU_unit3:inst|lpm_mux:Mux0|mux_aqc:auto_generated|_~1373           ; out0             ;
; |Q|ALU_unit3:inst|lpm_mux:Mux0|mux_aqc:auto_generated|_~1374           ; |Q|ALU_unit3:inst|lpm_mux:Mux0|mux_aqc:auto_generated|_~1374           ; out0             ;
; |Q|ALU_unit3:inst|lpm_mux:Mux0|mux_aqc:auto_generated|_~1375           ; |Q|ALU_unit3:inst|lpm_mux:Mux0|mux_aqc:auto_generated|_~1375           ; out0             ;
; |Q|ALU_unit3:inst|lpm_mux:Mux0|mux_aqc:auto_generated|_~1376           ; |Q|ALU_unit3:inst|lpm_mux:Mux0|mux_aqc:auto_generated|_~1376           ; out0             ;
; |Q|ALU_unit3:inst|lpm_mux:Mux0|mux_aqc:auto_generated|_~1377           ; |Q|ALU_unit3:inst|lpm_mux:Mux0|mux_aqc:auto_generated|_~1377           ; out0             ;
; |Q|ALU_unit3:inst|lpm_mux:Mux0|mux_aqc:auto_generated|_~1378           ; |Q|ALU_unit3:inst|lpm_mux:Mux0|mux_aqc:auto_generated|_~1378           ; out0             ;
; |Q|ALU_unit3:inst|lpm_mux:Mux0|mux_aqc:auto_generated|_~1379           ; |Q|ALU_unit3:inst|lpm_mux:Mux0|mux_aqc:auto_generated|_~1379           ; out0             ;
; |Q|ALU_unit3:inst|lpm_mux:Mux0|mux_aqc:auto_generated|_~1380           ; |Q|ALU_unit3:inst|lpm_mux:Mux0|mux_aqc:auto_generated|_~1380           ; out0             ;
; |Q|ALU_unit3:inst|lpm_mux:Mux0|mux_aqc:auto_generated|_~1381           ; |Q|ALU_unit3:inst|lpm_mux:Mux0|mux_aqc:auto_generated|_~1381           ; out0             ;
; |Q|ALU_unit3:inst|lpm_mux:Mux0|mux_aqc:auto_generated|_~1382           ; |Q|ALU_unit3:inst|lpm_mux:Mux0|mux_aqc:auto_generated|_~1382           ; out0             ;
; |Q|ALU_unit3:inst|lpm_mux:Mux0|mux_aqc:auto_generated|_~1383           ; |Q|ALU_unit3:inst|lpm_mux:Mux0|mux_aqc:auto_generated|_~1383           ; out0             ;
; |Q|ALU_unit3:inst|lpm_mux:Mux0|mux_aqc:auto_generated|_~1384           ; |Q|ALU_unit3:inst|lpm_mux:Mux0|mux_aqc:auto_generated|_~1384           ; out0             ;
; |Q|ALU_unit3:inst|lpm_mux:Mux0|mux_aqc:auto_generated|_~1385           ; |Q|ALU_unit3:inst|lpm_mux:Mux0|mux_aqc:auto_generated|_~1385           ; out0             ;
; |Q|ALU_unit3:inst|lpm_mux:Mux0|mux_aqc:auto_generated|_~1386           ; |Q|ALU_unit3:inst|lpm_mux:Mux0|mux_aqc:auto_generated|_~1386           ; out0             ;
; |Q|ALU_unit3:inst|lpm_mux:Mux0|mux_aqc:auto_generated|_~1387           ; |Q|ALU_unit3:inst|lpm_mux:Mux0|mux_aqc:auto_generated|_~1387           ; out0             ;
; |Q|ALU_unit3:inst|lpm_mux:Mux0|mux_aqc:auto_generated|_~1388           ; |Q|ALU_unit3:inst|lpm_mux:Mux0|mux_aqc:auto_generated|_~1388           ; out0             ;
; |Q|ALU_unit3:inst|lpm_mux:Mux0|mux_aqc:auto_generated|_~1389           ; |Q|ALU_unit3:inst|lpm_mux:Mux0|mux_aqc:auto_generated|_~1389           ; out0             ;
; |Q|ALU_unit3:inst|lpm_mux:Mux0|mux_aqc:auto_generated|_~1390           ; |Q|ALU_unit3:inst|lpm_mux:Mux0|mux_aqc:auto_generated|_~1390           ; out0             ;
; |Q|ALU_unit3:inst|lpm_mux:Mux0|mux_aqc:auto_generated|_~1391           ; |Q|ALU_unit3:inst|lpm_mux:Mux0|mux_aqc:auto_generated|_~1391           ; out0             ;
; |Q|ALU_unit3:inst|lpm_mux:Mux0|mux_aqc:auto_generated|_~1392           ; |Q|ALU_unit3:inst|lpm_mux:Mux0|mux_aqc:auto_generated|_~1392           ; out0             ;
; |Q|ALU_unit3:inst|lpm_mux:Mux0|mux_aqc:auto_generated|_~1393           ; |Q|ALU_unit3:inst|lpm_mux:Mux0|mux_aqc:auto_generated|_~1393           ; out0             ;
; |Q|ALU_unit3:inst|lpm_mux:Mux0|mux_aqc:auto_generated|_~1394           ; |Q|ALU_unit3:inst|lpm_mux:Mux0|mux_aqc:auto_generated|_~1394           ; out0             ;
; |Q|ALU_unit3:inst|lpm_mux:Mux0|mux_aqc:auto_generated|_~1395           ; |Q|ALU_unit3:inst|lpm_mux:Mux0|mux_aqc:auto_generated|_~1395           ; out0             ;
; |Q|ALU_unit3:inst|lpm_mux:Mux0|mux_aqc:auto_generated|_~1396           ; |Q|ALU_unit3:inst|lpm_mux:Mux0|mux_aqc:auto_generated|_~1396           ; out0             ;
; |Q|ALU_unit3:inst|lpm_mux:Mux0|mux_aqc:auto_generated|_~1397           ; |Q|ALU_unit3:inst|lpm_mux:Mux0|mux_aqc:auto_generated|_~1397           ; out0             ;
; |Q|ALU_unit3:inst|lpm_mux:Mux0|mux_aqc:auto_generated|_~1398           ; |Q|ALU_unit3:inst|lpm_mux:Mux0|mux_aqc:auto_generated|_~1398           ; out0             ;
; |Q|ALU_unit3:inst|lpm_mux:Mux0|mux_aqc:auto_generated|_~1399           ; |Q|ALU_unit3:inst|lpm_mux:Mux0|mux_aqc:auto_generated|_~1399           ; out0             ;
; |Q|ALU_unit3:inst|lpm_mux:Mux0|mux_aqc:auto_generated|_~1400           ; |Q|ALU_unit3:inst|lpm_mux:Mux0|mux_aqc:auto_generated|_~1400           ; out0             ;
; |Q|ALU_unit3:inst|lpm_mux:Mux0|mux_aqc:auto_generated|_~1401           ; |Q|ALU_unit3:inst|lpm_mux:Mux0|mux_aqc:auto_generated|_~1401           ; out0             ;
; |Q|ALU_unit3:inst|lpm_mux:Mux0|mux_aqc:auto_generated|_~1403           ; |Q|ALU_unit3:inst|lpm_mux:Mux0|mux_aqc:auto_generated|_~1403           ; out0             ;
; |Q|ALU_unit3:inst|lpm_mux:Mux0|mux_aqc:auto_generated|_~1404           ; |Q|ALU_unit3:inst|lpm_mux:Mux0|mux_aqc:auto_generated|_~1404           ; out0             ;
; |Q|ALU_unit3:inst|lpm_mux:Mux0|mux_aqc:auto_generated|_~1405           ; |Q|ALU_unit3:inst|lpm_mux:Mux0|mux_aqc:auto_generated|_~1405           ; out0             ;
; |Q|ALU_unit3:inst|lpm_mux:Mux0|mux_aqc:auto_generated|_~1406           ; |Q|ALU_unit3:inst|lpm_mux:Mux0|mux_aqc:auto_generated|_~1406           ; out0             ;
; |Q|ALU_unit3:inst|lpm_mux:Mux0|mux_aqc:auto_generated|_~1407           ; |Q|ALU_unit3:inst|lpm_mux:Mux0|mux_aqc:auto_generated|_~1407           ; out0             ;
; |Q|ALU_unit3:inst|lpm_mux:Mux0|mux_aqc:auto_generated|_~1409           ; |Q|ALU_unit3:inst|lpm_mux:Mux0|mux_aqc:auto_generated|_~1409           ; out0             ;
; |Q|ALU_unit3:inst|lpm_mux:Mux0|mux_aqc:auto_generated|_~1410           ; |Q|ALU_unit3:inst|lpm_mux:Mux0|mux_aqc:auto_generated|_~1410           ; out0             ;
; |Q|ALU_unit3:inst|lpm_mux:Mux0|mux_aqc:auto_generated|_~1412           ; |Q|ALU_unit3:inst|lpm_mux:Mux0|mux_aqc:auto_generated|_~1412           ; out0             ;
; |Q|ALU_unit3:inst|lpm_mux:Mux0|mux_aqc:auto_generated|_~1413           ; |Q|ALU_unit3:inst|lpm_mux:Mux0|mux_aqc:auto_generated|_~1413           ; out0             ;
; |Q|ALU_unit3:inst|lpm_mux:Mux0|mux_aqc:auto_generated|_~1414           ; |Q|ALU_unit3:inst|lpm_mux:Mux0|mux_aqc:auto_generated|_~1414           ; out0             ;
; |Q|ALU_unit3:inst|lpm_mux:Mux0|mux_aqc:auto_generated|_~1415           ; |Q|ALU_unit3:inst|lpm_mux:Mux0|mux_aqc:auto_generated|_~1415           ; out0             ;
; |Q|ALU_unit3:inst|lpm_mux:Mux0|mux_aqc:auto_generated|_~1416           ; |Q|ALU_unit3:inst|lpm_mux:Mux0|mux_aqc:auto_generated|_~1416           ; out0             ;
; |Q|ALU_unit3:inst|lpm_mux:Mux0|mux_aqc:auto_generated|_~1418           ; |Q|ALU_unit3:inst|lpm_mux:Mux0|mux_aqc:auto_generated|_~1418           ; out0             ;
; |Q|ALU_unit3:inst|lpm_mux:Mux0|mux_aqc:auto_generated|_~1419           ; |Q|ALU_unit3:inst|lpm_mux:Mux0|mux_aqc:auto_generated|_~1419           ; out0             ;
; |Q|ALU_unit3:inst|lpm_mux:Mux0|mux_aqc:auto_generated|_~1420           ; |Q|ALU_unit3:inst|lpm_mux:Mux0|mux_aqc:auto_generated|_~1420           ; out0             ;
; |Q|ALU_unit3:inst|lpm_mux:Mux0|mux_aqc:auto_generated|_~1421           ; |Q|ALU_unit3:inst|lpm_mux:Mux0|mux_aqc:auto_generated|_~1421           ; out0             ;
; |Q|ALU_unit3:inst|lpm_mux:Mux0|mux_aqc:auto_generated|_~1422           ; |Q|ALU_unit3:inst|lpm_mux:Mux0|mux_aqc:auto_generated|_~1422           ; out0             ;
; |Q|ALU_unit3:inst|lpm_mux:Mux0|mux_aqc:auto_generated|_~1423           ; |Q|ALU_unit3:inst|lpm_mux:Mux0|mux_aqc:auto_generated|_~1423           ; out0             ;
; |Q|ALU_unit3:inst|lpm_mux:Mux0|mux_aqc:auto_generated|_~1424           ; |Q|ALU_unit3:inst|lpm_mux:Mux0|mux_aqc:auto_generated|_~1424           ; out0             ;
; |Q|ALU_unit3:inst|lpm_mux:Mux0|mux_aqc:auto_generated|_~1425           ; |Q|ALU_unit3:inst|lpm_mux:Mux0|mux_aqc:auto_generated|_~1425           ; out0             ;
; |Q|ALU_unit3:inst|lpm_mux:Mux0|mux_aqc:auto_generated|_~1426           ; |Q|ALU_unit3:inst|lpm_mux:Mux0|mux_aqc:auto_generated|_~1426           ; out0             ;
; |Q|ALU_unit3:inst|lpm_mux:Mux0|mux_aqc:auto_generated|_~1427           ; |Q|ALU_unit3:inst|lpm_mux:Mux0|mux_aqc:auto_generated|_~1427           ; out0             ;
; |Q|ALU_unit3:inst|lpm_mux:Mux0|mux_aqc:auto_generated|_~1428           ; |Q|ALU_unit3:inst|lpm_mux:Mux0|mux_aqc:auto_generated|_~1428           ; out0             ;
; |Q|ALU_unit3:inst|lpm_mux:Mux0|mux_aqc:auto_generated|_~1429           ; |Q|ALU_unit3:inst|lpm_mux:Mux0|mux_aqc:auto_generated|_~1429           ; out0             ;
; |Q|ALU_unit3:inst|lpm_mux:Mux0|mux_aqc:auto_generated|_~1430           ; |Q|ALU_unit3:inst|lpm_mux:Mux0|mux_aqc:auto_generated|_~1430           ; out0             ;
; |Q|ALU_unit3:inst|lpm_mux:Mux0|mux_aqc:auto_generated|_~1431           ; |Q|ALU_unit3:inst|lpm_mux:Mux0|mux_aqc:auto_generated|_~1431           ; out0             ;
; |Q|ALU_unit3:inst|lpm_mux:Mux0|mux_aqc:auto_generated|_~1432           ; |Q|ALU_unit3:inst|lpm_mux:Mux0|mux_aqc:auto_generated|_~1432           ; out0             ;
; |Q|ALU_unit3:inst|lpm_mux:Mux0|mux_aqc:auto_generated|_~1433           ; |Q|ALU_unit3:inst|lpm_mux:Mux0|mux_aqc:auto_generated|_~1433           ; out0             ;
; |Q|ALU_unit3:inst|lpm_mux:Mux0|mux_aqc:auto_generated|_~1434           ; |Q|ALU_unit3:inst|lpm_mux:Mux0|mux_aqc:auto_generated|_~1434           ; out0             ;
; |Q|ALU_unit3:inst|lpm_mux:Mux0|mux_aqc:auto_generated|_~1435           ; |Q|ALU_unit3:inst|lpm_mux:Mux0|mux_aqc:auto_generated|_~1435           ; out0             ;
; |Q|ALU_unit3:inst|lpm_mux:Mux0|mux_aqc:auto_generated|_~1436           ; |Q|ALU_unit3:inst|lpm_mux:Mux0|mux_aqc:auto_generated|_~1436           ; out0             ;
; |Q|ALU_unit3:inst|lpm_mux:Mux0|mux_aqc:auto_generated|_~1437           ; |Q|ALU_unit3:inst|lpm_mux:Mux0|mux_aqc:auto_generated|_~1437           ; out0             ;
; |Q|ALU_unit3:inst|lpm_mux:Mux0|mux_aqc:auto_generated|_~1438           ; |Q|ALU_unit3:inst|lpm_mux:Mux0|mux_aqc:auto_generated|_~1438           ; out0             ;
; |Q|ALU_unit3:inst|lpm_mux:Mux0|mux_aqc:auto_generated|_~1439           ; |Q|ALU_unit3:inst|lpm_mux:Mux0|mux_aqc:auto_generated|_~1439           ; out0             ;
; |Q|ALU_unit3:inst|lpm_mux:Mux0|mux_aqc:auto_generated|_~1440           ; |Q|ALU_unit3:inst|lpm_mux:Mux0|mux_aqc:auto_generated|_~1440           ; out0             ;
; |Q|ALU_unit3:inst|lpm_mux:Mux0|mux_aqc:auto_generated|_~1441           ; |Q|ALU_unit3:inst|lpm_mux:Mux0|mux_aqc:auto_generated|_~1441           ; out0             ;
; |Q|ALU_unit3:inst|lpm_mux:Mux0|mux_aqc:auto_generated|_~1442           ; |Q|ALU_unit3:inst|lpm_mux:Mux0|mux_aqc:auto_generated|_~1442           ; out0             ;
; |Q|ALU_unit3:inst|lpm_mux:Mux0|mux_aqc:auto_generated|_~1443           ; |Q|ALU_unit3:inst|lpm_mux:Mux0|mux_aqc:auto_generated|_~1443           ; out0             ;
; |Q|ALU_unit3:inst|lpm_mux:Mux0|mux_aqc:auto_generated|_~1444           ; |Q|ALU_unit3:inst|lpm_mux:Mux0|mux_aqc:auto_generated|_~1444           ; out0             ;
; |Q|ALU_unit3:inst|lpm_mux:Mux0|mux_aqc:auto_generated|_~1445           ; |Q|ALU_unit3:inst|lpm_mux:Mux0|mux_aqc:auto_generated|_~1445           ; out0             ;
; |Q|ALU_unit3:inst|lpm_mux:Mux0|mux_aqc:auto_generated|_~1446           ; |Q|ALU_unit3:inst|lpm_mux:Mux0|mux_aqc:auto_generated|_~1446           ; out0             ;
; |Q|ALU_unit3:inst|lpm_mux:Mux0|mux_aqc:auto_generated|_~1447           ; |Q|ALU_unit3:inst|lpm_mux:Mux0|mux_aqc:auto_generated|_~1447           ; out0             ;
; |Q|ALU_unit3:inst|lpm_mux:Mux0|mux_aqc:auto_generated|_~1448           ; |Q|ALU_unit3:inst|lpm_mux:Mux0|mux_aqc:auto_generated|_~1448           ; out0             ;
; |Q|ALU_unit3:inst|lpm_mux:Mux0|mux_aqc:auto_generated|_~1449           ; |Q|ALU_unit3:inst|lpm_mux:Mux0|mux_aqc:auto_generated|_~1449           ; out0             ;
; |Q|ALU_unit3:inst|lpm_mux:Mux0|mux_aqc:auto_generated|_~1450           ; |Q|ALU_unit3:inst|lpm_mux:Mux0|mux_aqc:auto_generated|_~1450           ; out0             ;
; |Q|ALU_unit3:inst|lpm_mux:Mux0|mux_aqc:auto_generated|_~1451           ; |Q|ALU_unit3:inst|lpm_mux:Mux0|mux_aqc:auto_generated|_~1451           ; out0             ;
; |Q|ALU_unit3:inst|lpm_mux:Mux0|mux_aqc:auto_generated|_~1452           ; |Q|ALU_unit3:inst|lpm_mux:Mux0|mux_aqc:auto_generated|_~1452           ; out0             ;
; |Q|ALU_unit3:inst|lpm_mux:Mux0|mux_aqc:auto_generated|_~1454           ; |Q|ALU_unit3:inst|lpm_mux:Mux0|mux_aqc:auto_generated|_~1454           ; out0             ;
; |Q|ALU_unit3:inst|lpm_mux:Mux0|mux_aqc:auto_generated|_~1455           ; |Q|ALU_unit3:inst|lpm_mux:Mux0|mux_aqc:auto_generated|_~1455           ; out0             ;
; |Q|ALU_unit3:inst|lpm_mux:Mux0|mux_aqc:auto_generated|_~1456           ; |Q|ALU_unit3:inst|lpm_mux:Mux0|mux_aqc:auto_generated|_~1456           ; out0             ;
; |Q|ALU_unit3:inst|lpm_mux:Mux0|mux_aqc:auto_generated|_~1457           ; |Q|ALU_unit3:inst|lpm_mux:Mux0|mux_aqc:auto_generated|_~1457           ; out0             ;
; |Q|ALU_unit3:inst|lpm_mux:Mux0|mux_aqc:auto_generated|_~1458           ; |Q|ALU_unit3:inst|lpm_mux:Mux0|mux_aqc:auto_generated|_~1458           ; out0             ;
; |Q|ALU_unit3:inst|lpm_mux:Mux0|mux_aqc:auto_generated|_~1460           ; |Q|ALU_unit3:inst|lpm_mux:Mux0|mux_aqc:auto_generated|_~1460           ; out0             ;
; |Q|ALU_unit3:inst|lpm_mux:Mux0|mux_aqc:auto_generated|_~1461           ; |Q|ALU_unit3:inst|lpm_mux:Mux0|mux_aqc:auto_generated|_~1461           ; out0             ;
; |Q|ALU_unit3:inst|lpm_mux:Mux0|mux_aqc:auto_generated|_~1463           ; |Q|ALU_unit3:inst|lpm_mux:Mux0|mux_aqc:auto_generated|_~1463           ; out0             ;
; |Q|ALU_unit3:inst|lpm_mux:Mux0|mux_aqc:auto_generated|_~1464           ; |Q|ALU_unit3:inst|lpm_mux:Mux0|mux_aqc:auto_generated|_~1464           ; out0             ;
; |Q|ALU_unit3:inst|lpm_mux:Mux0|mux_aqc:auto_generated|_~1465           ; |Q|ALU_unit3:inst|lpm_mux:Mux0|mux_aqc:auto_generated|_~1465           ; out0             ;
; |Q|ALU_unit3:inst|lpm_mux:Mux0|mux_aqc:auto_generated|_~1466           ; |Q|ALU_unit3:inst|lpm_mux:Mux0|mux_aqc:auto_generated|_~1466           ; out0             ;
; |Q|ALU_unit3:inst|lpm_mux:Mux0|mux_aqc:auto_generated|_~1467           ; |Q|ALU_unit3:inst|lpm_mux:Mux0|mux_aqc:auto_generated|_~1467           ; out0             ;
; |Q|ALU_unit3:inst|lpm_mux:Mux0|mux_aqc:auto_generated|_~1469           ; |Q|ALU_unit3:inst|lpm_mux:Mux0|mux_aqc:auto_generated|_~1469           ; out0             ;
; |Q|ALU_unit3:inst|lpm_mux:Mux0|mux_aqc:auto_generated|_~1470           ; |Q|ALU_unit3:inst|lpm_mux:Mux0|mux_aqc:auto_generated|_~1470           ; out0             ;
; |Q|ALU_unit3:inst|lpm_mux:Mux0|mux_aqc:auto_generated|_~1471           ; |Q|ALU_unit3:inst|lpm_mux:Mux0|mux_aqc:auto_generated|_~1471           ; out0             ;
; |Q|ALU_unit3:inst|lpm_mux:Mux0|mux_aqc:auto_generated|_~1472           ; |Q|ALU_unit3:inst|lpm_mux:Mux0|mux_aqc:auto_generated|_~1472           ; out0             ;
; |Q|ALU_unit3:inst|lpm_mux:Mux0|mux_aqc:auto_generated|_~1473           ; |Q|ALU_unit3:inst|lpm_mux:Mux0|mux_aqc:auto_generated|_~1473           ; out0             ;
; |Q|ALU_unit3:inst|lpm_mux:Mux0|mux_aqc:auto_generated|_~1474           ; |Q|ALU_unit3:inst|lpm_mux:Mux0|mux_aqc:auto_generated|_~1474           ; out0             ;
; |Q|ALU_unit3:inst|lpm_mux:Mux0|mux_aqc:auto_generated|_~1475           ; |Q|ALU_unit3:inst|lpm_mux:Mux0|mux_aqc:auto_generated|_~1475           ; out0             ;
; |Q|ALU_unit3:inst|lpm_mux:Mux0|mux_aqc:auto_generated|_~1476           ; |Q|ALU_unit3:inst|lpm_mux:Mux0|mux_aqc:auto_generated|_~1476           ; out0             ;
; |Q|ALU_unit3:inst|lpm_mux:Mux0|mux_aqc:auto_generated|_~1478           ; |Q|ALU_unit3:inst|lpm_mux:Mux0|mux_aqc:auto_generated|_~1478           ; out0             ;
; |Q|ALU_unit3:inst|lpm_mux:Mux0|mux_aqc:auto_generated|_~1480           ; |Q|ALU_unit3:inst|lpm_mux:Mux0|mux_aqc:auto_generated|_~1480           ; out0             ;
; |Q|ALU_unit3:inst|lpm_mux:Mux0|mux_aqc:auto_generated|_~1482           ; |Q|ALU_unit3:inst|lpm_mux:Mux0|mux_aqc:auto_generated|_~1482           ; out0             ;
; |Q|ALU_unit3:inst|lpm_mux:Mux0|mux_aqc:auto_generated|_~1487           ; |Q|ALU_unit3:inst|lpm_mux:Mux0|mux_aqc:auto_generated|_~1487           ; out0             ;
; |Q|ALU_unit3:inst|lpm_mux:Mux0|mux_aqc:auto_generated|_~1489           ; |Q|ALU_unit3:inst|lpm_mux:Mux0|mux_aqc:auto_generated|_~1489           ; out0             ;
; |Q|ALU_unit3:inst|lpm_mux:Mux0|mux_aqc:auto_generated|_~1491           ; |Q|ALU_unit3:inst|lpm_mux:Mux0|mux_aqc:auto_generated|_~1491           ; out0             ;
; |Q|ALU_unit3:inst|lpm_mux:Mux0|mux_aqc:auto_generated|_~1494           ; |Q|ALU_unit3:inst|lpm_mux:Mux0|mux_aqc:auto_generated|_~1494           ; out0             ;
; |Q|ALU_unit3:inst|lpm_mux:Mux0|mux_aqc:auto_generated|_~1495           ; |Q|ALU_unit3:inst|lpm_mux:Mux0|mux_aqc:auto_generated|_~1495           ; out0             ;
; |Q|ALU_unit3:inst|lpm_mux:Mux0|mux_aqc:auto_generated|_~1498           ; |Q|ALU_unit3:inst|lpm_mux:Mux0|mux_aqc:auto_generated|_~1498           ; out0             ;
; |Q|ALU_unit3:inst|lpm_mux:Mux0|mux_aqc:auto_generated|_~1499           ; |Q|ALU_unit3:inst|lpm_mux:Mux0|mux_aqc:auto_generated|_~1499           ; out0             ;
; |Q|ALU_unit3:inst|lpm_mux:Mux0|mux_aqc:auto_generated|_~1500           ; |Q|ALU_unit3:inst|lpm_mux:Mux0|mux_aqc:auto_generated|_~1500           ; out0             ;
; |Q|ALU_unit3:inst|lpm_mux:Mux0|mux_aqc:auto_generated|_~1501           ; |Q|ALU_unit3:inst|lpm_mux:Mux0|mux_aqc:auto_generated|_~1501           ; out0             ;
; |Q|ALU_unit3:inst|lpm_mux:Mux0|mux_aqc:auto_generated|_~1502           ; |Q|ALU_unit3:inst|lpm_mux:Mux0|mux_aqc:auto_generated|_~1502           ; out0             ;
; |Q|ALU_unit3:inst|lpm_mux:Mux0|mux_aqc:auto_generated|_~1503           ; |Q|ALU_unit3:inst|lpm_mux:Mux0|mux_aqc:auto_generated|_~1503           ; out0             ;
; |Q|ALU_unit3:inst|lpm_mux:Mux0|mux_aqc:auto_generated|_~1504           ; |Q|ALU_unit3:inst|lpm_mux:Mux0|mux_aqc:auto_generated|_~1504           ; out0             ;
; |Q|ALU_unit3:inst|lpm_mux:Mux0|mux_aqc:auto_generated|_~1505           ; |Q|ALU_unit3:inst|lpm_mux:Mux0|mux_aqc:auto_generated|_~1505           ; out0             ;
; |Q|ALU_unit3:inst|lpm_mux:Mux0|mux_aqc:auto_generated|_~1507           ; |Q|ALU_unit3:inst|lpm_mux:Mux0|mux_aqc:auto_generated|_~1507           ; out0             ;
; |Q|ALU_unit3:inst|lpm_mux:Mux0|mux_aqc:auto_generated|_~1509           ; |Q|ALU_unit3:inst|lpm_mux:Mux0|mux_aqc:auto_generated|_~1509           ; out0             ;
; |Q|ALU_unit3:inst|lpm_mux:Mux0|mux_aqc:auto_generated|_~1511           ; |Q|ALU_unit3:inst|lpm_mux:Mux0|mux_aqc:auto_generated|_~1511           ; out0             ;
; |Q|ALU_unit3:inst|lpm_mux:Mux0|mux_aqc:auto_generated|_~1516           ; |Q|ALU_unit3:inst|lpm_mux:Mux0|mux_aqc:auto_generated|_~1516           ; out0             ;
; |Q|ALU_unit3:inst|lpm_mux:Mux0|mux_aqc:auto_generated|_~1518           ; |Q|ALU_unit3:inst|lpm_mux:Mux0|mux_aqc:auto_generated|_~1518           ; out0             ;
; |Q|ALU_unit3:inst|lpm_mux:Mux0|mux_aqc:auto_generated|_~1520           ; |Q|ALU_unit3:inst|lpm_mux:Mux0|mux_aqc:auto_generated|_~1520           ; out0             ;
; |Q|ALU_unit3:inst|lpm_mux:Mux0|mux_aqc:auto_generated|_~1523           ; |Q|ALU_unit3:inst|lpm_mux:Mux0|mux_aqc:auto_generated|_~1523           ; out0             ;
; |Q|ALU_unit3:inst|lpm_mux:Mux0|mux_aqc:auto_generated|_~1524           ; |Q|ALU_unit3:inst|lpm_mux:Mux0|mux_aqc:auto_generated|_~1524           ; out0             ;
; |Q|ALU_unit3:inst|lpm_mux:Mux0|mux_aqc:auto_generated|_~1529           ; |Q|ALU_unit3:inst|lpm_mux:Mux0|mux_aqc:auto_generated|_~1529           ; out0             ;
; |Q|ALU_unit3:inst|lpm_mux:Mux0|mux_aqc:auto_generated|_~1530           ; |Q|ALU_unit3:inst|lpm_mux:Mux0|mux_aqc:auto_generated|_~1530           ; out0             ;
; |Q|ALU_unit3:inst|lpm_mux:Mux0|mux_aqc:auto_generated|_~1531           ; |Q|ALU_unit3:inst|lpm_mux:Mux0|mux_aqc:auto_generated|_~1531           ; out0             ;
; |Q|ALU_unit3:inst|lpm_mux:Mux0|mux_aqc:auto_generated|_~1532           ; |Q|ALU_unit3:inst|lpm_mux:Mux0|mux_aqc:auto_generated|_~1532           ; out0             ;
; |Q|ALU_unit3:inst|lpm_mux:Mux0|mux_aqc:auto_generated|_~1533           ; |Q|ALU_unit3:inst|lpm_mux:Mux0|mux_aqc:auto_generated|_~1533           ; out0             ;
; |Q|ALU_unit3:inst|lpm_mux:Mux0|mux_aqc:auto_generated|_~1535           ; |Q|ALU_unit3:inst|lpm_mux:Mux0|mux_aqc:auto_generated|_~1535           ; out0             ;
; |Q|ALU_unit3:inst|lpm_mux:Mux0|mux_aqc:auto_generated|_~1536           ; |Q|ALU_unit3:inst|lpm_mux:Mux0|mux_aqc:auto_generated|_~1536           ; out0             ;
; |Q|ALU_unit3:inst|lpm_mux:Mux0|mux_aqc:auto_generated|_~1538           ; |Q|ALU_unit3:inst|lpm_mux:Mux0|mux_aqc:auto_generated|_~1538           ; out0             ;
; |Q|ALU_unit3:inst|lpm_mux:Mux0|mux_aqc:auto_generated|_~1539           ; |Q|ALU_unit3:inst|lpm_mux:Mux0|mux_aqc:auto_generated|_~1539           ; out0             ;
; |Q|ALU_unit3:inst|lpm_mux:Mux0|mux_aqc:auto_generated|_~1540           ; |Q|ALU_unit3:inst|lpm_mux:Mux0|mux_aqc:auto_generated|_~1540           ; out0             ;
; |Q|ALU_unit3:inst|lpm_mux:Mux0|mux_aqc:auto_generated|_~1541           ; |Q|ALU_unit3:inst|lpm_mux:Mux0|mux_aqc:auto_generated|_~1541           ; out0             ;
; |Q|ALU_unit3:inst|lpm_mux:Mux0|mux_aqc:auto_generated|_~1542           ; |Q|ALU_unit3:inst|lpm_mux:Mux0|mux_aqc:auto_generated|_~1542           ; out0             ;
; |Q|ALU_unit3:inst|lpm_mux:Mux0|mux_aqc:auto_generated|_~1544           ; |Q|ALU_unit3:inst|lpm_mux:Mux0|mux_aqc:auto_generated|_~1544           ; out0             ;
; |Q|ALU_unit3:inst|lpm_mux:Mux0|mux_aqc:auto_generated|_~1545           ; |Q|ALU_unit3:inst|lpm_mux:Mux0|mux_aqc:auto_generated|_~1545           ; out0             ;
; |Q|ALU_unit3:inst|lpm_mux:Mux0|mux_aqc:auto_generated|_~1546           ; |Q|ALU_unit3:inst|lpm_mux:Mux0|mux_aqc:auto_generated|_~1546           ; out0             ;
; |Q|ALU_unit3:inst|lpm_mux:Mux0|mux_aqc:auto_generated|_~1547           ; |Q|ALU_unit3:inst|lpm_mux:Mux0|mux_aqc:auto_generated|_~1547           ; out0             ;
; |Q|ALU_unit3:inst|lpm_mux:Mux0|mux_aqc:auto_generated|_~1548           ; |Q|ALU_unit3:inst|lpm_mux:Mux0|mux_aqc:auto_generated|_~1548           ; out0             ;
; |Q|ALU_unit3:inst|lpm_mux:Mux0|mux_aqc:auto_generated|_~1549           ; |Q|ALU_unit3:inst|lpm_mux:Mux0|mux_aqc:auto_generated|_~1549           ; out0             ;
; |Q|ALU_unit3:inst|lpm_mux:Mux0|mux_aqc:auto_generated|_~1550           ; |Q|ALU_unit3:inst|lpm_mux:Mux0|mux_aqc:auto_generated|_~1550           ; out0             ;
; |Q|ALU_unit3:inst|lpm_mux:Mux0|mux_aqc:auto_generated|_~1551           ; |Q|ALU_unit3:inst|lpm_mux:Mux0|mux_aqc:auto_generated|_~1551           ; out0             ;
; |Q|ALU_unit3:inst|lpm_mux:Mux0|mux_aqc:auto_generated|_~1552           ; |Q|ALU_unit3:inst|lpm_mux:Mux0|mux_aqc:auto_generated|_~1552           ; out0             ;
; |Q|ALU_unit3:inst|lpm_mux:Mux0|mux_aqc:auto_generated|_~1554           ; |Q|ALU_unit3:inst|lpm_mux:Mux0|mux_aqc:auto_generated|_~1554           ; out0             ;
; |Q|ALU_unit3:inst|lpm_mux:Mux0|mux_aqc:auto_generated|_~1556           ; |Q|ALU_unit3:inst|lpm_mux:Mux0|mux_aqc:auto_generated|_~1556           ; out0             ;
; |Q|ALU_unit3:inst|lpm_mux:Mux0|mux_aqc:auto_generated|_~1558           ; |Q|ALU_unit3:inst|lpm_mux:Mux0|mux_aqc:auto_generated|_~1558           ; out0             ;
; |Q|ALU_unit3:inst|lpm_mux:Mux0|mux_aqc:auto_generated|_~1563           ; |Q|ALU_unit3:inst|lpm_mux:Mux0|mux_aqc:auto_generated|_~1563           ; out0             ;
; |Q|ALU_unit3:inst|lpm_mux:Mux0|mux_aqc:auto_generated|_~1565           ; |Q|ALU_unit3:inst|lpm_mux:Mux0|mux_aqc:auto_generated|_~1565           ; out0             ;
; |Q|ALU_unit3:inst|lpm_mux:Mux0|mux_aqc:auto_generated|_~1567           ; |Q|ALU_unit3:inst|lpm_mux:Mux0|mux_aqc:auto_generated|_~1567           ; out0             ;
; |Q|ALU_unit3:inst|lpm_mux:Mux0|mux_aqc:auto_generated|_~1570           ; |Q|ALU_unit3:inst|lpm_mux:Mux0|mux_aqc:auto_generated|_~1570           ; out0             ;
; |Q|ALU_unit3:inst|lpm_mux:Mux0|mux_aqc:auto_generated|_~1571           ; |Q|ALU_unit3:inst|lpm_mux:Mux0|mux_aqc:auto_generated|_~1571           ; out0             ;
; |Q|ALU_unit3:inst|lpm_mux:Mux0|mux_aqc:auto_generated|_~1574           ; |Q|ALU_unit3:inst|lpm_mux:Mux0|mux_aqc:auto_generated|_~1574           ; out0             ;
; |Q|ALU_unit3:inst|lpm_mux:Mux0|mux_aqc:auto_generated|_~1576           ; |Q|ALU_unit3:inst|lpm_mux:Mux0|mux_aqc:auto_generated|_~1576           ; out0             ;
; |Q|ALU_unit3:inst|lpm_mux:Mux0|mux_aqc:auto_generated|_~1577           ; |Q|ALU_unit3:inst|lpm_mux:Mux0|mux_aqc:auto_generated|_~1577           ; out0             ;
; |Q|ALU_unit3:inst|lpm_mux:Mux0|mux_aqc:auto_generated|_~1580           ; |Q|ALU_unit3:inst|lpm_mux:Mux0|mux_aqc:auto_generated|_~1580           ; out0             ;
; |Q|ALU_unit3:inst|lpm_mux:Mux0|mux_aqc:auto_generated|_~1581           ; |Q|ALU_unit3:inst|lpm_mux:Mux0|mux_aqc:auto_generated|_~1581           ; out0             ;
; |Q|ALU_unit3:inst|lpm_mux:Mux0|mux_aqc:auto_generated|_~1582           ; |Q|ALU_unit3:inst|lpm_mux:Mux0|mux_aqc:auto_generated|_~1582           ; out0             ;
; |Q|ALU_unit3:inst|lpm_mux:Mux0|mux_aqc:auto_generated|_~1583           ; |Q|ALU_unit3:inst|lpm_mux:Mux0|mux_aqc:auto_generated|_~1583           ; out0             ;
; |Q|ALU_unit3:inst|lpm_mux:Mux0|mux_aqc:auto_generated|_~1584           ; |Q|ALU_unit3:inst|lpm_mux:Mux0|mux_aqc:auto_generated|_~1584           ; out0             ;
; |Q|ALU_unit3:inst|lpm_mux:Mux0|mux_aqc:auto_generated|_~1586           ; |Q|ALU_unit3:inst|lpm_mux:Mux0|mux_aqc:auto_generated|_~1586           ; out0             ;
; |Q|ALU_unit3:inst|lpm_mux:Mux0|mux_aqc:auto_generated|_~1587           ; |Q|ALU_unit3:inst|lpm_mux:Mux0|mux_aqc:auto_generated|_~1587           ; out0             ;
; |Q|ALU_unit3:inst|lpm_mux:Mux0|mux_aqc:auto_generated|_~1589           ; |Q|ALU_unit3:inst|lpm_mux:Mux0|mux_aqc:auto_generated|_~1589           ; out0             ;
; |Q|ALU_unit3:inst|lpm_mux:Mux0|mux_aqc:auto_generated|_~1590           ; |Q|ALU_unit3:inst|lpm_mux:Mux0|mux_aqc:auto_generated|_~1590           ; out0             ;
; |Q|ALU_unit3:inst|lpm_mux:Mux0|mux_aqc:auto_generated|_~1591           ; |Q|ALU_unit3:inst|lpm_mux:Mux0|mux_aqc:auto_generated|_~1591           ; out0             ;
; |Q|ALU_unit3:inst|lpm_mux:Mux0|mux_aqc:auto_generated|_~1592           ; |Q|ALU_unit3:inst|lpm_mux:Mux0|mux_aqc:auto_generated|_~1592           ; out0             ;
; |Q|ALU_unit3:inst|lpm_mux:Mux0|mux_aqc:auto_generated|_~1593           ; |Q|ALU_unit3:inst|lpm_mux:Mux0|mux_aqc:auto_generated|_~1593           ; out0             ;
; |Q|ALU_unit3:inst|lpm_mux:Mux0|mux_aqc:auto_generated|_~1595           ; |Q|ALU_unit3:inst|lpm_mux:Mux0|mux_aqc:auto_generated|_~1595           ; out0             ;
; |Q|ALU_unit3:inst|lpm_mux:Mux0|mux_aqc:auto_generated|_~1596           ; |Q|ALU_unit3:inst|lpm_mux:Mux0|mux_aqc:auto_generated|_~1596           ; out0             ;
; |Q|ALU_unit3:inst|lpm_mux:Mux0|mux_aqc:auto_generated|_~1597           ; |Q|ALU_unit3:inst|lpm_mux:Mux0|mux_aqc:auto_generated|_~1597           ; out0             ;
; |Q|ALU_unit3:inst|lpm_mux:Mux0|mux_aqc:auto_generated|_~1598           ; |Q|ALU_unit3:inst|lpm_mux:Mux0|mux_aqc:auto_generated|_~1598           ; out0             ;
; |Q|ALU_unit3:inst|lpm_mux:Mux0|mux_aqc:auto_generated|_~1599           ; |Q|ALU_unit3:inst|lpm_mux:Mux0|mux_aqc:auto_generated|_~1599           ; out0             ;
; |Q|ALU_unit3:inst|lpm_mux:Mux0|mux_aqc:auto_generated|_~1600           ; |Q|ALU_unit3:inst|lpm_mux:Mux0|mux_aqc:auto_generated|_~1600           ; out0             ;
; |Q|ALU_unit3:inst|lpm_mux:Mux0|mux_aqc:auto_generated|_~1601           ; |Q|ALU_unit3:inst|lpm_mux:Mux0|mux_aqc:auto_generated|_~1601           ; out0             ;
; |Q|ALU_unit3:inst|lpm_mux:Mux0|mux_aqc:auto_generated|_~1602           ; |Q|ALU_unit3:inst|lpm_mux:Mux0|mux_aqc:auto_generated|_~1602           ; out0             ;
; |Q|ALU_unit3:inst|lpm_mux:Mux0|mux_aqc:auto_generated|_~1603           ; |Q|ALU_unit3:inst|lpm_mux:Mux0|mux_aqc:auto_generated|_~1603           ; out0             ;
; |Q|ALU_unit3:inst|lpm_mux:Mux0|mux_aqc:auto_generated|_~1605           ; |Q|ALU_unit3:inst|lpm_mux:Mux0|mux_aqc:auto_generated|_~1605           ; out0             ;
; |Q|ALU_unit3:inst|lpm_mux:Mux0|mux_aqc:auto_generated|_~1607           ; |Q|ALU_unit3:inst|lpm_mux:Mux0|mux_aqc:auto_generated|_~1607           ; out0             ;
; |Q|ALU_unit3:inst|lpm_mux:Mux0|mux_aqc:auto_generated|_~1609           ; |Q|ALU_unit3:inst|lpm_mux:Mux0|mux_aqc:auto_generated|_~1609           ; out0             ;
; |Q|ALU_unit3:inst|lpm_mux:Mux0|mux_aqc:auto_generated|_~1614           ; |Q|ALU_unit3:inst|lpm_mux:Mux0|mux_aqc:auto_generated|_~1614           ; out0             ;
; |Q|ALU_unit3:inst|lpm_mux:Mux0|mux_aqc:auto_generated|_~1616           ; |Q|ALU_unit3:inst|lpm_mux:Mux0|mux_aqc:auto_generated|_~1616           ; out0             ;
; |Q|ALU_unit3:inst|lpm_mux:Mux0|mux_aqc:auto_generated|_~1618           ; |Q|ALU_unit3:inst|lpm_mux:Mux0|mux_aqc:auto_generated|_~1618           ; out0             ;
; |Q|ALU_unit3:inst|lpm_mux:Mux0|mux_aqc:auto_generated|_~1621           ; |Q|ALU_unit3:inst|lpm_mux:Mux0|mux_aqc:auto_generated|_~1621           ; out0             ;
; |Q|ALU_unit3:inst|lpm_mux:Mux0|mux_aqc:auto_generated|_~1622           ; |Q|ALU_unit3:inst|lpm_mux:Mux0|mux_aqc:auto_generated|_~1622           ; out0             ;
; |Q|ALU_unit3:inst|lpm_mux:Mux0|mux_aqc:auto_generated|_~1625           ; |Q|ALU_unit3:inst|lpm_mux:Mux0|mux_aqc:auto_generated|_~1625           ; out0             ;
; |Q|ALU_unit3:inst|lpm_mux:Mux0|mux_aqc:auto_generated|_~1627           ; |Q|ALU_unit3:inst|lpm_mux:Mux0|mux_aqc:auto_generated|_~1627           ; out0             ;
; |Q|ALU_unit3:inst|lpm_mux:Mux0|mux_aqc:auto_generated|_~1629           ; |Q|ALU_unit3:inst|lpm_mux:Mux0|mux_aqc:auto_generated|_~1629           ; out0             ;
; |Q|ALU_unit3:inst|lpm_mux:Mux0|mux_aqc:auto_generated|_~1631           ; |Q|ALU_unit3:inst|lpm_mux:Mux0|mux_aqc:auto_generated|_~1631           ; out0             ;
; |Q|ALU_unit3:inst|lpm_mux:Mux0|mux_aqc:auto_generated|_~1633           ; |Q|ALU_unit3:inst|lpm_mux:Mux0|mux_aqc:auto_generated|_~1633           ; out0             ;
; |Q|ALU_unit3:inst|lpm_mux:Mux0|mux_aqc:auto_generated|_~1638           ; |Q|ALU_unit3:inst|lpm_mux:Mux0|mux_aqc:auto_generated|_~1638           ; out0             ;
; |Q|ALU_unit3:inst|lpm_mux:Mux0|mux_aqc:auto_generated|_~1640           ; |Q|ALU_unit3:inst|lpm_mux:Mux0|mux_aqc:auto_generated|_~1640           ; out0             ;
; |Q|ALU_unit3:inst|lpm_mux:Mux0|mux_aqc:auto_generated|_~1642           ; |Q|ALU_unit3:inst|lpm_mux:Mux0|mux_aqc:auto_generated|_~1642           ; out0             ;
; |Q|ALU_unit3:inst|lpm_mux:Mux0|mux_aqc:auto_generated|_~1645           ; |Q|ALU_unit3:inst|lpm_mux:Mux0|mux_aqc:auto_generated|_~1645           ; out0             ;
; |Q|ALU_unit3:inst|lpm_mux:Mux0|mux_aqc:auto_generated|_~1646           ; |Q|ALU_unit3:inst|lpm_mux:Mux0|mux_aqc:auto_generated|_~1646           ; out0             ;
; |Q|ALU_unit3:inst|lpm_mux:Mux0|mux_aqc:auto_generated|_~1649           ; |Q|ALU_unit3:inst|lpm_mux:Mux0|mux_aqc:auto_generated|_~1649           ; out0             ;
; |Q|ALU_unit3:inst|lpm_mux:Mux0|mux_aqc:auto_generated|_~1650           ; |Q|ALU_unit3:inst|lpm_mux:Mux0|mux_aqc:auto_generated|_~1650           ; out0             ;
; |Q|ALU_unit3:inst|lpm_mux:Mux0|mux_aqc:auto_generated|_~1651           ; |Q|ALU_unit3:inst|lpm_mux:Mux0|mux_aqc:auto_generated|_~1651           ; out0             ;
; |Q|ALU_unit3:inst|lpm_mux:Mux0|mux_aqc:auto_generated|_~1652           ; |Q|ALU_unit3:inst|lpm_mux:Mux0|mux_aqc:auto_generated|_~1652           ; out0             ;
; |Q|ALU_unit3:inst|lpm_mux:Mux0|mux_aqc:auto_generated|_~1653           ; |Q|ALU_unit3:inst|lpm_mux:Mux0|mux_aqc:auto_generated|_~1653           ; out0             ;
; |Q|ALU_unit3:inst|lpm_mux:Mux0|mux_aqc:auto_generated|_~1654           ; |Q|ALU_unit3:inst|lpm_mux:Mux0|mux_aqc:auto_generated|_~1654           ; out0             ;
; |Q|ALU_unit3:inst|lpm_mux:Mux0|mux_aqc:auto_generated|_~1655           ; |Q|ALU_unit3:inst|lpm_mux:Mux0|mux_aqc:auto_generated|_~1655           ; out0             ;
; |Q|ALU_unit3:inst|lpm_mux:Mux0|mux_aqc:auto_generated|_~1657           ; |Q|ALU_unit3:inst|lpm_mux:Mux0|mux_aqc:auto_generated|_~1657           ; out0             ;
; |Q|ALU_unit3:inst|lpm_mux:Mux0|mux_aqc:auto_generated|_~1659           ; |Q|ALU_unit3:inst|lpm_mux:Mux0|mux_aqc:auto_generated|_~1659           ; out0             ;
; |Q|ALU_unit3:inst|lpm_mux:Mux0|mux_aqc:auto_generated|_~1661           ; |Q|ALU_unit3:inst|lpm_mux:Mux0|mux_aqc:auto_generated|_~1661           ; out0             ;
; |Q|ALU_unit3:inst|lpm_mux:Mux0|mux_aqc:auto_generated|_~1666           ; |Q|ALU_unit3:inst|lpm_mux:Mux0|mux_aqc:auto_generated|_~1666           ; out0             ;
; |Q|ALU_unit3:inst|lpm_mux:Mux0|mux_aqc:auto_generated|_~1668           ; |Q|ALU_unit3:inst|lpm_mux:Mux0|mux_aqc:auto_generated|_~1668           ; out0             ;
; |Q|ALU_unit3:inst|lpm_mux:Mux0|mux_aqc:auto_generated|_~1670           ; |Q|ALU_unit3:inst|lpm_mux:Mux0|mux_aqc:auto_generated|_~1670           ; out0             ;
; |Q|ALU_unit3:inst|lpm_mux:Mux0|mux_aqc:auto_generated|_~1673           ; |Q|ALU_unit3:inst|lpm_mux:Mux0|mux_aqc:auto_generated|_~1673           ; out0             ;
; |Q|ALU_unit3:inst|lpm_mux:Mux0|mux_aqc:auto_generated|_~1674           ; |Q|ALU_unit3:inst|lpm_mux:Mux0|mux_aqc:auto_generated|_~1674           ; out0             ;
; |Q|ALU_unit3:inst|lpm_mux:Mux0|mux_aqc:auto_generated|_~1679           ; |Q|ALU_unit3:inst|lpm_mux:Mux0|mux_aqc:auto_generated|_~1679           ; out0             ;
; |Q|ALU_unit3:inst|lpm_mux:Mux0|mux_aqc:auto_generated|_~1681           ; |Q|ALU_unit3:inst|lpm_mux:Mux0|mux_aqc:auto_generated|_~1681           ; out0             ;
; |Q|ALU_unit3:inst|lpm_mux:Mux0|mux_aqc:auto_generated|_~1683           ; |Q|ALU_unit3:inst|lpm_mux:Mux0|mux_aqc:auto_generated|_~1683           ; out0             ;
; |Q|ALU_unit3:inst|lpm_mux:Mux0|mux_aqc:auto_generated|_~1688           ; |Q|ALU_unit3:inst|lpm_mux:Mux0|mux_aqc:auto_generated|_~1688           ; out0             ;
; |Q|ALU_unit3:inst|lpm_mux:Mux0|mux_aqc:auto_generated|_~1690           ; |Q|ALU_unit3:inst|lpm_mux:Mux0|mux_aqc:auto_generated|_~1690           ; out0             ;
; |Q|ALU_unit3:inst|lpm_mux:Mux0|mux_aqc:auto_generated|_~1692           ; |Q|ALU_unit3:inst|lpm_mux:Mux0|mux_aqc:auto_generated|_~1692           ; out0             ;
; |Q|ALU_unit3:inst|lpm_mux:Mux0|mux_aqc:auto_generated|_~1695           ; |Q|ALU_unit3:inst|lpm_mux:Mux0|mux_aqc:auto_generated|_~1695           ; out0             ;
; |Q|ALU_unit3:inst|lpm_mux:Mux0|mux_aqc:auto_generated|_~1696           ; |Q|ALU_unit3:inst|lpm_mux:Mux0|mux_aqc:auto_generated|_~1696           ; out0             ;
; |Q|ALU_unit3:inst|lpm_mux:Mux0|mux_aqc:auto_generated|_~1699           ; |Q|ALU_unit3:inst|lpm_mux:Mux0|mux_aqc:auto_generated|_~1699           ; out0             ;
; |Q|ALU_unit3:inst|lpm_mux:Mux0|mux_aqc:auto_generated|_~1701           ; |Q|ALU_unit3:inst|lpm_mux:Mux0|mux_aqc:auto_generated|_~1701           ; out0             ;
; |Q|ALU_unit3:inst|lpm_mux:Mux0|mux_aqc:auto_generated|_~1704           ; |Q|ALU_unit3:inst|lpm_mux:Mux0|mux_aqc:auto_generated|_~1704           ; out0             ;
; |Q|ALU_unit3:inst|lpm_mux:Mux0|mux_aqc:auto_generated|_~1706           ; |Q|ALU_unit3:inst|lpm_mux:Mux0|mux_aqc:auto_generated|_~1706           ; out0             ;
; |Q|ALU_unit3:inst|lpm_mux:Mux0|mux_aqc:auto_generated|_~1708           ; |Q|ALU_unit3:inst|lpm_mux:Mux0|mux_aqc:auto_generated|_~1708           ; out0             ;
; |Q|ALU_unit3:inst|lpm_mux:Mux0|mux_aqc:auto_generated|_~1713           ; |Q|ALU_unit3:inst|lpm_mux:Mux0|mux_aqc:auto_generated|_~1713           ; out0             ;
; |Q|ALU_unit3:inst|lpm_mux:Mux0|mux_aqc:auto_generated|_~1715           ; |Q|ALU_unit3:inst|lpm_mux:Mux0|mux_aqc:auto_generated|_~1715           ; out0             ;
; |Q|ALU_unit3:inst|lpm_mux:Mux0|mux_aqc:auto_generated|_~1717           ; |Q|ALU_unit3:inst|lpm_mux:Mux0|mux_aqc:auto_generated|_~1717           ; out0             ;
; |Q|ALU_unit3:inst|lpm_mux:Mux0|mux_aqc:auto_generated|_~1720           ; |Q|ALU_unit3:inst|lpm_mux:Mux0|mux_aqc:auto_generated|_~1720           ; out0             ;
; |Q|ALU_unit3:inst|lpm_mux:Mux0|mux_aqc:auto_generated|_~1721           ; |Q|ALU_unit3:inst|lpm_mux:Mux0|mux_aqc:auto_generated|_~1721           ; out0             ;
; |Q|ALU_unit3:inst|lpm_mux:Mux0|mux_aqc:auto_generated|_~1724           ; |Q|ALU_unit3:inst|lpm_mux:Mux0|mux_aqc:auto_generated|_~1724           ; out0             ;
; |Q|ALU_unit3:inst|lpm_mux:Mux0|mux_aqc:auto_generated|_~1730           ; |Q|ALU_unit3:inst|lpm_mux:Mux0|mux_aqc:auto_generated|_~1730           ; out0             ;
; |Q|ALU_unit3:inst|lpm_mux:Mux0|mux_aqc:auto_generated|_~1732           ; |Q|ALU_unit3:inst|lpm_mux:Mux0|mux_aqc:auto_generated|_~1732           ; out0             ;
; |Q|ALU_unit3:inst|lpm_mux:Mux0|mux_aqc:auto_generated|_~1734           ; |Q|ALU_unit3:inst|lpm_mux:Mux0|mux_aqc:auto_generated|_~1734           ; out0             ;
; |Q|ALU_unit3:inst|lpm_mux:Mux0|mux_aqc:auto_generated|_~1739           ; |Q|ALU_unit3:inst|lpm_mux:Mux0|mux_aqc:auto_generated|_~1739           ; out0             ;
; |Q|ALU_unit3:inst|lpm_mux:Mux0|mux_aqc:auto_generated|_~1741           ; |Q|ALU_unit3:inst|lpm_mux:Mux0|mux_aqc:auto_generated|_~1741           ; out0             ;
; |Q|ALU_unit3:inst|lpm_mux:Mux0|mux_aqc:auto_generated|_~1743           ; |Q|ALU_unit3:inst|lpm_mux:Mux0|mux_aqc:auto_generated|_~1743           ; out0             ;
; |Q|ALU_unit3:inst|lpm_mux:Mux0|mux_aqc:auto_generated|_~1746           ; |Q|ALU_unit3:inst|lpm_mux:Mux0|mux_aqc:auto_generated|_~1746           ; out0             ;
; |Q|ALU_unit3:inst|lpm_mux:Mux0|mux_aqc:auto_generated|_~1747           ; |Q|ALU_unit3:inst|lpm_mux:Mux0|mux_aqc:auto_generated|_~1747           ; out0             ;
; |Q|ALU_unit3:inst|lpm_mux:Mux0|mux_aqc:auto_generated|_~1750           ; |Q|ALU_unit3:inst|lpm_mux:Mux0|mux_aqc:auto_generated|_~1750           ; out0             ;
; |Q|ALU_unit3:inst|lpm_mux:Mux0|mux_aqc:auto_generated|_~1752           ; |Q|ALU_unit3:inst|lpm_mux:Mux0|mux_aqc:auto_generated|_~1752           ; out0             ;
; |Q|ALU_unit3:inst|lpm_mux:Mux0|mux_aqc:auto_generated|_~1755           ; |Q|ALU_unit3:inst|lpm_mux:Mux0|mux_aqc:auto_generated|_~1755           ; out0             ;
; |Q|ALU_unit3:inst|lpm_mux:Mux0|mux_aqc:auto_generated|_~1757           ; |Q|ALU_unit3:inst|lpm_mux:Mux0|mux_aqc:auto_generated|_~1757           ; out0             ;
; |Q|ALU_unit3:inst|lpm_mux:Mux0|mux_aqc:auto_generated|_~1759           ; |Q|ALU_unit3:inst|lpm_mux:Mux0|mux_aqc:auto_generated|_~1759           ; out0             ;
; |Q|ALU_unit3:inst|lpm_mux:Mux0|mux_aqc:auto_generated|_~1764           ; |Q|ALU_unit3:inst|lpm_mux:Mux0|mux_aqc:auto_generated|_~1764           ; out0             ;
; |Q|ALU_unit3:inst|lpm_mux:Mux0|mux_aqc:auto_generated|_~1766           ; |Q|ALU_unit3:inst|lpm_mux:Mux0|mux_aqc:auto_generated|_~1766           ; out0             ;
; |Q|ALU_unit3:inst|lpm_mux:Mux0|mux_aqc:auto_generated|_~1768           ; |Q|ALU_unit3:inst|lpm_mux:Mux0|mux_aqc:auto_generated|_~1768           ; out0             ;
; |Q|ALU_unit3:inst|lpm_mux:Mux0|mux_aqc:auto_generated|_~1771           ; |Q|ALU_unit3:inst|lpm_mux:Mux0|mux_aqc:auto_generated|_~1771           ; out0             ;
; |Q|ALU_unit3:inst|lpm_mux:Mux0|mux_aqc:auto_generated|_~1772           ; |Q|ALU_unit3:inst|lpm_mux:Mux0|mux_aqc:auto_generated|_~1772           ; out0             ;
; |Q|ALU_unit3:inst|lpm_mux:Mux0|mux_aqc:auto_generated|_~1775           ; |Q|ALU_unit3:inst|lpm_mux:Mux0|mux_aqc:auto_generated|_~1775           ; out0             ;
; |Q|ALU_unit3:inst|lpm_mux:Mux0|mux_aqc:auto_generated|_~1779           ; |Q|ALU_unit3:inst|lpm_mux:Mux0|mux_aqc:auto_generated|_~1779           ; out0             ;
; |Q|ALU_unit3:inst|lpm_mux:Mux0|mux_aqc:auto_generated|_~1781           ; |Q|ALU_unit3:inst|lpm_mux:Mux0|mux_aqc:auto_generated|_~1781           ; out0             ;
; |Q|ALU_unit3:inst|lpm_mux:Mux0|mux_aqc:auto_generated|_~1783           ; |Q|ALU_unit3:inst|lpm_mux:Mux0|mux_aqc:auto_generated|_~1783           ; out0             ;
; |Q|ALU_unit3:inst|lpm_mux:Mux0|mux_aqc:auto_generated|_~1788           ; |Q|ALU_unit3:inst|lpm_mux:Mux0|mux_aqc:auto_generated|_~1788           ; out0             ;
; |Q|ALU_unit3:inst|lpm_mux:Mux0|mux_aqc:auto_generated|_~1790           ; |Q|ALU_unit3:inst|lpm_mux:Mux0|mux_aqc:auto_generated|_~1790           ; out0             ;
; |Q|ALU_unit3:inst|lpm_mux:Mux0|mux_aqc:auto_generated|_~1792           ; |Q|ALU_unit3:inst|lpm_mux:Mux0|mux_aqc:auto_generated|_~1792           ; out0             ;
; |Q|ALU_unit3:inst|lpm_mux:Mux0|mux_aqc:auto_generated|_~1795           ; |Q|ALU_unit3:inst|lpm_mux:Mux0|mux_aqc:auto_generated|_~1795           ; out0             ;
; |Q|ALU_unit3:inst|lpm_mux:Mux0|mux_aqc:auto_generated|_~1796           ; |Q|ALU_unit3:inst|lpm_mux:Mux0|mux_aqc:auto_generated|_~1796           ; out0             ;
; |Q|ALU_unit3:inst|lpm_mux:Mux0|mux_aqc:auto_generated|_~1799           ; |Q|ALU_unit3:inst|lpm_mux:Mux0|mux_aqc:auto_generated|_~1799           ; out0             ;
; |Q|ALU_unit3:inst|lpm_mux:Mux0|mux_aqc:auto_generated|_~1800           ; |Q|ALU_unit3:inst|lpm_mux:Mux0|mux_aqc:auto_generated|_~1800           ; out0             ;
; |Q|ALU_unit3:inst|lpm_mux:Mux0|mux_aqc:auto_generated|_~1803           ; |Q|ALU_unit3:inst|lpm_mux:Mux0|mux_aqc:auto_generated|_~1803           ; out0             ;
; |Q|ALU_unit3:inst|lpm_mux:Mux0|mux_aqc:auto_generated|_~1804           ; |Q|ALU_unit3:inst|lpm_mux:Mux0|mux_aqc:auto_generated|_~1804           ; out0             ;
; |Q|ALU_unit3:inst|lpm_mux:Mux0|mux_aqc:auto_generated|_~1805           ; |Q|ALU_unit3:inst|lpm_mux:Mux0|mux_aqc:auto_generated|_~1805           ; out0             ;
; |Q|ALU_unit3:inst|lpm_mux:Mux0|mux_aqc:auto_generated|_~1806           ; |Q|ALU_unit3:inst|lpm_mux:Mux0|mux_aqc:auto_generated|_~1806           ; out0             ;
; |Q|ALU_unit3:inst|lpm_mux:Mux0|mux_aqc:auto_generated|result_node[0]~1 ; |Q|ALU_unit3:inst|lpm_mux:Mux0|mux_aqc:auto_generated|result_node[0]~1 ; out0             ;
; |Q|ALU_unit3:inst|lpm_mux:Mux0|mux_aqc:auto_generated|result_node[0]   ; |Q|ALU_unit3:inst|lpm_mux:Mux0|mux_aqc:auto_generated|result_node[0]   ; out0             ;
; |Q|seg7:inst7|lpm_mux:Mux6|mux_joc:auto_generated|_~1                  ; |Q|seg7:inst7|lpm_mux:Mux6|mux_joc:auto_generated|_~1                  ; out0             ;
; |Q|seg7:inst7|lpm_mux:Mux6|mux_joc:auto_generated|_~3                  ; |Q|seg7:inst7|lpm_mux:Mux6|mux_joc:auto_generated|_~3                  ; out0             ;
; |Q|seg7:inst7|lpm_mux:Mux6|mux_joc:auto_generated|_~5                  ; |Q|seg7:inst7|lpm_mux:Mux6|mux_joc:auto_generated|_~5                  ; out0             ;
; |Q|seg7:inst7|lpm_mux:Mux6|mux_joc:auto_generated|_~6                  ; |Q|seg7:inst7|lpm_mux:Mux6|mux_joc:auto_generated|_~6                  ; out0             ;
; |Q|seg7:inst7|lpm_mux:Mux6|mux_joc:auto_generated|_~7                  ; |Q|seg7:inst7|lpm_mux:Mux6|mux_joc:auto_generated|_~7                  ; out0             ;
; |Q|seg7:inst7|lpm_mux:Mux6|mux_joc:auto_generated|_~8                  ; |Q|seg7:inst7|lpm_mux:Mux6|mux_joc:auto_generated|_~8                  ; out0             ;
; |Q|seg7:inst7|lpm_mux:Mux6|mux_joc:auto_generated|_~10                 ; |Q|seg7:inst7|lpm_mux:Mux6|mux_joc:auto_generated|_~10                 ; out0             ;
; |Q|seg7:inst7|lpm_mux:Mux6|mux_joc:auto_generated|_~12                 ; |Q|seg7:inst7|lpm_mux:Mux6|mux_joc:auto_generated|_~12                 ; out0             ;
; |Q|seg7:inst7|lpm_mux:Mux6|mux_joc:auto_generated|_~14                 ; |Q|seg7:inst7|lpm_mux:Mux6|mux_joc:auto_generated|_~14                 ; out0             ;
; |Q|seg7:inst7|lpm_mux:Mux6|mux_joc:auto_generated|_~15                 ; |Q|seg7:inst7|lpm_mux:Mux6|mux_joc:auto_generated|_~15                 ; out0             ;
; |Q|seg7:inst7|lpm_mux:Mux6|mux_joc:auto_generated|_~16                 ; |Q|seg7:inst7|lpm_mux:Mux6|mux_joc:auto_generated|_~16                 ; out0             ;
; |Q|seg7:inst7|lpm_mux:Mux6|mux_joc:auto_generated|_~17                 ; |Q|seg7:inst7|lpm_mux:Mux6|mux_joc:auto_generated|_~17                 ; out0             ;
; |Q|seg7:inst7|lpm_mux:Mux6|mux_joc:auto_generated|_~19                 ; |Q|seg7:inst7|lpm_mux:Mux6|mux_joc:auto_generated|_~19                 ; out0             ;
; |Q|seg7:inst7|lpm_mux:Mux6|mux_joc:auto_generated|_~20                 ; |Q|seg7:inst7|lpm_mux:Mux6|mux_joc:auto_generated|_~20                 ; out0             ;
; |Q|seg7:inst7|lpm_mux:Mux6|mux_joc:auto_generated|_~22                 ; |Q|seg7:inst7|lpm_mux:Mux6|mux_joc:auto_generated|_~22                 ; out0             ;
; |Q|seg7:inst7|lpm_mux:Mux6|mux_joc:auto_generated|_~23                 ; |Q|seg7:inst7|lpm_mux:Mux6|mux_joc:auto_generated|_~23                 ; out0             ;
; |Q|seg7:inst7|lpm_mux:Mux6|mux_joc:auto_generated|_~24                 ; |Q|seg7:inst7|lpm_mux:Mux6|mux_joc:auto_generated|_~24                 ; out0             ;
; |Q|seg7:inst7|lpm_mux:Mux6|mux_joc:auto_generated|_~25                 ; |Q|seg7:inst7|lpm_mux:Mux6|mux_joc:auto_generated|_~25                 ; out0             ;
; |Q|seg7:inst7|lpm_mux:Mux6|mux_joc:auto_generated|_~26                 ; |Q|seg7:inst7|lpm_mux:Mux6|mux_joc:auto_generated|_~26                 ; out0             ;
; |Q|seg7:inst7|lpm_mux:Mux6|mux_joc:auto_generated|_~27                 ; |Q|seg7:inst7|lpm_mux:Mux6|mux_joc:auto_generated|_~27                 ; out0             ;
; |Q|seg7:inst7|lpm_mux:Mux6|mux_joc:auto_generated|_~28                 ; |Q|seg7:inst7|lpm_mux:Mux6|mux_joc:auto_generated|_~28                 ; out0             ;
; |Q|seg7:inst7|lpm_mux:Mux6|mux_joc:auto_generated|_~29                 ; |Q|seg7:inst7|lpm_mux:Mux6|mux_joc:auto_generated|_~29                 ; out0             ;
; |Q|seg7:inst7|lpm_mux:Mux6|mux_joc:auto_generated|_~30                 ; |Q|seg7:inst7|lpm_mux:Mux6|mux_joc:auto_generated|_~30                 ; out0             ;
; |Q|seg7:inst7|lpm_mux:Mux6|mux_joc:auto_generated|_~31                 ; |Q|seg7:inst7|lpm_mux:Mux6|mux_joc:auto_generated|_~31                 ; out0             ;
; |Q|seg7:inst7|lpm_mux:Mux6|mux_joc:auto_generated|_~32                 ; |Q|seg7:inst7|lpm_mux:Mux6|mux_joc:auto_generated|_~32                 ; out0             ;
; |Q|seg7:inst7|lpm_mux:Mux6|mux_joc:auto_generated|_~33                 ; |Q|seg7:inst7|lpm_mux:Mux6|mux_joc:auto_generated|_~33                 ; out0             ;
; |Q|seg7:inst7|lpm_mux:Mux6|mux_joc:auto_generated|_~34                 ; |Q|seg7:inst7|lpm_mux:Mux6|mux_joc:auto_generated|_~34                 ; out0             ;
; |Q|seg7:inst7|lpm_mux:Mux6|mux_joc:auto_generated|_~35                 ; |Q|seg7:inst7|lpm_mux:Mux6|mux_joc:auto_generated|_~35                 ; out0             ;
; |Q|seg7:inst7|lpm_mux:Mux6|mux_joc:auto_generated|_~36                 ; |Q|seg7:inst7|lpm_mux:Mux6|mux_joc:auto_generated|_~36                 ; out0             ;
; |Q|seg7:inst7|lpm_mux:Mux6|mux_joc:auto_generated|_~37                 ; |Q|seg7:inst7|lpm_mux:Mux6|mux_joc:auto_generated|_~37                 ; out0             ;
; |Q|seg7:inst7|lpm_mux:Mux6|mux_joc:auto_generated|_~38                 ; |Q|seg7:inst7|lpm_mux:Mux6|mux_joc:auto_generated|_~38                 ; out0             ;
; |Q|seg7:inst7|lpm_mux:Mux6|mux_joc:auto_generated|_~39                 ; |Q|seg7:inst7|lpm_mux:Mux6|mux_joc:auto_generated|_~39                 ; out0             ;
; |Q|seg7:inst7|lpm_mux:Mux6|mux_joc:auto_generated|_~40                 ; |Q|seg7:inst7|lpm_mux:Mux6|mux_joc:auto_generated|_~40                 ; out0             ;
; |Q|seg7:inst7|lpm_mux:Mux6|mux_joc:auto_generated|_~41                 ; |Q|seg7:inst7|lpm_mux:Mux6|mux_joc:auto_generated|_~41                 ; out0             ;
; |Q|seg7:inst7|lpm_mux:Mux6|mux_joc:auto_generated|_~42                 ; |Q|seg7:inst7|lpm_mux:Mux6|mux_joc:auto_generated|_~42                 ; out0             ;
; |Q|seg7:inst7|lpm_mux:Mux6|mux_joc:auto_generated|_~43                 ; |Q|seg7:inst7|lpm_mux:Mux6|mux_joc:auto_generated|_~43                 ; out0             ;
; |Q|seg7:inst7|lpm_mux:Mux6|mux_joc:auto_generated|_~44                 ; |Q|seg7:inst7|lpm_mux:Mux6|mux_joc:auto_generated|_~44                 ; out0             ;
; |Q|seg7:inst7|lpm_mux:Mux6|mux_joc:auto_generated|_~45                 ; |Q|seg7:inst7|lpm_mux:Mux6|mux_joc:auto_generated|_~45                 ; out0             ;
; |Q|seg7:inst7|lpm_mux:Mux6|mux_joc:auto_generated|_~46                 ; |Q|seg7:inst7|lpm_mux:Mux6|mux_joc:auto_generated|_~46                 ; out0             ;
; |Q|seg7:inst7|lpm_mux:Mux6|mux_joc:auto_generated|_~48                 ; |Q|seg7:inst7|lpm_mux:Mux6|mux_joc:auto_generated|_~48                 ; out0             ;
; |Q|seg7:inst7|lpm_mux:Mux6|mux_joc:auto_generated|_~50                 ; |Q|seg7:inst7|lpm_mux:Mux6|mux_joc:auto_generated|_~50                 ; out0             ;
; |Q|seg7:inst7|lpm_mux:Mux6|mux_joc:auto_generated|_~52                 ; |Q|seg7:inst7|lpm_mux:Mux6|mux_joc:auto_generated|_~52                 ; out0             ;
; |Q|seg7:inst7|lpm_mux:Mux6|mux_joc:auto_generated|_~53                 ; |Q|seg7:inst7|lpm_mux:Mux6|mux_joc:auto_generated|_~53                 ; out0             ;
; |Q|seg7:inst7|lpm_mux:Mux6|mux_joc:auto_generated|_~54                 ; |Q|seg7:inst7|lpm_mux:Mux6|mux_joc:auto_generated|_~54                 ; out0             ;
; |Q|seg7:inst7|lpm_mux:Mux6|mux_joc:auto_generated|_~55                 ; |Q|seg7:inst7|lpm_mux:Mux6|mux_joc:auto_generated|_~55                 ; out0             ;
; |Q|seg7:inst7|lpm_mux:Mux6|mux_joc:auto_generated|_~57                 ; |Q|seg7:inst7|lpm_mux:Mux6|mux_joc:auto_generated|_~57                 ; out0             ;
; |Q|seg7:inst7|lpm_mux:Mux6|mux_joc:auto_generated|_~59                 ; |Q|seg7:inst7|lpm_mux:Mux6|mux_joc:auto_generated|_~59                 ; out0             ;
; |Q|seg7:inst7|lpm_mux:Mux6|mux_joc:auto_generated|_~61                 ; |Q|seg7:inst7|lpm_mux:Mux6|mux_joc:auto_generated|_~61                 ; out0             ;
; |Q|seg7:inst7|lpm_mux:Mux6|mux_joc:auto_generated|_~62                 ; |Q|seg7:inst7|lpm_mux:Mux6|mux_joc:auto_generated|_~62                 ; out0             ;
; |Q|seg7:inst7|lpm_mux:Mux6|mux_joc:auto_generated|_~63                 ; |Q|seg7:inst7|lpm_mux:Mux6|mux_joc:auto_generated|_~63                 ; out0             ;
; |Q|seg7:inst7|lpm_mux:Mux6|mux_joc:auto_generated|_~64                 ; |Q|seg7:inst7|lpm_mux:Mux6|mux_joc:auto_generated|_~64                 ; out0             ;
; |Q|seg7:inst7|lpm_mux:Mux6|mux_joc:auto_generated|_~65                 ; |Q|seg7:inst7|lpm_mux:Mux6|mux_joc:auto_generated|_~65                 ; out0             ;
; |Q|seg7:inst7|lpm_mux:Mux6|mux_joc:auto_generated|_~68                 ; |Q|seg7:inst7|lpm_mux:Mux6|mux_joc:auto_generated|_~68                 ; out0             ;
; |Q|seg7:inst7|lpm_mux:Mux6|mux_joc:auto_generated|_~70                 ; |Q|seg7:inst7|lpm_mux:Mux6|mux_joc:auto_generated|_~70                 ; out0             ;
; |Q|seg7:inst7|lpm_mux:Mux6|mux_joc:auto_generated|_~71                 ; |Q|seg7:inst7|lpm_mux:Mux6|mux_joc:auto_generated|_~71                 ; out0             ;
; |Q|seg7:inst7|lpm_mux:Mux6|mux_joc:auto_generated|_~72                 ; |Q|seg7:inst7|lpm_mux:Mux6|mux_joc:auto_generated|_~72                 ; out0             ;
; |Q|seg7:inst7|lpm_mux:Mux6|mux_joc:auto_generated|_~73                 ; |Q|seg7:inst7|lpm_mux:Mux6|mux_joc:auto_generated|_~73                 ; out0             ;
; |Q|seg7:inst7|lpm_mux:Mux6|mux_joc:auto_generated|_~74                 ; |Q|seg7:inst7|lpm_mux:Mux6|mux_joc:auto_generated|_~74                 ; out0             ;
; |Q|seg7:inst7|lpm_mux:Mux6|mux_joc:auto_generated|_~75                 ; |Q|seg7:inst7|lpm_mux:Mux6|mux_joc:auto_generated|_~75                 ; out0             ;
; |Q|seg7:inst7|lpm_mux:Mux6|mux_joc:auto_generated|_~76                 ; |Q|seg7:inst7|lpm_mux:Mux6|mux_joc:auto_generated|_~76                 ; out0             ;
; |Q|seg7:inst7|lpm_mux:Mux6|mux_joc:auto_generated|_~77                 ; |Q|seg7:inst7|lpm_mux:Mux6|mux_joc:auto_generated|_~77                 ; out0             ;
; |Q|seg7:inst7|lpm_mux:Mux6|mux_joc:auto_generated|_~78                 ; |Q|seg7:inst7|lpm_mux:Mux6|mux_joc:auto_generated|_~78                 ; out0             ;
; |Q|seg7:inst7|lpm_mux:Mux6|mux_joc:auto_generated|_~79                 ; |Q|seg7:inst7|lpm_mux:Mux6|mux_joc:auto_generated|_~79                 ; out0             ;
; |Q|seg7:inst7|lpm_mux:Mux6|mux_joc:auto_generated|_~80                 ; |Q|seg7:inst7|lpm_mux:Mux6|mux_joc:auto_generated|_~80                 ; out0             ;
; |Q|seg7:inst7|lpm_mux:Mux6|mux_joc:auto_generated|_~81                 ; |Q|seg7:inst7|lpm_mux:Mux6|mux_joc:auto_generated|_~81                 ; out0             ;
; |Q|seg7:inst7|lpm_mux:Mux6|mux_joc:auto_generated|_~82                 ; |Q|seg7:inst7|lpm_mux:Mux6|mux_joc:auto_generated|_~82                 ; out0             ;
; |Q|seg7:inst7|lpm_mux:Mux6|mux_joc:auto_generated|_~83                 ; |Q|seg7:inst7|lpm_mux:Mux6|mux_joc:auto_generated|_~83                 ; out0             ;
; |Q|seg7:inst7|lpm_mux:Mux6|mux_joc:auto_generated|_~84                 ; |Q|seg7:inst7|lpm_mux:Mux6|mux_joc:auto_generated|_~84                 ; out0             ;
; |Q|seg7:inst7|lpm_mux:Mux6|mux_joc:auto_generated|_~85                 ; |Q|seg7:inst7|lpm_mux:Mux6|mux_joc:auto_generated|_~85                 ; out0             ;
; |Q|seg7:inst7|lpm_mux:Mux6|mux_joc:auto_generated|_~86                 ; |Q|seg7:inst7|lpm_mux:Mux6|mux_joc:auto_generated|_~86                 ; out0             ;
; |Q|seg7:inst7|lpm_mux:Mux6|mux_joc:auto_generated|_~87                 ; |Q|seg7:inst7|lpm_mux:Mux6|mux_joc:auto_generated|_~87                 ; out0             ;
; |Q|seg7:inst7|lpm_mux:Mux6|mux_joc:auto_generated|_~88                 ; |Q|seg7:inst7|lpm_mux:Mux6|mux_joc:auto_generated|_~88                 ; out0             ;
; |Q|seg7:inst7|lpm_mux:Mux6|mux_joc:auto_generated|_~89                 ; |Q|seg7:inst7|lpm_mux:Mux6|mux_joc:auto_generated|_~89                 ; out0             ;
; |Q|seg7:inst7|lpm_mux:Mux6|mux_joc:auto_generated|_~90                 ; |Q|seg7:inst7|lpm_mux:Mux6|mux_joc:auto_generated|_~90                 ; out0             ;
; |Q|seg7:inst7|lpm_mux:Mux6|mux_joc:auto_generated|_~91                 ; |Q|seg7:inst7|lpm_mux:Mux6|mux_joc:auto_generated|_~91                 ; out0             ;
; |Q|seg7:inst7|lpm_mux:Mux6|mux_joc:auto_generated|_~92                 ; |Q|seg7:inst7|lpm_mux:Mux6|mux_joc:auto_generated|_~92                 ; out0             ;
; |Q|seg7:inst7|lpm_mux:Mux6|mux_joc:auto_generated|_~93                 ; |Q|seg7:inst7|lpm_mux:Mux6|mux_joc:auto_generated|_~93                 ; out0             ;
; |Q|seg7:inst7|lpm_mux:Mux6|mux_joc:auto_generated|_~94                 ; |Q|seg7:inst7|lpm_mux:Mux6|mux_joc:auto_generated|_~94                 ; out0             ;
; |Q|seg7:inst7|lpm_mux:Mux6|mux_joc:auto_generated|_~95                 ; |Q|seg7:inst7|lpm_mux:Mux6|mux_joc:auto_generated|_~95                 ; out0             ;
; |Q|seg7:inst7|lpm_mux:Mux6|mux_joc:auto_generated|_~96                 ; |Q|seg7:inst7|lpm_mux:Mux6|mux_joc:auto_generated|_~96                 ; out0             ;
; |Q|seg7:inst7|lpm_mux:Mux6|mux_joc:auto_generated|_~98                 ; |Q|seg7:inst7|lpm_mux:Mux6|mux_joc:auto_generated|_~98                 ; out0             ;
; |Q|seg7:inst7|lpm_mux:Mux6|mux_joc:auto_generated|_~100                ; |Q|seg7:inst7|lpm_mux:Mux6|mux_joc:auto_generated|_~100                ; out0             ;
; |Q|seg7:inst7|lpm_mux:Mux6|mux_joc:auto_generated|_~102                ; |Q|seg7:inst7|lpm_mux:Mux6|mux_joc:auto_generated|_~102                ; out0             ;
; |Q|seg7:inst7|lpm_mux:Mux6|mux_joc:auto_generated|_~103                ; |Q|seg7:inst7|lpm_mux:Mux6|mux_joc:auto_generated|_~103                ; out0             ;
; |Q|seg7:inst7|lpm_mux:Mux6|mux_joc:auto_generated|_~104                ; |Q|seg7:inst7|lpm_mux:Mux6|mux_joc:auto_generated|_~104                ; out0             ;
; |Q|seg7:inst7|lpm_mux:Mux6|mux_joc:auto_generated|_~105                ; |Q|seg7:inst7|lpm_mux:Mux6|mux_joc:auto_generated|_~105                ; out0             ;
; |Q|seg7:inst7|lpm_mux:Mux6|mux_joc:auto_generated|_~107                ; |Q|seg7:inst7|lpm_mux:Mux6|mux_joc:auto_generated|_~107                ; out0             ;
; |Q|seg7:inst7|lpm_mux:Mux6|mux_joc:auto_generated|_~109                ; |Q|seg7:inst7|lpm_mux:Mux6|mux_joc:auto_generated|_~109                ; out0             ;
; |Q|seg7:inst7|lpm_mux:Mux6|mux_joc:auto_generated|_~111                ; |Q|seg7:inst7|lpm_mux:Mux6|mux_joc:auto_generated|_~111                ; out0             ;
; |Q|seg7:inst7|lpm_mux:Mux6|mux_joc:auto_generated|_~112                ; |Q|seg7:inst7|lpm_mux:Mux6|mux_joc:auto_generated|_~112                ; out0             ;
; |Q|seg7:inst7|lpm_mux:Mux6|mux_joc:auto_generated|_~113                ; |Q|seg7:inst7|lpm_mux:Mux6|mux_joc:auto_generated|_~113                ; out0             ;
; |Q|seg7:inst7|lpm_mux:Mux6|mux_joc:auto_generated|_~114                ; |Q|seg7:inst7|lpm_mux:Mux6|mux_joc:auto_generated|_~114                ; out0             ;
; |Q|seg7:inst7|lpm_mux:Mux6|mux_joc:auto_generated|_~115                ; |Q|seg7:inst7|lpm_mux:Mux6|mux_joc:auto_generated|_~115                ; out0             ;
; |Q|seg7:inst7|lpm_mux:Mux6|mux_joc:auto_generated|_~118                ; |Q|seg7:inst7|lpm_mux:Mux6|mux_joc:auto_generated|_~118                ; out0             ;
; |Q|seg7:inst7|lpm_mux:Mux6|mux_joc:auto_generated|_~120                ; |Q|seg7:inst7|lpm_mux:Mux6|mux_joc:auto_generated|_~120                ; out0             ;
; |Q|seg7:inst7|lpm_mux:Mux6|mux_joc:auto_generated|_~122                ; |Q|seg7:inst7|lpm_mux:Mux6|mux_joc:auto_generated|_~122                ; out0             ;
; |Q|seg7:inst7|lpm_mux:Mux6|mux_joc:auto_generated|_~123                ; |Q|seg7:inst7|lpm_mux:Mux6|mux_joc:auto_generated|_~123                ; out0             ;
; |Q|seg7:inst7|lpm_mux:Mux6|mux_joc:auto_generated|_~124                ; |Q|seg7:inst7|lpm_mux:Mux6|mux_joc:auto_generated|_~124                ; out0             ;
; |Q|seg7:inst7|lpm_mux:Mux6|mux_joc:auto_generated|_~125                ; |Q|seg7:inst7|lpm_mux:Mux6|mux_joc:auto_generated|_~125                ; out0             ;
; |Q|seg7:inst7|lpm_mux:Mux6|mux_joc:auto_generated|_~126                ; |Q|seg7:inst7|lpm_mux:Mux6|mux_joc:auto_generated|_~126                ; out0             ;
; |Q|seg7:inst7|lpm_mux:Mux6|mux_joc:auto_generated|_~127                ; |Q|seg7:inst7|lpm_mux:Mux6|mux_joc:auto_generated|_~127                ; out0             ;
; |Q|seg7:inst7|lpm_mux:Mux6|mux_joc:auto_generated|_~128                ; |Q|seg7:inst7|lpm_mux:Mux6|mux_joc:auto_generated|_~128                ; out0             ;
; |Q|seg7:inst7|lpm_mux:Mux6|mux_joc:auto_generated|_~129                ; |Q|seg7:inst7|lpm_mux:Mux6|mux_joc:auto_generated|_~129                ; out0             ;
; |Q|seg7:inst7|lpm_mux:Mux6|mux_joc:auto_generated|_~131                ; |Q|seg7:inst7|lpm_mux:Mux6|mux_joc:auto_generated|_~131                ; out0             ;
; |Q|seg7:inst7|lpm_mux:Mux6|mux_joc:auto_generated|_~132                ; |Q|seg7:inst7|lpm_mux:Mux6|mux_joc:auto_generated|_~132                ; out0             ;
; |Q|seg7:inst7|lpm_mux:Mux6|mux_joc:auto_generated|_~133                ; |Q|seg7:inst7|lpm_mux:Mux6|mux_joc:auto_generated|_~133                ; out0             ;
; |Q|seg7:inst7|lpm_mux:Mux6|mux_joc:auto_generated|_~134                ; |Q|seg7:inst7|lpm_mux:Mux6|mux_joc:auto_generated|_~134                ; out0             ;
; |Q|seg7:inst7|lpm_mux:Mux6|mux_joc:auto_generated|_~135                ; |Q|seg7:inst7|lpm_mux:Mux6|mux_joc:auto_generated|_~135                ; out0             ;
; |Q|seg7:inst7|lpm_mux:Mux6|mux_joc:auto_generated|_~136                ; |Q|seg7:inst7|lpm_mux:Mux6|mux_joc:auto_generated|_~136                ; out0             ;
; |Q|seg7:inst7|lpm_mux:Mux6|mux_joc:auto_generated|_~137                ; |Q|seg7:inst7|lpm_mux:Mux6|mux_joc:auto_generated|_~137                ; out0             ;
; |Q|seg7:inst7|lpm_mux:Mux6|mux_joc:auto_generated|_~138                ; |Q|seg7:inst7|lpm_mux:Mux6|mux_joc:auto_generated|_~138                ; out0             ;
; |Q|seg7:inst7|lpm_mux:Mux6|mux_joc:auto_generated|_~139                ; |Q|seg7:inst7|lpm_mux:Mux6|mux_joc:auto_generated|_~139                ; out0             ;
; |Q|seg7:inst7|lpm_mux:Mux6|mux_joc:auto_generated|_~140                ; |Q|seg7:inst7|lpm_mux:Mux6|mux_joc:auto_generated|_~140                ; out0             ;
; |Q|seg7:inst7|lpm_mux:Mux6|mux_joc:auto_generated|_~141                ; |Q|seg7:inst7|lpm_mux:Mux6|mux_joc:auto_generated|_~141                ; out0             ;
; |Q|seg7:inst7|lpm_mux:Mux6|mux_joc:auto_generated|_~142                ; |Q|seg7:inst7|lpm_mux:Mux6|mux_joc:auto_generated|_~142                ; out0             ;
; |Q|seg7:inst7|lpm_mux:Mux6|mux_joc:auto_generated|_~143                ; |Q|seg7:inst7|lpm_mux:Mux6|mux_joc:auto_generated|_~143                ; out0             ;
; |Q|seg7:inst7|lpm_mux:Mux6|mux_joc:auto_generated|result_node[0]~1     ; |Q|seg7:inst7|lpm_mux:Mux6|mux_joc:auto_generated|result_node[0]~1     ; out0             ;
; |Q|seg7:inst7|lpm_mux:Mux6|mux_joc:auto_generated|result_node[0]       ; |Q|seg7:inst7|lpm_mux:Mux6|mux_joc:auto_generated|result_node[0]       ; out0             ;
; |Q|seg7:inst7|lpm_mux:Mux5|mux_joc:auto_generated|_~1                  ; |Q|seg7:inst7|lpm_mux:Mux5|mux_joc:auto_generated|_~1                  ; out0             ;
; |Q|seg7:inst7|lpm_mux:Mux5|mux_joc:auto_generated|_~3                  ; |Q|seg7:inst7|lpm_mux:Mux5|mux_joc:auto_generated|_~3                  ; out0             ;
; |Q|seg7:inst7|lpm_mux:Mux5|mux_joc:auto_generated|_~5                  ; |Q|seg7:inst7|lpm_mux:Mux5|mux_joc:auto_generated|_~5                  ; out0             ;
; |Q|seg7:inst7|lpm_mux:Mux5|mux_joc:auto_generated|_~6                  ; |Q|seg7:inst7|lpm_mux:Mux5|mux_joc:auto_generated|_~6                  ; out0             ;
; |Q|seg7:inst7|lpm_mux:Mux5|mux_joc:auto_generated|_~7                  ; |Q|seg7:inst7|lpm_mux:Mux5|mux_joc:auto_generated|_~7                  ; out0             ;
; |Q|seg7:inst7|lpm_mux:Mux5|mux_joc:auto_generated|_~8                  ; |Q|seg7:inst7|lpm_mux:Mux5|mux_joc:auto_generated|_~8                  ; out0             ;
; |Q|seg7:inst7|lpm_mux:Mux5|mux_joc:auto_generated|_~10                 ; |Q|seg7:inst7|lpm_mux:Mux5|mux_joc:auto_generated|_~10                 ; out0             ;
; |Q|seg7:inst7|lpm_mux:Mux5|mux_joc:auto_generated|_~12                 ; |Q|seg7:inst7|lpm_mux:Mux5|mux_joc:auto_generated|_~12                 ; out0             ;
; |Q|seg7:inst7|lpm_mux:Mux5|mux_joc:auto_generated|_~14                 ; |Q|seg7:inst7|lpm_mux:Mux5|mux_joc:auto_generated|_~14                 ; out0             ;
; |Q|seg7:inst7|lpm_mux:Mux5|mux_joc:auto_generated|_~15                 ; |Q|seg7:inst7|lpm_mux:Mux5|mux_joc:auto_generated|_~15                 ; out0             ;
; |Q|seg7:inst7|lpm_mux:Mux5|mux_joc:auto_generated|_~16                 ; |Q|seg7:inst7|lpm_mux:Mux5|mux_joc:auto_generated|_~16                 ; out0             ;
; |Q|seg7:inst7|lpm_mux:Mux5|mux_joc:auto_generated|_~17                 ; |Q|seg7:inst7|lpm_mux:Mux5|mux_joc:auto_generated|_~17                 ; out0             ;
; |Q|seg7:inst7|lpm_mux:Mux5|mux_joc:auto_generated|_~19                 ; |Q|seg7:inst7|lpm_mux:Mux5|mux_joc:auto_generated|_~19                 ; out0             ;
; |Q|seg7:inst7|lpm_mux:Mux5|mux_joc:auto_generated|_~20                 ; |Q|seg7:inst7|lpm_mux:Mux5|mux_joc:auto_generated|_~20                 ; out0             ;
; |Q|seg7:inst7|lpm_mux:Mux5|mux_joc:auto_generated|_~22                 ; |Q|seg7:inst7|lpm_mux:Mux5|mux_joc:auto_generated|_~22                 ; out0             ;
; |Q|seg7:inst7|lpm_mux:Mux5|mux_joc:auto_generated|_~23                 ; |Q|seg7:inst7|lpm_mux:Mux5|mux_joc:auto_generated|_~23                 ; out0             ;
; |Q|seg7:inst7|lpm_mux:Mux5|mux_joc:auto_generated|_~25                 ; |Q|seg7:inst7|lpm_mux:Mux5|mux_joc:auto_generated|_~25                 ; out0             ;
; |Q|seg7:inst7|lpm_mux:Mux5|mux_joc:auto_generated|_~28                 ; |Q|seg7:inst7|lpm_mux:Mux5|mux_joc:auto_generated|_~28                 ; out0             ;
; |Q|seg7:inst7|lpm_mux:Mux5|mux_joc:auto_generated|_~29                 ; |Q|seg7:inst7|lpm_mux:Mux5|mux_joc:auto_generated|_~29                 ; out0             ;
; |Q|seg7:inst7|lpm_mux:Mux5|mux_joc:auto_generated|_~30                 ; |Q|seg7:inst7|lpm_mux:Mux5|mux_joc:auto_generated|_~30                 ; out0             ;
; |Q|seg7:inst7|lpm_mux:Mux5|mux_joc:auto_generated|_~31                 ; |Q|seg7:inst7|lpm_mux:Mux5|mux_joc:auto_generated|_~31                 ; out0             ;
; |Q|seg7:inst7|lpm_mux:Mux5|mux_joc:auto_generated|_~32                 ; |Q|seg7:inst7|lpm_mux:Mux5|mux_joc:auto_generated|_~32                 ; out0             ;
; |Q|seg7:inst7|lpm_mux:Mux5|mux_joc:auto_generated|_~34                 ; |Q|seg7:inst7|lpm_mux:Mux5|mux_joc:auto_generated|_~34                 ; out0             ;
; |Q|seg7:inst7|lpm_mux:Mux5|mux_joc:auto_generated|_~37                 ; |Q|seg7:inst7|lpm_mux:Mux5|mux_joc:auto_generated|_~37                 ; out0             ;
; |Q|seg7:inst7|lpm_mux:Mux5|mux_joc:auto_generated|_~38                 ; |Q|seg7:inst7|lpm_mux:Mux5|mux_joc:auto_generated|_~38                 ; out0             ;
; |Q|seg7:inst7|lpm_mux:Mux5|mux_joc:auto_generated|_~39                 ; |Q|seg7:inst7|lpm_mux:Mux5|mux_joc:auto_generated|_~39                 ; out0             ;
; |Q|seg7:inst7|lpm_mux:Mux5|mux_joc:auto_generated|_~41                 ; |Q|seg7:inst7|lpm_mux:Mux5|mux_joc:auto_generated|_~41                 ; out0             ;
; |Q|seg7:inst7|lpm_mux:Mux5|mux_joc:auto_generated|_~42                 ; |Q|seg7:inst7|lpm_mux:Mux5|mux_joc:auto_generated|_~42                 ; out0             ;
; |Q|seg7:inst7|lpm_mux:Mux5|mux_joc:auto_generated|_~43                 ; |Q|seg7:inst7|lpm_mux:Mux5|mux_joc:auto_generated|_~43                 ; out0             ;
; |Q|seg7:inst7|lpm_mux:Mux5|mux_joc:auto_generated|_~44                 ; |Q|seg7:inst7|lpm_mux:Mux5|mux_joc:auto_generated|_~44                 ; out0             ;
; |Q|seg7:inst7|lpm_mux:Mux5|mux_joc:auto_generated|_~45                 ; |Q|seg7:inst7|lpm_mux:Mux5|mux_joc:auto_generated|_~45                 ; out0             ;
; |Q|seg7:inst7|lpm_mux:Mux5|mux_joc:auto_generated|_~46                 ; |Q|seg7:inst7|lpm_mux:Mux5|mux_joc:auto_generated|_~46                 ; out0             ;
; |Q|seg7:inst7|lpm_mux:Mux5|mux_joc:auto_generated|_~48                 ; |Q|seg7:inst7|lpm_mux:Mux5|mux_joc:auto_generated|_~48                 ; out0             ;
; |Q|seg7:inst7|lpm_mux:Mux5|mux_joc:auto_generated|_~50                 ; |Q|seg7:inst7|lpm_mux:Mux5|mux_joc:auto_generated|_~50                 ; out0             ;
; |Q|seg7:inst7|lpm_mux:Mux5|mux_joc:auto_generated|_~52                 ; |Q|seg7:inst7|lpm_mux:Mux5|mux_joc:auto_generated|_~52                 ; out0             ;
; |Q|seg7:inst7|lpm_mux:Mux5|mux_joc:auto_generated|_~53                 ; |Q|seg7:inst7|lpm_mux:Mux5|mux_joc:auto_generated|_~53                 ; out0             ;
; |Q|seg7:inst7|lpm_mux:Mux5|mux_joc:auto_generated|_~54                 ; |Q|seg7:inst7|lpm_mux:Mux5|mux_joc:auto_generated|_~54                 ; out0             ;
; |Q|seg7:inst7|lpm_mux:Mux5|mux_joc:auto_generated|_~55                 ; |Q|seg7:inst7|lpm_mux:Mux5|mux_joc:auto_generated|_~55                 ; out0             ;
; |Q|seg7:inst7|lpm_mux:Mux5|mux_joc:auto_generated|_~57                 ; |Q|seg7:inst7|lpm_mux:Mux5|mux_joc:auto_generated|_~57                 ; out0             ;
; |Q|seg7:inst7|lpm_mux:Mux5|mux_joc:auto_generated|_~59                 ; |Q|seg7:inst7|lpm_mux:Mux5|mux_joc:auto_generated|_~59                 ; out0             ;
; |Q|seg7:inst7|lpm_mux:Mux5|mux_joc:auto_generated|_~61                 ; |Q|seg7:inst7|lpm_mux:Mux5|mux_joc:auto_generated|_~61                 ; out0             ;
; |Q|seg7:inst7|lpm_mux:Mux5|mux_joc:auto_generated|_~62                 ; |Q|seg7:inst7|lpm_mux:Mux5|mux_joc:auto_generated|_~62                 ; out0             ;
; |Q|seg7:inst7|lpm_mux:Mux5|mux_joc:auto_generated|_~63                 ; |Q|seg7:inst7|lpm_mux:Mux5|mux_joc:auto_generated|_~63                 ; out0             ;
; |Q|seg7:inst7|lpm_mux:Mux5|mux_joc:auto_generated|_~64                 ; |Q|seg7:inst7|lpm_mux:Mux5|mux_joc:auto_generated|_~64                 ; out0             ;
; |Q|seg7:inst7|lpm_mux:Mux5|mux_joc:auto_generated|_~65                 ; |Q|seg7:inst7|lpm_mux:Mux5|mux_joc:auto_generated|_~65                 ; out0             ;
; |Q|seg7:inst7|lpm_mux:Mux5|mux_joc:auto_generated|_~68                 ; |Q|seg7:inst7|lpm_mux:Mux5|mux_joc:auto_generated|_~68                 ; out0             ;
; |Q|seg7:inst7|lpm_mux:Mux5|mux_joc:auto_generated|_~70                 ; |Q|seg7:inst7|lpm_mux:Mux5|mux_joc:auto_generated|_~70                 ; out0             ;
; |Q|seg7:inst7|lpm_mux:Mux5|mux_joc:auto_generated|_~71                 ; |Q|seg7:inst7|lpm_mux:Mux5|mux_joc:auto_generated|_~71                 ; out0             ;
; |Q|seg7:inst7|lpm_mux:Mux5|mux_joc:auto_generated|_~72                 ; |Q|seg7:inst7|lpm_mux:Mux5|mux_joc:auto_generated|_~72                 ; out0             ;
; |Q|seg7:inst7|lpm_mux:Mux5|mux_joc:auto_generated|_~73                 ; |Q|seg7:inst7|lpm_mux:Mux5|mux_joc:auto_generated|_~73                 ; out0             ;
; |Q|seg7:inst7|lpm_mux:Mux5|mux_joc:auto_generated|_~75                 ; |Q|seg7:inst7|lpm_mux:Mux5|mux_joc:auto_generated|_~75                 ; out0             ;
; |Q|seg7:inst7|lpm_mux:Mux5|mux_joc:auto_generated|_~78                 ; |Q|seg7:inst7|lpm_mux:Mux5|mux_joc:auto_generated|_~78                 ; out0             ;
; |Q|seg7:inst7|lpm_mux:Mux5|mux_joc:auto_generated|_~79                 ; |Q|seg7:inst7|lpm_mux:Mux5|mux_joc:auto_generated|_~79                 ; out0             ;
; |Q|seg7:inst7|lpm_mux:Mux5|mux_joc:auto_generated|_~80                 ; |Q|seg7:inst7|lpm_mux:Mux5|mux_joc:auto_generated|_~80                 ; out0             ;
; |Q|seg7:inst7|lpm_mux:Mux5|mux_joc:auto_generated|_~81                 ; |Q|seg7:inst7|lpm_mux:Mux5|mux_joc:auto_generated|_~81                 ; out0             ;
; |Q|seg7:inst7|lpm_mux:Mux5|mux_joc:auto_generated|_~82                 ; |Q|seg7:inst7|lpm_mux:Mux5|mux_joc:auto_generated|_~82                 ; out0             ;
; |Q|seg7:inst7|lpm_mux:Mux5|mux_joc:auto_generated|_~84                 ; |Q|seg7:inst7|lpm_mux:Mux5|mux_joc:auto_generated|_~84                 ; out0             ;
; |Q|seg7:inst7|lpm_mux:Mux5|mux_joc:auto_generated|_~87                 ; |Q|seg7:inst7|lpm_mux:Mux5|mux_joc:auto_generated|_~87                 ; out0             ;
; |Q|seg7:inst7|lpm_mux:Mux5|mux_joc:auto_generated|_~88                 ; |Q|seg7:inst7|lpm_mux:Mux5|mux_joc:auto_generated|_~88                 ; out0             ;
; |Q|seg7:inst7|lpm_mux:Mux5|mux_joc:auto_generated|_~89                 ; |Q|seg7:inst7|lpm_mux:Mux5|mux_joc:auto_generated|_~89                 ; out0             ;
; |Q|seg7:inst7|lpm_mux:Mux5|mux_joc:auto_generated|_~91                 ; |Q|seg7:inst7|lpm_mux:Mux5|mux_joc:auto_generated|_~91                 ; out0             ;
; |Q|seg7:inst7|lpm_mux:Mux5|mux_joc:auto_generated|_~92                 ; |Q|seg7:inst7|lpm_mux:Mux5|mux_joc:auto_generated|_~92                 ; out0             ;
; |Q|seg7:inst7|lpm_mux:Mux5|mux_joc:auto_generated|_~93                 ; |Q|seg7:inst7|lpm_mux:Mux5|mux_joc:auto_generated|_~93                 ; out0             ;
; |Q|seg7:inst7|lpm_mux:Mux5|mux_joc:auto_generated|_~94                 ; |Q|seg7:inst7|lpm_mux:Mux5|mux_joc:auto_generated|_~94                 ; out0             ;
; |Q|seg7:inst7|lpm_mux:Mux5|mux_joc:auto_generated|_~95                 ; |Q|seg7:inst7|lpm_mux:Mux5|mux_joc:auto_generated|_~95                 ; out0             ;
; |Q|seg7:inst7|lpm_mux:Mux5|mux_joc:auto_generated|_~96                 ; |Q|seg7:inst7|lpm_mux:Mux5|mux_joc:auto_generated|_~96                 ; out0             ;
; |Q|seg7:inst7|lpm_mux:Mux5|mux_joc:auto_generated|_~98                 ; |Q|seg7:inst7|lpm_mux:Mux5|mux_joc:auto_generated|_~98                 ; out0             ;
; |Q|seg7:inst7|lpm_mux:Mux5|mux_joc:auto_generated|_~100                ; |Q|seg7:inst7|lpm_mux:Mux5|mux_joc:auto_generated|_~100                ; out0             ;
; |Q|seg7:inst7|lpm_mux:Mux5|mux_joc:auto_generated|_~102                ; |Q|seg7:inst7|lpm_mux:Mux5|mux_joc:auto_generated|_~102                ; out0             ;
; |Q|seg7:inst7|lpm_mux:Mux5|mux_joc:auto_generated|_~103                ; |Q|seg7:inst7|lpm_mux:Mux5|mux_joc:auto_generated|_~103                ; out0             ;
; |Q|seg7:inst7|lpm_mux:Mux5|mux_joc:auto_generated|_~104                ; |Q|seg7:inst7|lpm_mux:Mux5|mux_joc:auto_generated|_~104                ; out0             ;
; |Q|seg7:inst7|lpm_mux:Mux5|mux_joc:auto_generated|_~105                ; |Q|seg7:inst7|lpm_mux:Mux5|mux_joc:auto_generated|_~105                ; out0             ;
; |Q|seg7:inst7|lpm_mux:Mux5|mux_joc:auto_generated|_~107                ; |Q|seg7:inst7|lpm_mux:Mux5|mux_joc:auto_generated|_~107                ; out0             ;
; |Q|seg7:inst7|lpm_mux:Mux5|mux_joc:auto_generated|_~109                ; |Q|seg7:inst7|lpm_mux:Mux5|mux_joc:auto_generated|_~109                ; out0             ;
; |Q|seg7:inst7|lpm_mux:Mux5|mux_joc:auto_generated|_~111                ; |Q|seg7:inst7|lpm_mux:Mux5|mux_joc:auto_generated|_~111                ; out0             ;
; |Q|seg7:inst7|lpm_mux:Mux5|mux_joc:auto_generated|_~112                ; |Q|seg7:inst7|lpm_mux:Mux5|mux_joc:auto_generated|_~112                ; out0             ;
; |Q|seg7:inst7|lpm_mux:Mux5|mux_joc:auto_generated|_~113                ; |Q|seg7:inst7|lpm_mux:Mux5|mux_joc:auto_generated|_~113                ; out0             ;
; |Q|seg7:inst7|lpm_mux:Mux5|mux_joc:auto_generated|_~114                ; |Q|seg7:inst7|lpm_mux:Mux5|mux_joc:auto_generated|_~114                ; out0             ;
; |Q|seg7:inst7|lpm_mux:Mux5|mux_joc:auto_generated|_~115                ; |Q|seg7:inst7|lpm_mux:Mux5|mux_joc:auto_generated|_~115                ; out0             ;
; |Q|seg7:inst7|lpm_mux:Mux5|mux_joc:auto_generated|_~118                ; |Q|seg7:inst7|lpm_mux:Mux5|mux_joc:auto_generated|_~118                ; out0             ;
; |Q|seg7:inst7|lpm_mux:Mux5|mux_joc:auto_generated|_~120                ; |Q|seg7:inst7|lpm_mux:Mux5|mux_joc:auto_generated|_~120                ; out0             ;
; |Q|seg7:inst7|lpm_mux:Mux5|mux_joc:auto_generated|_~121                ; |Q|seg7:inst7|lpm_mux:Mux5|mux_joc:auto_generated|_~121                ; out0             ;
; |Q|seg7:inst7|lpm_mux:Mux5|mux_joc:auto_generated|_~122                ; |Q|seg7:inst7|lpm_mux:Mux5|mux_joc:auto_generated|_~122                ; out0             ;
; |Q|seg7:inst7|lpm_mux:Mux5|mux_joc:auto_generated|_~124                ; |Q|seg7:inst7|lpm_mux:Mux5|mux_joc:auto_generated|_~124                ; out0             ;
; |Q|seg7:inst7|lpm_mux:Mux5|mux_joc:auto_generated|_~126                ; |Q|seg7:inst7|lpm_mux:Mux5|mux_joc:auto_generated|_~126                ; out0             ;
; |Q|seg7:inst7|lpm_mux:Mux5|mux_joc:auto_generated|_~127                ; |Q|seg7:inst7|lpm_mux:Mux5|mux_joc:auto_generated|_~127                ; out0             ;
; |Q|seg7:inst7|lpm_mux:Mux5|mux_joc:auto_generated|_~128                ; |Q|seg7:inst7|lpm_mux:Mux5|mux_joc:auto_generated|_~128                ; out0             ;
; |Q|seg7:inst7|lpm_mux:Mux5|mux_joc:auto_generated|_~129                ; |Q|seg7:inst7|lpm_mux:Mux5|mux_joc:auto_generated|_~129                ; out0             ;
; |Q|seg7:inst7|lpm_mux:Mux5|mux_joc:auto_generated|_~130                ; |Q|seg7:inst7|lpm_mux:Mux5|mux_joc:auto_generated|_~130                ; out0             ;
; |Q|seg7:inst7|lpm_mux:Mux5|mux_joc:auto_generated|_~131                ; |Q|seg7:inst7|lpm_mux:Mux5|mux_joc:auto_generated|_~131                ; out0             ;
; |Q|seg7:inst7|lpm_mux:Mux5|mux_joc:auto_generated|_~133                ; |Q|seg7:inst7|lpm_mux:Mux5|mux_joc:auto_generated|_~133                ; out0             ;
; |Q|seg7:inst7|lpm_mux:Mux5|mux_joc:auto_generated|_~135                ; |Q|seg7:inst7|lpm_mux:Mux5|mux_joc:auto_generated|_~135                ; out0             ;
; |Q|seg7:inst7|lpm_mux:Mux5|mux_joc:auto_generated|_~136                ; |Q|seg7:inst7|lpm_mux:Mux5|mux_joc:auto_generated|_~136                ; out0             ;
; |Q|seg7:inst7|lpm_mux:Mux5|mux_joc:auto_generated|_~137                ; |Q|seg7:inst7|lpm_mux:Mux5|mux_joc:auto_generated|_~137                ; out0             ;
; |Q|seg7:inst7|lpm_mux:Mux5|mux_joc:auto_generated|_~138                ; |Q|seg7:inst7|lpm_mux:Mux5|mux_joc:auto_generated|_~138                ; out0             ;
; |Q|seg7:inst7|lpm_mux:Mux5|mux_joc:auto_generated|_~139                ; |Q|seg7:inst7|lpm_mux:Mux5|mux_joc:auto_generated|_~139                ; out0             ;
; |Q|seg7:inst7|lpm_mux:Mux5|mux_joc:auto_generated|_~141                ; |Q|seg7:inst7|lpm_mux:Mux5|mux_joc:auto_generated|_~141                ; out0             ;
; |Q|seg7:inst7|lpm_mux:Mux5|mux_joc:auto_generated|_~142                ; |Q|seg7:inst7|lpm_mux:Mux5|mux_joc:auto_generated|_~142                ; out0             ;
; |Q|seg7:inst7|lpm_mux:Mux5|mux_joc:auto_generated|_~143                ; |Q|seg7:inst7|lpm_mux:Mux5|mux_joc:auto_generated|_~143                ; out0             ;
; |Q|seg7:inst7|lpm_mux:Mux5|mux_joc:auto_generated|result_node[0]~1     ; |Q|seg7:inst7|lpm_mux:Mux5|mux_joc:auto_generated|result_node[0]~1     ; out0             ;
; |Q|seg7:inst7|lpm_mux:Mux5|mux_joc:auto_generated|result_node[0]       ; |Q|seg7:inst7|lpm_mux:Mux5|mux_joc:auto_generated|result_node[0]       ; out0             ;
; |Q|seg7:inst7|lpm_mux:Mux4|mux_joc:auto_generated|_~0                  ; |Q|seg7:inst7|lpm_mux:Mux4|mux_joc:auto_generated|_~0                  ; out0             ;
; |Q|seg7:inst7|lpm_mux:Mux4|mux_joc:auto_generated|_~1                  ; |Q|seg7:inst7|lpm_mux:Mux4|mux_joc:auto_generated|_~1                  ; out0             ;
; |Q|seg7:inst7|lpm_mux:Mux4|mux_joc:auto_generated|_~2                  ; |Q|seg7:inst7|lpm_mux:Mux4|mux_joc:auto_generated|_~2                  ; out0             ;
; |Q|seg7:inst7|lpm_mux:Mux4|mux_joc:auto_generated|_~3                  ; |Q|seg7:inst7|lpm_mux:Mux4|mux_joc:auto_generated|_~3                  ; out0             ;
; |Q|seg7:inst7|lpm_mux:Mux4|mux_joc:auto_generated|_~4                  ; |Q|seg7:inst7|lpm_mux:Mux4|mux_joc:auto_generated|_~4                  ; out0             ;
; |Q|seg7:inst7|lpm_mux:Mux4|mux_joc:auto_generated|_~5                  ; |Q|seg7:inst7|lpm_mux:Mux4|mux_joc:auto_generated|_~5                  ; out0             ;
; |Q|seg7:inst7|lpm_mux:Mux4|mux_joc:auto_generated|_~6                  ; |Q|seg7:inst7|lpm_mux:Mux4|mux_joc:auto_generated|_~6                  ; out0             ;
; |Q|seg7:inst7|lpm_mux:Mux4|mux_joc:auto_generated|_~7                  ; |Q|seg7:inst7|lpm_mux:Mux4|mux_joc:auto_generated|_~7                  ; out0             ;
; |Q|seg7:inst7|lpm_mux:Mux4|mux_joc:auto_generated|_~8                  ; |Q|seg7:inst7|lpm_mux:Mux4|mux_joc:auto_generated|_~8                  ; out0             ;
; |Q|seg7:inst7|lpm_mux:Mux4|mux_joc:auto_generated|_~9                  ; |Q|seg7:inst7|lpm_mux:Mux4|mux_joc:auto_generated|_~9                  ; out0             ;
; |Q|seg7:inst7|lpm_mux:Mux4|mux_joc:auto_generated|_~10                 ; |Q|seg7:inst7|lpm_mux:Mux4|mux_joc:auto_generated|_~10                 ; out0             ;
; |Q|seg7:inst7|lpm_mux:Mux4|mux_joc:auto_generated|_~11                 ; |Q|seg7:inst7|lpm_mux:Mux4|mux_joc:auto_generated|_~11                 ; out0             ;
; |Q|seg7:inst7|lpm_mux:Mux4|mux_joc:auto_generated|_~12                 ; |Q|seg7:inst7|lpm_mux:Mux4|mux_joc:auto_generated|_~12                 ; out0             ;
; |Q|seg7:inst7|lpm_mux:Mux4|mux_joc:auto_generated|_~13                 ; |Q|seg7:inst7|lpm_mux:Mux4|mux_joc:auto_generated|_~13                 ; out0             ;
; |Q|seg7:inst7|lpm_mux:Mux4|mux_joc:auto_generated|_~14                 ; |Q|seg7:inst7|lpm_mux:Mux4|mux_joc:auto_generated|_~14                 ; out0             ;
; |Q|seg7:inst7|lpm_mux:Mux4|mux_joc:auto_generated|_~15                 ; |Q|seg7:inst7|lpm_mux:Mux4|mux_joc:auto_generated|_~15                 ; out0             ;
; |Q|seg7:inst7|lpm_mux:Mux4|mux_joc:auto_generated|_~16                 ; |Q|seg7:inst7|lpm_mux:Mux4|mux_joc:auto_generated|_~16                 ; out0             ;
; |Q|seg7:inst7|lpm_mux:Mux4|mux_joc:auto_generated|_~17                 ; |Q|seg7:inst7|lpm_mux:Mux4|mux_joc:auto_generated|_~17                 ; out0             ;
; |Q|seg7:inst7|lpm_mux:Mux4|mux_joc:auto_generated|_~19                 ; |Q|seg7:inst7|lpm_mux:Mux4|mux_joc:auto_generated|_~19                 ; out0             ;
; |Q|seg7:inst7|lpm_mux:Mux4|mux_joc:auto_generated|_~20                 ; |Q|seg7:inst7|lpm_mux:Mux4|mux_joc:auto_generated|_~20                 ; out0             ;
; |Q|seg7:inst7|lpm_mux:Mux4|mux_joc:auto_generated|_~21                 ; |Q|seg7:inst7|lpm_mux:Mux4|mux_joc:auto_generated|_~21                 ; out0             ;
; |Q|seg7:inst7|lpm_mux:Mux4|mux_joc:auto_generated|_~22                 ; |Q|seg7:inst7|lpm_mux:Mux4|mux_joc:auto_generated|_~22                 ; out0             ;
; |Q|seg7:inst7|lpm_mux:Mux4|mux_joc:auto_generated|_~23                 ; |Q|seg7:inst7|lpm_mux:Mux4|mux_joc:auto_generated|_~23                 ; out0             ;
; |Q|seg7:inst7|lpm_mux:Mux4|mux_joc:auto_generated|_~25                 ; |Q|seg7:inst7|lpm_mux:Mux4|mux_joc:auto_generated|_~25                 ; out0             ;
; |Q|seg7:inst7|lpm_mux:Mux4|mux_joc:auto_generated|_~27                 ; |Q|seg7:inst7|lpm_mux:Mux4|mux_joc:auto_generated|_~27                 ; out0             ;
; |Q|seg7:inst7|lpm_mux:Mux4|mux_joc:auto_generated|_~28                 ; |Q|seg7:inst7|lpm_mux:Mux4|mux_joc:auto_generated|_~28                 ; out0             ;
; |Q|seg7:inst7|lpm_mux:Mux4|mux_joc:auto_generated|_~29                 ; |Q|seg7:inst7|lpm_mux:Mux4|mux_joc:auto_generated|_~29                 ; out0             ;
; |Q|seg7:inst7|lpm_mux:Mux4|mux_joc:auto_generated|_~30                 ; |Q|seg7:inst7|lpm_mux:Mux4|mux_joc:auto_generated|_~30                 ; out0             ;
; |Q|seg7:inst7|lpm_mux:Mux4|mux_joc:auto_generated|_~31                 ; |Q|seg7:inst7|lpm_mux:Mux4|mux_joc:auto_generated|_~31                 ; out0             ;
; |Q|seg7:inst7|lpm_mux:Mux4|mux_joc:auto_generated|_~32                 ; |Q|seg7:inst7|lpm_mux:Mux4|mux_joc:auto_generated|_~32                 ; out0             ;
; |Q|seg7:inst7|lpm_mux:Mux4|mux_joc:auto_generated|_~34                 ; |Q|seg7:inst7|lpm_mux:Mux4|mux_joc:auto_generated|_~34                 ; out0             ;
; |Q|seg7:inst7|lpm_mux:Mux4|mux_joc:auto_generated|_~36                 ; |Q|seg7:inst7|lpm_mux:Mux4|mux_joc:auto_generated|_~36                 ; out0             ;
; |Q|seg7:inst7|lpm_mux:Mux4|mux_joc:auto_generated|_~37                 ; |Q|seg7:inst7|lpm_mux:Mux4|mux_joc:auto_generated|_~37                 ; out0             ;
; |Q|seg7:inst7|lpm_mux:Mux4|mux_joc:auto_generated|_~38                 ; |Q|seg7:inst7|lpm_mux:Mux4|mux_joc:auto_generated|_~38                 ; out0             ;
; |Q|seg7:inst7|lpm_mux:Mux4|mux_joc:auto_generated|_~39                 ; |Q|seg7:inst7|lpm_mux:Mux4|mux_joc:auto_generated|_~39                 ; out0             ;
; |Q|seg7:inst7|lpm_mux:Mux4|mux_joc:auto_generated|_~41                 ; |Q|seg7:inst7|lpm_mux:Mux4|mux_joc:auto_generated|_~41                 ; out0             ;
; |Q|seg7:inst7|lpm_mux:Mux4|mux_joc:auto_generated|_~42                 ; |Q|seg7:inst7|lpm_mux:Mux4|mux_joc:auto_generated|_~42                 ; out0             ;
; |Q|seg7:inst7|lpm_mux:Mux4|mux_joc:auto_generated|_~43                 ; |Q|seg7:inst7|lpm_mux:Mux4|mux_joc:auto_generated|_~43                 ; out0             ;
; |Q|seg7:inst7|lpm_mux:Mux4|mux_joc:auto_generated|_~44                 ; |Q|seg7:inst7|lpm_mux:Mux4|mux_joc:auto_generated|_~44                 ; out0             ;
; |Q|seg7:inst7|lpm_mux:Mux4|mux_joc:auto_generated|_~45                 ; |Q|seg7:inst7|lpm_mux:Mux4|mux_joc:auto_generated|_~45                 ; out0             ;
; |Q|seg7:inst7|lpm_mux:Mux4|mux_joc:auto_generated|_~46                 ; |Q|seg7:inst7|lpm_mux:Mux4|mux_joc:auto_generated|_~46                 ; out0             ;
; |Q|seg7:inst7|lpm_mux:Mux4|mux_joc:auto_generated|_~47                 ; |Q|seg7:inst7|lpm_mux:Mux4|mux_joc:auto_generated|_~47                 ; out0             ;
; |Q|seg7:inst7|lpm_mux:Mux4|mux_joc:auto_generated|_~48                 ; |Q|seg7:inst7|lpm_mux:Mux4|mux_joc:auto_generated|_~48                 ; out0             ;
; |Q|seg7:inst7|lpm_mux:Mux4|mux_joc:auto_generated|_~50                 ; |Q|seg7:inst7|lpm_mux:Mux4|mux_joc:auto_generated|_~50                 ; out0             ;
; |Q|seg7:inst7|lpm_mux:Mux4|mux_joc:auto_generated|_~52                 ; |Q|seg7:inst7|lpm_mux:Mux4|mux_joc:auto_generated|_~52                 ; out0             ;
; |Q|seg7:inst7|lpm_mux:Mux4|mux_joc:auto_generated|_~53                 ; |Q|seg7:inst7|lpm_mux:Mux4|mux_joc:auto_generated|_~53                 ; out0             ;
; |Q|seg7:inst7|lpm_mux:Mux4|mux_joc:auto_generated|_~54                 ; |Q|seg7:inst7|lpm_mux:Mux4|mux_joc:auto_generated|_~54                 ; out0             ;
; |Q|seg7:inst7|lpm_mux:Mux4|mux_joc:auto_generated|_~55                 ; |Q|seg7:inst7|lpm_mux:Mux4|mux_joc:auto_generated|_~55                 ; out0             ;
; |Q|seg7:inst7|lpm_mux:Mux4|mux_joc:auto_generated|_~56                 ; |Q|seg7:inst7|lpm_mux:Mux4|mux_joc:auto_generated|_~56                 ; out0             ;
; |Q|seg7:inst7|lpm_mux:Mux4|mux_joc:auto_generated|_~57                 ; |Q|seg7:inst7|lpm_mux:Mux4|mux_joc:auto_generated|_~57                 ; out0             ;
; |Q|seg7:inst7|lpm_mux:Mux4|mux_joc:auto_generated|_~59                 ; |Q|seg7:inst7|lpm_mux:Mux4|mux_joc:auto_generated|_~59                 ; out0             ;
; |Q|seg7:inst7|lpm_mux:Mux4|mux_joc:auto_generated|_~61                 ; |Q|seg7:inst7|lpm_mux:Mux4|mux_joc:auto_generated|_~61                 ; out0             ;
; |Q|seg7:inst7|lpm_mux:Mux4|mux_joc:auto_generated|_~62                 ; |Q|seg7:inst7|lpm_mux:Mux4|mux_joc:auto_generated|_~62                 ; out0             ;
; |Q|seg7:inst7|lpm_mux:Mux4|mux_joc:auto_generated|_~63                 ; |Q|seg7:inst7|lpm_mux:Mux4|mux_joc:auto_generated|_~63                 ; out0             ;
; |Q|seg7:inst7|lpm_mux:Mux4|mux_joc:auto_generated|_~64                 ; |Q|seg7:inst7|lpm_mux:Mux4|mux_joc:auto_generated|_~64                 ; out0             ;
; |Q|seg7:inst7|lpm_mux:Mux4|mux_joc:auto_generated|_~65                 ; |Q|seg7:inst7|lpm_mux:Mux4|mux_joc:auto_generated|_~65                 ; out0             ;
; |Q|seg7:inst7|lpm_mux:Mux4|mux_joc:auto_generated|_~67                 ; |Q|seg7:inst7|lpm_mux:Mux4|mux_joc:auto_generated|_~67                 ; out0             ;
; |Q|seg7:inst7|lpm_mux:Mux4|mux_joc:auto_generated|_~68                 ; |Q|seg7:inst7|lpm_mux:Mux4|mux_joc:auto_generated|_~68                 ; out0             ;
; |Q|seg7:inst7|lpm_mux:Mux4|mux_joc:auto_generated|_~69                 ; |Q|seg7:inst7|lpm_mux:Mux4|mux_joc:auto_generated|_~69                 ; out0             ;
; |Q|seg7:inst7|lpm_mux:Mux4|mux_joc:auto_generated|_~70                 ; |Q|seg7:inst7|lpm_mux:Mux4|mux_joc:auto_generated|_~70                 ; out0             ;
; |Q|seg7:inst7|lpm_mux:Mux4|mux_joc:auto_generated|_~71                 ; |Q|seg7:inst7|lpm_mux:Mux4|mux_joc:auto_generated|_~71                 ; out0             ;
; |Q|seg7:inst7|lpm_mux:Mux4|mux_joc:auto_generated|result_node[0]~0     ; |Q|seg7:inst7|lpm_mux:Mux4|mux_joc:auto_generated|result_node[0]~0     ; out0             ;
; |Q|seg7:inst7|lpm_mux:Mux4|mux_joc:auto_generated|_~72                 ; |Q|seg7:inst7|lpm_mux:Mux4|mux_joc:auto_generated|_~72                 ; out0             ;
; |Q|seg7:inst7|lpm_mux:Mux4|mux_joc:auto_generated|_~73                 ; |Q|seg7:inst7|lpm_mux:Mux4|mux_joc:auto_generated|_~73                 ; out0             ;
; |Q|seg7:inst7|lpm_mux:Mux4|mux_joc:auto_generated|_~75                 ; |Q|seg7:inst7|lpm_mux:Mux4|mux_joc:auto_generated|_~75                 ; out0             ;
; |Q|seg7:inst7|lpm_mux:Mux4|mux_joc:auto_generated|_~77                 ; |Q|seg7:inst7|lpm_mux:Mux4|mux_joc:auto_generated|_~77                 ; out0             ;
; |Q|seg7:inst7|lpm_mux:Mux4|mux_joc:auto_generated|_~78                 ; |Q|seg7:inst7|lpm_mux:Mux4|mux_joc:auto_generated|_~78                 ; out0             ;
; |Q|seg7:inst7|lpm_mux:Mux4|mux_joc:auto_generated|_~79                 ; |Q|seg7:inst7|lpm_mux:Mux4|mux_joc:auto_generated|_~79                 ; out0             ;
; |Q|seg7:inst7|lpm_mux:Mux4|mux_joc:auto_generated|_~80                 ; |Q|seg7:inst7|lpm_mux:Mux4|mux_joc:auto_generated|_~80                 ; out0             ;
; |Q|seg7:inst7|lpm_mux:Mux4|mux_joc:auto_generated|_~81                 ; |Q|seg7:inst7|lpm_mux:Mux4|mux_joc:auto_generated|_~81                 ; out0             ;
; |Q|seg7:inst7|lpm_mux:Mux4|mux_joc:auto_generated|_~82                 ; |Q|seg7:inst7|lpm_mux:Mux4|mux_joc:auto_generated|_~82                 ; out0             ;
; |Q|seg7:inst7|lpm_mux:Mux4|mux_joc:auto_generated|_~84                 ; |Q|seg7:inst7|lpm_mux:Mux4|mux_joc:auto_generated|_~84                 ; out0             ;
; |Q|seg7:inst7|lpm_mux:Mux4|mux_joc:auto_generated|_~86                 ; |Q|seg7:inst7|lpm_mux:Mux4|mux_joc:auto_generated|_~86                 ; out0             ;
; |Q|seg7:inst7|lpm_mux:Mux4|mux_joc:auto_generated|_~87                 ; |Q|seg7:inst7|lpm_mux:Mux4|mux_joc:auto_generated|_~87                 ; out0             ;
; |Q|seg7:inst7|lpm_mux:Mux4|mux_joc:auto_generated|_~88                 ; |Q|seg7:inst7|lpm_mux:Mux4|mux_joc:auto_generated|_~88                 ; out0             ;
; |Q|seg7:inst7|lpm_mux:Mux4|mux_joc:auto_generated|_~89                 ; |Q|seg7:inst7|lpm_mux:Mux4|mux_joc:auto_generated|_~89                 ; out0             ;
; |Q|seg7:inst7|lpm_mux:Mux4|mux_joc:auto_generated|_~91                 ; |Q|seg7:inst7|lpm_mux:Mux4|mux_joc:auto_generated|_~91                 ; out0             ;
; |Q|seg7:inst7|lpm_mux:Mux4|mux_joc:auto_generated|_~92                 ; |Q|seg7:inst7|lpm_mux:Mux4|mux_joc:auto_generated|_~92                 ; out0             ;
; |Q|seg7:inst7|lpm_mux:Mux4|mux_joc:auto_generated|_~93                 ; |Q|seg7:inst7|lpm_mux:Mux4|mux_joc:auto_generated|_~93                 ; out0             ;
; |Q|seg7:inst7|lpm_mux:Mux4|mux_joc:auto_generated|_~94                 ; |Q|seg7:inst7|lpm_mux:Mux4|mux_joc:auto_generated|_~94                 ; out0             ;
; |Q|seg7:inst7|lpm_mux:Mux4|mux_joc:auto_generated|_~95                 ; |Q|seg7:inst7|lpm_mux:Mux4|mux_joc:auto_generated|_~95                 ; out0             ;
; |Q|seg7:inst7|lpm_mux:Mux4|mux_joc:auto_generated|_~96                 ; |Q|seg7:inst7|lpm_mux:Mux4|mux_joc:auto_generated|_~96                 ; out0             ;
; |Q|seg7:inst7|lpm_mux:Mux4|mux_joc:auto_generated|_~97                 ; |Q|seg7:inst7|lpm_mux:Mux4|mux_joc:auto_generated|_~97                 ; out0             ;
; |Q|seg7:inst7|lpm_mux:Mux4|mux_joc:auto_generated|_~98                 ; |Q|seg7:inst7|lpm_mux:Mux4|mux_joc:auto_generated|_~98                 ; out0             ;
; |Q|seg7:inst7|lpm_mux:Mux4|mux_joc:auto_generated|_~100                ; |Q|seg7:inst7|lpm_mux:Mux4|mux_joc:auto_generated|_~100                ; out0             ;
; |Q|seg7:inst7|lpm_mux:Mux4|mux_joc:auto_generated|_~102                ; |Q|seg7:inst7|lpm_mux:Mux4|mux_joc:auto_generated|_~102                ; out0             ;
; |Q|seg7:inst7|lpm_mux:Mux4|mux_joc:auto_generated|_~103                ; |Q|seg7:inst7|lpm_mux:Mux4|mux_joc:auto_generated|_~103                ; out0             ;
; |Q|seg7:inst7|lpm_mux:Mux4|mux_joc:auto_generated|_~104                ; |Q|seg7:inst7|lpm_mux:Mux4|mux_joc:auto_generated|_~104                ; out0             ;
; |Q|seg7:inst7|lpm_mux:Mux4|mux_joc:auto_generated|_~105                ; |Q|seg7:inst7|lpm_mux:Mux4|mux_joc:auto_generated|_~105                ; out0             ;
; |Q|seg7:inst7|lpm_mux:Mux4|mux_joc:auto_generated|_~106                ; |Q|seg7:inst7|lpm_mux:Mux4|mux_joc:auto_generated|_~106                ; out0             ;
; |Q|seg7:inst7|lpm_mux:Mux4|mux_joc:auto_generated|_~107                ; |Q|seg7:inst7|lpm_mux:Mux4|mux_joc:auto_generated|_~107                ; out0             ;
; |Q|seg7:inst7|lpm_mux:Mux4|mux_joc:auto_generated|_~109                ; |Q|seg7:inst7|lpm_mux:Mux4|mux_joc:auto_generated|_~109                ; out0             ;
; |Q|seg7:inst7|lpm_mux:Mux4|mux_joc:auto_generated|_~111                ; |Q|seg7:inst7|lpm_mux:Mux4|mux_joc:auto_generated|_~111                ; out0             ;
; |Q|seg7:inst7|lpm_mux:Mux4|mux_joc:auto_generated|_~112                ; |Q|seg7:inst7|lpm_mux:Mux4|mux_joc:auto_generated|_~112                ; out0             ;
; |Q|seg7:inst7|lpm_mux:Mux4|mux_joc:auto_generated|_~113                ; |Q|seg7:inst7|lpm_mux:Mux4|mux_joc:auto_generated|_~113                ; out0             ;
; |Q|seg7:inst7|lpm_mux:Mux4|mux_joc:auto_generated|_~114                ; |Q|seg7:inst7|lpm_mux:Mux4|mux_joc:auto_generated|_~114                ; out0             ;
; |Q|seg7:inst7|lpm_mux:Mux4|mux_joc:auto_generated|_~115                ; |Q|seg7:inst7|lpm_mux:Mux4|mux_joc:auto_generated|_~115                ; out0             ;
; |Q|seg7:inst7|lpm_mux:Mux4|mux_joc:auto_generated|_~117                ; |Q|seg7:inst7|lpm_mux:Mux4|mux_joc:auto_generated|_~117                ; out0             ;
; |Q|seg7:inst7|lpm_mux:Mux4|mux_joc:auto_generated|_~118                ; |Q|seg7:inst7|lpm_mux:Mux4|mux_joc:auto_generated|_~118                ; out0             ;
; |Q|seg7:inst7|lpm_mux:Mux4|mux_joc:auto_generated|_~119                ; |Q|seg7:inst7|lpm_mux:Mux4|mux_joc:auto_generated|_~119                ; out0             ;
; |Q|seg7:inst7|lpm_mux:Mux4|mux_joc:auto_generated|_~120                ; |Q|seg7:inst7|lpm_mux:Mux4|mux_joc:auto_generated|_~120                ; out0             ;
; |Q|seg7:inst7|lpm_mux:Mux4|mux_joc:auto_generated|_~122                ; |Q|seg7:inst7|lpm_mux:Mux4|mux_joc:auto_generated|_~122                ; out0             ;
; |Q|seg7:inst7|lpm_mux:Mux4|mux_joc:auto_generated|_~124                ; |Q|seg7:inst7|lpm_mux:Mux4|mux_joc:auto_generated|_~124                ; out0             ;
; |Q|seg7:inst7|lpm_mux:Mux4|mux_joc:auto_generated|_~126                ; |Q|seg7:inst7|lpm_mux:Mux4|mux_joc:auto_generated|_~126                ; out0             ;
; |Q|seg7:inst7|lpm_mux:Mux4|mux_joc:auto_generated|_~127                ; |Q|seg7:inst7|lpm_mux:Mux4|mux_joc:auto_generated|_~127                ; out0             ;
; |Q|seg7:inst7|lpm_mux:Mux4|mux_joc:auto_generated|_~128                ; |Q|seg7:inst7|lpm_mux:Mux4|mux_joc:auto_generated|_~128                ; out0             ;
; |Q|seg7:inst7|lpm_mux:Mux4|mux_joc:auto_generated|_~129                ; |Q|seg7:inst7|lpm_mux:Mux4|mux_joc:auto_generated|_~129                ; out0             ;
; |Q|seg7:inst7|lpm_mux:Mux4|mux_joc:auto_generated|_~131                ; |Q|seg7:inst7|lpm_mux:Mux4|mux_joc:auto_generated|_~131                ; out0             ;
; |Q|seg7:inst7|lpm_mux:Mux4|mux_joc:auto_generated|_~133                ; |Q|seg7:inst7|lpm_mux:Mux4|mux_joc:auto_generated|_~133                ; out0             ;
; |Q|seg7:inst7|lpm_mux:Mux4|mux_joc:auto_generated|_~135                ; |Q|seg7:inst7|lpm_mux:Mux4|mux_joc:auto_generated|_~135                ; out0             ;
; |Q|seg7:inst7|lpm_mux:Mux4|mux_joc:auto_generated|_~136                ; |Q|seg7:inst7|lpm_mux:Mux4|mux_joc:auto_generated|_~136                ; out0             ;
; |Q|seg7:inst7|lpm_mux:Mux4|mux_joc:auto_generated|_~137                ; |Q|seg7:inst7|lpm_mux:Mux4|mux_joc:auto_generated|_~137                ; out0             ;
; |Q|seg7:inst7|lpm_mux:Mux4|mux_joc:auto_generated|_~138                ; |Q|seg7:inst7|lpm_mux:Mux4|mux_joc:auto_generated|_~138                ; out0             ;
; |Q|seg7:inst7|lpm_mux:Mux4|mux_joc:auto_generated|_~139                ; |Q|seg7:inst7|lpm_mux:Mux4|mux_joc:auto_generated|_~139                ; out0             ;
; |Q|seg7:inst7|lpm_mux:Mux4|mux_joc:auto_generated|_~142                ; |Q|seg7:inst7|lpm_mux:Mux4|mux_joc:auto_generated|_~142                ; out0             ;
; |Q|seg7:inst7|lpm_mux:Mux4|mux_joc:auto_generated|_~143                ; |Q|seg7:inst7|lpm_mux:Mux4|mux_joc:auto_generated|_~143                ; out0             ;
; |Q|seg7:inst7|lpm_mux:Mux4|mux_joc:auto_generated|result_node[0]~1     ; |Q|seg7:inst7|lpm_mux:Mux4|mux_joc:auto_generated|result_node[0]~1     ; out0             ;
; |Q|seg7:inst7|lpm_mux:Mux4|mux_joc:auto_generated|result_node[0]       ; |Q|seg7:inst7|lpm_mux:Mux4|mux_joc:auto_generated|result_node[0]       ; out0             ;
; |Q|seg7:inst7|lpm_mux:Mux3|mux_joc:auto_generated|_~1                  ; |Q|seg7:inst7|lpm_mux:Mux3|mux_joc:auto_generated|_~1                  ; out0             ;
; |Q|seg7:inst7|lpm_mux:Mux3|mux_joc:auto_generated|_~2                  ; |Q|seg7:inst7|lpm_mux:Mux3|mux_joc:auto_generated|_~2                  ; out0             ;
; |Q|seg7:inst7|lpm_mux:Mux3|mux_joc:auto_generated|_~3                  ; |Q|seg7:inst7|lpm_mux:Mux3|mux_joc:auto_generated|_~3                  ; out0             ;
; |Q|seg7:inst7|lpm_mux:Mux3|mux_joc:auto_generated|_~4                  ; |Q|seg7:inst7|lpm_mux:Mux3|mux_joc:auto_generated|_~4                  ; out0             ;
; |Q|seg7:inst7|lpm_mux:Mux3|mux_joc:auto_generated|_~5                  ; |Q|seg7:inst7|lpm_mux:Mux3|mux_joc:auto_generated|_~5                  ; out0             ;
; |Q|seg7:inst7|lpm_mux:Mux3|mux_joc:auto_generated|_~6                  ; |Q|seg7:inst7|lpm_mux:Mux3|mux_joc:auto_generated|_~6                  ; out0             ;
; |Q|seg7:inst7|lpm_mux:Mux3|mux_joc:auto_generated|_~7                  ; |Q|seg7:inst7|lpm_mux:Mux3|mux_joc:auto_generated|_~7                  ; out0             ;
; |Q|seg7:inst7|lpm_mux:Mux3|mux_joc:auto_generated|_~8                  ; |Q|seg7:inst7|lpm_mux:Mux3|mux_joc:auto_generated|_~8                  ; out0             ;
; |Q|seg7:inst7|lpm_mux:Mux3|mux_joc:auto_generated|_~10                 ; |Q|seg7:inst7|lpm_mux:Mux3|mux_joc:auto_generated|_~10                 ; out0             ;
; |Q|seg7:inst7|lpm_mux:Mux3|mux_joc:auto_generated|_~11                 ; |Q|seg7:inst7|lpm_mux:Mux3|mux_joc:auto_generated|_~11                 ; out0             ;
; |Q|seg7:inst7|lpm_mux:Mux3|mux_joc:auto_generated|_~12                 ; |Q|seg7:inst7|lpm_mux:Mux3|mux_joc:auto_generated|_~12                 ; out0             ;
; |Q|seg7:inst7|lpm_mux:Mux3|mux_joc:auto_generated|_~13                 ; |Q|seg7:inst7|lpm_mux:Mux3|mux_joc:auto_generated|_~13                 ; out0             ;
; |Q|seg7:inst7|lpm_mux:Mux3|mux_joc:auto_generated|_~14                 ; |Q|seg7:inst7|lpm_mux:Mux3|mux_joc:auto_generated|_~14                 ; out0             ;
; |Q|seg7:inst7|lpm_mux:Mux3|mux_joc:auto_generated|_~15                 ; |Q|seg7:inst7|lpm_mux:Mux3|mux_joc:auto_generated|_~15                 ; out0             ;
; |Q|seg7:inst7|lpm_mux:Mux3|mux_joc:auto_generated|_~16                 ; |Q|seg7:inst7|lpm_mux:Mux3|mux_joc:auto_generated|_~16                 ; out0             ;
; |Q|seg7:inst7|lpm_mux:Mux3|mux_joc:auto_generated|_~17                 ; |Q|seg7:inst7|lpm_mux:Mux3|mux_joc:auto_generated|_~17                 ; out0             ;
; |Q|seg7:inst7|lpm_mux:Mux3|mux_joc:auto_generated|_~19                 ; |Q|seg7:inst7|lpm_mux:Mux3|mux_joc:auto_generated|_~19                 ; out0             ;
; |Q|seg7:inst7|lpm_mux:Mux3|mux_joc:auto_generated|_~20                 ; |Q|seg7:inst7|lpm_mux:Mux3|mux_joc:auto_generated|_~20                 ; out0             ;
; |Q|seg7:inst7|lpm_mux:Mux3|mux_joc:auto_generated|_~21                 ; |Q|seg7:inst7|lpm_mux:Mux3|mux_joc:auto_generated|_~21                 ; out0             ;
; |Q|seg7:inst7|lpm_mux:Mux3|mux_joc:auto_generated|_~22                 ; |Q|seg7:inst7|lpm_mux:Mux3|mux_joc:auto_generated|_~22                 ; out0             ;
; |Q|seg7:inst7|lpm_mux:Mux3|mux_joc:auto_generated|_~23                 ; |Q|seg7:inst7|lpm_mux:Mux3|mux_joc:auto_generated|_~23                 ; out0             ;
; |Q|seg7:inst7|lpm_mux:Mux3|mux_joc:auto_generated|_~25                 ; |Q|seg7:inst7|lpm_mux:Mux3|mux_joc:auto_generated|_~25                 ; out0             ;
; |Q|seg7:inst7|lpm_mux:Mux3|mux_joc:auto_generated|_~27                 ; |Q|seg7:inst7|lpm_mux:Mux3|mux_joc:auto_generated|_~27                 ; out0             ;
; |Q|seg7:inst7|lpm_mux:Mux3|mux_joc:auto_generated|_~28                 ; |Q|seg7:inst7|lpm_mux:Mux3|mux_joc:auto_generated|_~28                 ; out0             ;
; |Q|seg7:inst7|lpm_mux:Mux3|mux_joc:auto_generated|_~29                 ; |Q|seg7:inst7|lpm_mux:Mux3|mux_joc:auto_generated|_~29                 ; out0             ;
; |Q|seg7:inst7|lpm_mux:Mux3|mux_joc:auto_generated|_~30                 ; |Q|seg7:inst7|lpm_mux:Mux3|mux_joc:auto_generated|_~30                 ; out0             ;
; |Q|seg7:inst7|lpm_mux:Mux3|mux_joc:auto_generated|_~31                 ; |Q|seg7:inst7|lpm_mux:Mux3|mux_joc:auto_generated|_~31                 ; out0             ;
; |Q|seg7:inst7|lpm_mux:Mux3|mux_joc:auto_generated|_~32                 ; |Q|seg7:inst7|lpm_mux:Mux3|mux_joc:auto_generated|_~32                 ; out0             ;
; |Q|seg7:inst7|lpm_mux:Mux3|mux_joc:auto_generated|_~34                 ; |Q|seg7:inst7|lpm_mux:Mux3|mux_joc:auto_generated|_~34                 ; out0             ;
; |Q|seg7:inst7|lpm_mux:Mux3|mux_joc:auto_generated|_~36                 ; |Q|seg7:inst7|lpm_mux:Mux3|mux_joc:auto_generated|_~36                 ; out0             ;
; |Q|seg7:inst7|lpm_mux:Mux3|mux_joc:auto_generated|_~37                 ; |Q|seg7:inst7|lpm_mux:Mux3|mux_joc:auto_generated|_~37                 ; out0             ;
; |Q|seg7:inst7|lpm_mux:Mux3|mux_joc:auto_generated|_~38                 ; |Q|seg7:inst7|lpm_mux:Mux3|mux_joc:auto_generated|_~38                 ; out0             ;
; |Q|seg7:inst7|lpm_mux:Mux3|mux_joc:auto_generated|_~39                 ; |Q|seg7:inst7|lpm_mux:Mux3|mux_joc:auto_generated|_~39                 ; out0             ;
; |Q|seg7:inst7|lpm_mux:Mux3|mux_joc:auto_generated|_~40                 ; |Q|seg7:inst7|lpm_mux:Mux3|mux_joc:auto_generated|_~40                 ; out0             ;
; |Q|seg7:inst7|lpm_mux:Mux3|mux_joc:auto_generated|_~42                 ; |Q|seg7:inst7|lpm_mux:Mux3|mux_joc:auto_generated|_~42                 ; out0             ;
; |Q|seg7:inst7|lpm_mux:Mux3|mux_joc:auto_generated|_~43                 ; |Q|seg7:inst7|lpm_mux:Mux3|mux_joc:auto_generated|_~43                 ; out0             ;
; |Q|seg7:inst7|lpm_mux:Mux3|mux_joc:auto_generated|_~44                 ; |Q|seg7:inst7|lpm_mux:Mux3|mux_joc:auto_generated|_~44                 ; out0             ;
; |Q|seg7:inst7|lpm_mux:Mux3|mux_joc:auto_generated|_~45                 ; |Q|seg7:inst7|lpm_mux:Mux3|mux_joc:auto_generated|_~45                 ; out0             ;
; |Q|seg7:inst7|lpm_mux:Mux3|mux_joc:auto_generated|_~46                 ; |Q|seg7:inst7|lpm_mux:Mux3|mux_joc:auto_generated|_~46                 ; out0             ;
; |Q|seg7:inst7|lpm_mux:Mux3|mux_joc:auto_generated|_~47                 ; |Q|seg7:inst7|lpm_mux:Mux3|mux_joc:auto_generated|_~47                 ; out0             ;
; |Q|seg7:inst7|lpm_mux:Mux3|mux_joc:auto_generated|_~48                 ; |Q|seg7:inst7|lpm_mux:Mux3|mux_joc:auto_generated|_~48                 ; out0             ;
; |Q|seg7:inst7|lpm_mux:Mux3|mux_joc:auto_generated|_~50                 ; |Q|seg7:inst7|lpm_mux:Mux3|mux_joc:auto_generated|_~50                 ; out0             ;
; |Q|seg7:inst7|lpm_mux:Mux3|mux_joc:auto_generated|_~53                 ; |Q|seg7:inst7|lpm_mux:Mux3|mux_joc:auto_generated|_~53                 ; out0             ;
; |Q|seg7:inst7|lpm_mux:Mux3|mux_joc:auto_generated|_~54                 ; |Q|seg7:inst7|lpm_mux:Mux3|mux_joc:auto_generated|_~54                 ; out0             ;
; |Q|seg7:inst7|lpm_mux:Mux3|mux_joc:auto_generated|_~55                 ; |Q|seg7:inst7|lpm_mux:Mux3|mux_joc:auto_generated|_~55                 ; out0             ;
; |Q|seg7:inst7|lpm_mux:Mux3|mux_joc:auto_generated|_~56                 ; |Q|seg7:inst7|lpm_mux:Mux3|mux_joc:auto_generated|_~56                 ; out0             ;
; |Q|seg7:inst7|lpm_mux:Mux3|mux_joc:auto_generated|_~57                 ; |Q|seg7:inst7|lpm_mux:Mux3|mux_joc:auto_generated|_~57                 ; out0             ;
; |Q|seg7:inst7|lpm_mux:Mux3|mux_joc:auto_generated|_~59                 ; |Q|seg7:inst7|lpm_mux:Mux3|mux_joc:auto_generated|_~59                 ; out0             ;
; |Q|seg7:inst7|lpm_mux:Mux3|mux_joc:auto_generated|_~62                 ; |Q|seg7:inst7|lpm_mux:Mux3|mux_joc:auto_generated|_~62                 ; out0             ;
; |Q|seg7:inst7|lpm_mux:Mux3|mux_joc:auto_generated|_~63                 ; |Q|seg7:inst7|lpm_mux:Mux3|mux_joc:auto_generated|_~63                 ; out0             ;
; |Q|seg7:inst7|lpm_mux:Mux3|mux_joc:auto_generated|_~64                 ; |Q|seg7:inst7|lpm_mux:Mux3|mux_joc:auto_generated|_~64                 ; out0             ;
; |Q|seg7:inst7|lpm_mux:Mux3|mux_joc:auto_generated|_~65                 ; |Q|seg7:inst7|lpm_mux:Mux3|mux_joc:auto_generated|_~65                 ; out0             ;
; |Q|seg7:inst7|lpm_mux:Mux3|mux_joc:auto_generated|_~66                 ; |Q|seg7:inst7|lpm_mux:Mux3|mux_joc:auto_generated|_~66                 ; out0             ;
; |Q|seg7:inst7|lpm_mux:Mux3|mux_joc:auto_generated|_~67                 ; |Q|seg7:inst7|lpm_mux:Mux3|mux_joc:auto_generated|_~67                 ; out0             ;
; |Q|seg7:inst7|lpm_mux:Mux3|mux_joc:auto_generated|_~68                 ; |Q|seg7:inst7|lpm_mux:Mux3|mux_joc:auto_generated|_~68                 ; out0             ;
; |Q|seg7:inst7|lpm_mux:Mux3|mux_joc:auto_generated|_~69                 ; |Q|seg7:inst7|lpm_mux:Mux3|mux_joc:auto_generated|_~69                 ; out0             ;
; |Q|seg7:inst7|lpm_mux:Mux3|mux_joc:auto_generated|_~70                 ; |Q|seg7:inst7|lpm_mux:Mux3|mux_joc:auto_generated|_~70                 ; out0             ;
; |Q|seg7:inst7|lpm_mux:Mux3|mux_joc:auto_generated|_~71                 ; |Q|seg7:inst7|lpm_mux:Mux3|mux_joc:auto_generated|_~71                 ; out0             ;
; |Q|seg7:inst7|lpm_mux:Mux3|mux_joc:auto_generated|result_node[0]~0     ; |Q|seg7:inst7|lpm_mux:Mux3|mux_joc:auto_generated|result_node[0]~0     ; out0             ;
; |Q|seg7:inst7|lpm_mux:Mux3|mux_joc:auto_generated|_~72                 ; |Q|seg7:inst7|lpm_mux:Mux3|mux_joc:auto_generated|_~72                 ; out0             ;
; |Q|seg7:inst7|lpm_mux:Mux3|mux_joc:auto_generated|_~73                 ; |Q|seg7:inst7|lpm_mux:Mux3|mux_joc:auto_generated|_~73                 ; out0             ;
; |Q|seg7:inst7|lpm_mux:Mux3|mux_joc:auto_generated|_~75                 ; |Q|seg7:inst7|lpm_mux:Mux3|mux_joc:auto_generated|_~75                 ; out0             ;
; |Q|seg7:inst7|lpm_mux:Mux3|mux_joc:auto_generated|_~77                 ; |Q|seg7:inst7|lpm_mux:Mux3|mux_joc:auto_generated|_~77                 ; out0             ;
; |Q|seg7:inst7|lpm_mux:Mux3|mux_joc:auto_generated|_~78                 ; |Q|seg7:inst7|lpm_mux:Mux3|mux_joc:auto_generated|_~78                 ; out0             ;
; |Q|seg7:inst7|lpm_mux:Mux3|mux_joc:auto_generated|_~79                 ; |Q|seg7:inst7|lpm_mux:Mux3|mux_joc:auto_generated|_~79                 ; out0             ;
; |Q|seg7:inst7|lpm_mux:Mux3|mux_joc:auto_generated|_~80                 ; |Q|seg7:inst7|lpm_mux:Mux3|mux_joc:auto_generated|_~80                 ; out0             ;
; |Q|seg7:inst7|lpm_mux:Mux3|mux_joc:auto_generated|_~81                 ; |Q|seg7:inst7|lpm_mux:Mux3|mux_joc:auto_generated|_~81                 ; out0             ;
; |Q|seg7:inst7|lpm_mux:Mux3|mux_joc:auto_generated|_~82                 ; |Q|seg7:inst7|lpm_mux:Mux3|mux_joc:auto_generated|_~82                 ; out0             ;
; |Q|seg7:inst7|lpm_mux:Mux3|mux_joc:auto_generated|_~84                 ; |Q|seg7:inst7|lpm_mux:Mux3|mux_joc:auto_generated|_~84                 ; out0             ;
; |Q|seg7:inst7|lpm_mux:Mux3|mux_joc:auto_generated|_~86                 ; |Q|seg7:inst7|lpm_mux:Mux3|mux_joc:auto_generated|_~86                 ; out0             ;
; |Q|seg7:inst7|lpm_mux:Mux3|mux_joc:auto_generated|_~87                 ; |Q|seg7:inst7|lpm_mux:Mux3|mux_joc:auto_generated|_~87                 ; out0             ;
; |Q|seg7:inst7|lpm_mux:Mux3|mux_joc:auto_generated|_~88                 ; |Q|seg7:inst7|lpm_mux:Mux3|mux_joc:auto_generated|_~88                 ; out0             ;
; |Q|seg7:inst7|lpm_mux:Mux3|mux_joc:auto_generated|_~89                 ; |Q|seg7:inst7|lpm_mux:Mux3|mux_joc:auto_generated|_~89                 ; out0             ;
; |Q|seg7:inst7|lpm_mux:Mux3|mux_joc:auto_generated|_~90                 ; |Q|seg7:inst7|lpm_mux:Mux3|mux_joc:auto_generated|_~90                 ; out0             ;
; |Q|seg7:inst7|lpm_mux:Mux3|mux_joc:auto_generated|_~92                 ; |Q|seg7:inst7|lpm_mux:Mux3|mux_joc:auto_generated|_~92                 ; out0             ;
; |Q|seg7:inst7|lpm_mux:Mux3|mux_joc:auto_generated|_~93                 ; |Q|seg7:inst7|lpm_mux:Mux3|mux_joc:auto_generated|_~93                 ; out0             ;
; |Q|seg7:inst7|lpm_mux:Mux3|mux_joc:auto_generated|_~94                 ; |Q|seg7:inst7|lpm_mux:Mux3|mux_joc:auto_generated|_~94                 ; out0             ;
; |Q|seg7:inst7|lpm_mux:Mux3|mux_joc:auto_generated|_~95                 ; |Q|seg7:inst7|lpm_mux:Mux3|mux_joc:auto_generated|_~95                 ; out0             ;
; |Q|seg7:inst7|lpm_mux:Mux3|mux_joc:auto_generated|_~96                 ; |Q|seg7:inst7|lpm_mux:Mux3|mux_joc:auto_generated|_~96                 ; out0             ;
; |Q|seg7:inst7|lpm_mux:Mux3|mux_joc:auto_generated|_~97                 ; |Q|seg7:inst7|lpm_mux:Mux3|mux_joc:auto_generated|_~97                 ; out0             ;
; |Q|seg7:inst7|lpm_mux:Mux3|mux_joc:auto_generated|_~98                 ; |Q|seg7:inst7|lpm_mux:Mux3|mux_joc:auto_generated|_~98                 ; out0             ;
; |Q|seg7:inst7|lpm_mux:Mux3|mux_joc:auto_generated|_~100                ; |Q|seg7:inst7|lpm_mux:Mux3|mux_joc:auto_generated|_~100                ; out0             ;
; |Q|seg7:inst7|lpm_mux:Mux3|mux_joc:auto_generated|_~103                ; |Q|seg7:inst7|lpm_mux:Mux3|mux_joc:auto_generated|_~103                ; out0             ;
; |Q|seg7:inst7|lpm_mux:Mux3|mux_joc:auto_generated|_~104                ; |Q|seg7:inst7|lpm_mux:Mux3|mux_joc:auto_generated|_~104                ; out0             ;
; |Q|seg7:inst7|lpm_mux:Mux3|mux_joc:auto_generated|_~105                ; |Q|seg7:inst7|lpm_mux:Mux3|mux_joc:auto_generated|_~105                ; out0             ;
; |Q|seg7:inst7|lpm_mux:Mux3|mux_joc:auto_generated|_~106                ; |Q|seg7:inst7|lpm_mux:Mux3|mux_joc:auto_generated|_~106                ; out0             ;
; |Q|seg7:inst7|lpm_mux:Mux3|mux_joc:auto_generated|_~107                ; |Q|seg7:inst7|lpm_mux:Mux3|mux_joc:auto_generated|_~107                ; out0             ;
; |Q|seg7:inst7|lpm_mux:Mux3|mux_joc:auto_generated|_~109                ; |Q|seg7:inst7|lpm_mux:Mux3|mux_joc:auto_generated|_~109                ; out0             ;
; |Q|seg7:inst7|lpm_mux:Mux3|mux_joc:auto_generated|_~112                ; |Q|seg7:inst7|lpm_mux:Mux3|mux_joc:auto_generated|_~112                ; out0             ;
; |Q|seg7:inst7|lpm_mux:Mux3|mux_joc:auto_generated|_~113                ; |Q|seg7:inst7|lpm_mux:Mux3|mux_joc:auto_generated|_~113                ; out0             ;
; |Q|seg7:inst7|lpm_mux:Mux3|mux_joc:auto_generated|_~114                ; |Q|seg7:inst7|lpm_mux:Mux3|mux_joc:auto_generated|_~114                ; out0             ;
; |Q|seg7:inst7|lpm_mux:Mux3|mux_joc:auto_generated|_~115                ; |Q|seg7:inst7|lpm_mux:Mux3|mux_joc:auto_generated|_~115                ; out0             ;
; |Q|seg7:inst7|lpm_mux:Mux3|mux_joc:auto_generated|_~116                ; |Q|seg7:inst7|lpm_mux:Mux3|mux_joc:auto_generated|_~116                ; out0             ;
; |Q|seg7:inst7|lpm_mux:Mux3|mux_joc:auto_generated|_~117                ; |Q|seg7:inst7|lpm_mux:Mux3|mux_joc:auto_generated|_~117                ; out0             ;
; |Q|seg7:inst7|lpm_mux:Mux3|mux_joc:auto_generated|_~118                ; |Q|seg7:inst7|lpm_mux:Mux3|mux_joc:auto_generated|_~118                ; out0             ;
; |Q|seg7:inst7|lpm_mux:Mux3|mux_joc:auto_generated|_~119                ; |Q|seg7:inst7|lpm_mux:Mux3|mux_joc:auto_generated|_~119                ; out0             ;
; |Q|seg7:inst7|lpm_mux:Mux3|mux_joc:auto_generated|_~120                ; |Q|seg7:inst7|lpm_mux:Mux3|mux_joc:auto_generated|_~120                ; out0             ;
; |Q|seg7:inst7|lpm_mux:Mux3|mux_joc:auto_generated|_~122                ; |Q|seg7:inst7|lpm_mux:Mux3|mux_joc:auto_generated|_~122                ; out0             ;
; |Q|seg7:inst7|lpm_mux:Mux3|mux_joc:auto_generated|_~124                ; |Q|seg7:inst7|lpm_mux:Mux3|mux_joc:auto_generated|_~124                ; out0             ;
; |Q|seg7:inst7|lpm_mux:Mux3|mux_joc:auto_generated|_~126                ; |Q|seg7:inst7|lpm_mux:Mux3|mux_joc:auto_generated|_~126                ; out0             ;
; |Q|seg7:inst7|lpm_mux:Mux3|mux_joc:auto_generated|_~127                ; |Q|seg7:inst7|lpm_mux:Mux3|mux_joc:auto_generated|_~127                ; out0             ;
; |Q|seg7:inst7|lpm_mux:Mux3|mux_joc:auto_generated|_~128                ; |Q|seg7:inst7|lpm_mux:Mux3|mux_joc:auto_generated|_~128                ; out0             ;
; |Q|seg7:inst7|lpm_mux:Mux3|mux_joc:auto_generated|_~129                ; |Q|seg7:inst7|lpm_mux:Mux3|mux_joc:auto_generated|_~129                ; out0             ;
; |Q|seg7:inst7|lpm_mux:Mux3|mux_joc:auto_generated|_~131                ; |Q|seg7:inst7|lpm_mux:Mux3|mux_joc:auto_generated|_~131                ; out0             ;
; |Q|seg7:inst7|lpm_mux:Mux3|mux_joc:auto_generated|_~133                ; |Q|seg7:inst7|lpm_mux:Mux3|mux_joc:auto_generated|_~133                ; out0             ;
; |Q|seg7:inst7|lpm_mux:Mux3|mux_joc:auto_generated|_~135                ; |Q|seg7:inst7|lpm_mux:Mux3|mux_joc:auto_generated|_~135                ; out0             ;
; |Q|seg7:inst7|lpm_mux:Mux3|mux_joc:auto_generated|_~136                ; |Q|seg7:inst7|lpm_mux:Mux3|mux_joc:auto_generated|_~136                ; out0             ;
; |Q|seg7:inst7|lpm_mux:Mux3|mux_joc:auto_generated|_~137                ; |Q|seg7:inst7|lpm_mux:Mux3|mux_joc:auto_generated|_~137                ; out0             ;
; |Q|seg7:inst7|lpm_mux:Mux3|mux_joc:auto_generated|_~138                ; |Q|seg7:inst7|lpm_mux:Mux3|mux_joc:auto_generated|_~138                ; out0             ;
; |Q|seg7:inst7|lpm_mux:Mux3|mux_joc:auto_generated|_~140                ; |Q|seg7:inst7|lpm_mux:Mux3|mux_joc:auto_generated|_~140                ; out0             ;
; |Q|seg7:inst7|lpm_mux:Mux3|mux_joc:auto_generated|_~141                ; |Q|seg7:inst7|lpm_mux:Mux3|mux_joc:auto_generated|_~141                ; out0             ;
; |Q|seg7:inst7|lpm_mux:Mux3|mux_joc:auto_generated|_~142                ; |Q|seg7:inst7|lpm_mux:Mux3|mux_joc:auto_generated|_~142                ; out0             ;
; |Q|seg7:inst7|lpm_mux:Mux3|mux_joc:auto_generated|_~143                ; |Q|seg7:inst7|lpm_mux:Mux3|mux_joc:auto_generated|_~143                ; out0             ;
; |Q|seg7:inst7|lpm_mux:Mux3|mux_joc:auto_generated|result_node[0]~1     ; |Q|seg7:inst7|lpm_mux:Mux3|mux_joc:auto_generated|result_node[0]~1     ; out0             ;
; |Q|seg7:inst7|lpm_mux:Mux3|mux_joc:auto_generated|result_node[0]       ; |Q|seg7:inst7|lpm_mux:Mux3|mux_joc:auto_generated|result_node[0]       ; out0             ;
; |Q|seg7:inst7|lpm_mux:Mux2|mux_joc:auto_generated|_~1                  ; |Q|seg7:inst7|lpm_mux:Mux2|mux_joc:auto_generated|_~1                  ; out0             ;
; |Q|seg7:inst7|lpm_mux:Mux2|mux_joc:auto_generated|_~3                  ; |Q|seg7:inst7|lpm_mux:Mux2|mux_joc:auto_generated|_~3                  ; out0             ;
; |Q|seg7:inst7|lpm_mux:Mux2|mux_joc:auto_generated|_~5                  ; |Q|seg7:inst7|lpm_mux:Mux2|mux_joc:auto_generated|_~5                  ; out0             ;
; |Q|seg7:inst7|lpm_mux:Mux2|mux_joc:auto_generated|_~6                  ; |Q|seg7:inst7|lpm_mux:Mux2|mux_joc:auto_generated|_~6                  ; out0             ;
; |Q|seg7:inst7|lpm_mux:Mux2|mux_joc:auto_generated|_~7                  ; |Q|seg7:inst7|lpm_mux:Mux2|mux_joc:auto_generated|_~7                  ; out0             ;
; |Q|seg7:inst7|lpm_mux:Mux2|mux_joc:auto_generated|_~8                  ; |Q|seg7:inst7|lpm_mux:Mux2|mux_joc:auto_generated|_~8                  ; out0             ;
; |Q|seg7:inst7|lpm_mux:Mux2|mux_joc:auto_generated|_~10                 ; |Q|seg7:inst7|lpm_mux:Mux2|mux_joc:auto_generated|_~10                 ; out0             ;
; |Q|seg7:inst7|lpm_mux:Mux2|mux_joc:auto_generated|_~12                 ; |Q|seg7:inst7|lpm_mux:Mux2|mux_joc:auto_generated|_~12                 ; out0             ;
; |Q|seg7:inst7|lpm_mux:Mux2|mux_joc:auto_generated|_~14                 ; |Q|seg7:inst7|lpm_mux:Mux2|mux_joc:auto_generated|_~14                 ; out0             ;
; |Q|seg7:inst7|lpm_mux:Mux2|mux_joc:auto_generated|_~15                 ; |Q|seg7:inst7|lpm_mux:Mux2|mux_joc:auto_generated|_~15                 ; out0             ;
; |Q|seg7:inst7|lpm_mux:Mux2|mux_joc:auto_generated|_~16                 ; |Q|seg7:inst7|lpm_mux:Mux2|mux_joc:auto_generated|_~16                 ; out0             ;
; |Q|seg7:inst7|lpm_mux:Mux2|mux_joc:auto_generated|_~17                 ; |Q|seg7:inst7|lpm_mux:Mux2|mux_joc:auto_generated|_~17                 ; out0             ;
; |Q|seg7:inst7|lpm_mux:Mux2|mux_joc:auto_generated|_~18                 ; |Q|seg7:inst7|lpm_mux:Mux2|mux_joc:auto_generated|_~18                 ; out0             ;
; |Q|seg7:inst7|lpm_mux:Mux2|mux_joc:auto_generated|_~23                 ; |Q|seg7:inst7|lpm_mux:Mux2|mux_joc:auto_generated|_~23                 ; out0             ;
; |Q|seg7:inst7|lpm_mux:Mux2|mux_joc:auto_generated|_~25                 ; |Q|seg7:inst7|lpm_mux:Mux2|mux_joc:auto_generated|_~25                 ; out0             ;
; |Q|seg7:inst7|lpm_mux:Mux2|mux_joc:auto_generated|_~28                 ; |Q|seg7:inst7|lpm_mux:Mux2|mux_joc:auto_generated|_~28                 ; out0             ;
; |Q|seg7:inst7|lpm_mux:Mux2|mux_joc:auto_generated|_~29                 ; |Q|seg7:inst7|lpm_mux:Mux2|mux_joc:auto_generated|_~29                 ; out0             ;
; |Q|seg7:inst7|lpm_mux:Mux2|mux_joc:auto_generated|_~30                 ; |Q|seg7:inst7|lpm_mux:Mux2|mux_joc:auto_generated|_~30                 ; out0             ;
; |Q|seg7:inst7|lpm_mux:Mux2|mux_joc:auto_generated|_~32                 ; |Q|seg7:inst7|lpm_mux:Mux2|mux_joc:auto_generated|_~32                 ; out0             ;
; |Q|seg7:inst7|lpm_mux:Mux2|mux_joc:auto_generated|_~34                 ; |Q|seg7:inst7|lpm_mux:Mux2|mux_joc:auto_generated|_~34                 ; out0             ;
; |Q|seg7:inst7|lpm_mux:Mux2|mux_joc:auto_generated|_~37                 ; |Q|seg7:inst7|lpm_mux:Mux2|mux_joc:auto_generated|_~37                 ; out0             ;
; |Q|seg7:inst7|lpm_mux:Mux2|mux_joc:auto_generated|_~38                 ; |Q|seg7:inst7|lpm_mux:Mux2|mux_joc:auto_generated|_~38                 ; out0             ;
; |Q|seg7:inst7|lpm_mux:Mux2|mux_joc:auto_generated|_~39                 ; |Q|seg7:inst7|lpm_mux:Mux2|mux_joc:auto_generated|_~39                 ; out0             ;
; |Q|seg7:inst7|lpm_mux:Mux2|mux_joc:auto_generated|_~40                 ; |Q|seg7:inst7|lpm_mux:Mux2|mux_joc:auto_generated|_~40                 ; out0             ;
; |Q|seg7:inst7|lpm_mux:Mux2|mux_joc:auto_generated|_~41                 ; |Q|seg7:inst7|lpm_mux:Mux2|mux_joc:auto_generated|_~41                 ; out0             ;
; |Q|seg7:inst7|lpm_mux:Mux2|mux_joc:auto_generated|_~42                 ; |Q|seg7:inst7|lpm_mux:Mux2|mux_joc:auto_generated|_~42                 ; out0             ;
; |Q|seg7:inst7|lpm_mux:Mux2|mux_joc:auto_generated|_~43                 ; |Q|seg7:inst7|lpm_mux:Mux2|mux_joc:auto_generated|_~43                 ; out0             ;
; |Q|seg7:inst7|lpm_mux:Mux2|mux_joc:auto_generated|_~44                 ; |Q|seg7:inst7|lpm_mux:Mux2|mux_joc:auto_generated|_~44                 ; out0             ;
; |Q|seg7:inst7|lpm_mux:Mux2|mux_joc:auto_generated|_~45                 ; |Q|seg7:inst7|lpm_mux:Mux2|mux_joc:auto_generated|_~45                 ; out0             ;
; |Q|seg7:inst7|lpm_mux:Mux2|mux_joc:auto_generated|_~46                 ; |Q|seg7:inst7|lpm_mux:Mux2|mux_joc:auto_generated|_~46                 ; out0             ;
; |Q|seg7:inst7|lpm_mux:Mux2|mux_joc:auto_generated|_~48                 ; |Q|seg7:inst7|lpm_mux:Mux2|mux_joc:auto_generated|_~48                 ; out0             ;
; |Q|seg7:inst7|lpm_mux:Mux2|mux_joc:auto_generated|_~50                 ; |Q|seg7:inst7|lpm_mux:Mux2|mux_joc:auto_generated|_~50                 ; out0             ;
; |Q|seg7:inst7|lpm_mux:Mux2|mux_joc:auto_generated|_~52                 ; |Q|seg7:inst7|lpm_mux:Mux2|mux_joc:auto_generated|_~52                 ; out0             ;
; |Q|seg7:inst7|lpm_mux:Mux2|mux_joc:auto_generated|_~53                 ; |Q|seg7:inst7|lpm_mux:Mux2|mux_joc:auto_generated|_~53                 ; out0             ;
; |Q|seg7:inst7|lpm_mux:Mux2|mux_joc:auto_generated|_~54                 ; |Q|seg7:inst7|lpm_mux:Mux2|mux_joc:auto_generated|_~54                 ; out0             ;
; |Q|seg7:inst7|lpm_mux:Mux2|mux_joc:auto_generated|_~55                 ; |Q|seg7:inst7|lpm_mux:Mux2|mux_joc:auto_generated|_~55                 ; out0             ;
; |Q|seg7:inst7|lpm_mux:Mux2|mux_joc:auto_generated|_~57                 ; |Q|seg7:inst7|lpm_mux:Mux2|mux_joc:auto_generated|_~57                 ; out0             ;
; |Q|seg7:inst7|lpm_mux:Mux2|mux_joc:auto_generated|_~59                 ; |Q|seg7:inst7|lpm_mux:Mux2|mux_joc:auto_generated|_~59                 ; out0             ;
; |Q|seg7:inst7|lpm_mux:Mux2|mux_joc:auto_generated|_~61                 ; |Q|seg7:inst7|lpm_mux:Mux2|mux_joc:auto_generated|_~61                 ; out0             ;
; |Q|seg7:inst7|lpm_mux:Mux2|mux_joc:auto_generated|_~62                 ; |Q|seg7:inst7|lpm_mux:Mux2|mux_joc:auto_generated|_~62                 ; out0             ;
; |Q|seg7:inst7|lpm_mux:Mux2|mux_joc:auto_generated|_~63                 ; |Q|seg7:inst7|lpm_mux:Mux2|mux_joc:auto_generated|_~63                 ; out0             ;
; |Q|seg7:inst7|lpm_mux:Mux2|mux_joc:auto_generated|_~64                 ; |Q|seg7:inst7|lpm_mux:Mux2|mux_joc:auto_generated|_~64                 ; out0             ;
; |Q|seg7:inst7|lpm_mux:Mux2|mux_joc:auto_generated|_~65                 ; |Q|seg7:inst7|lpm_mux:Mux2|mux_joc:auto_generated|_~65                 ; out0             ;
; |Q|seg7:inst7|lpm_mux:Mux2|mux_joc:auto_generated|_~68                 ; |Q|seg7:inst7|lpm_mux:Mux2|mux_joc:auto_generated|_~68                 ; out0             ;
; |Q|seg7:inst7|lpm_mux:Mux2|mux_joc:auto_generated|_~70                 ; |Q|seg7:inst7|lpm_mux:Mux2|mux_joc:auto_generated|_~70                 ; out0             ;
; |Q|seg7:inst7|lpm_mux:Mux2|mux_joc:auto_generated|_~71                 ; |Q|seg7:inst7|lpm_mux:Mux2|mux_joc:auto_generated|_~71                 ; out0             ;
; |Q|seg7:inst7|lpm_mux:Mux2|mux_joc:auto_generated|_~73                 ; |Q|seg7:inst7|lpm_mux:Mux2|mux_joc:auto_generated|_~73                 ; out0             ;
; |Q|seg7:inst7|lpm_mux:Mux2|mux_joc:auto_generated|_~75                 ; |Q|seg7:inst7|lpm_mux:Mux2|mux_joc:auto_generated|_~75                 ; out0             ;
; |Q|seg7:inst7|lpm_mux:Mux2|mux_joc:auto_generated|_~78                 ; |Q|seg7:inst7|lpm_mux:Mux2|mux_joc:auto_generated|_~78                 ; out0             ;
; |Q|seg7:inst7|lpm_mux:Mux2|mux_joc:auto_generated|_~79                 ; |Q|seg7:inst7|lpm_mux:Mux2|mux_joc:auto_generated|_~79                 ; out0             ;
; |Q|seg7:inst7|lpm_mux:Mux2|mux_joc:auto_generated|_~80                 ; |Q|seg7:inst7|lpm_mux:Mux2|mux_joc:auto_generated|_~80                 ; out0             ;
; |Q|seg7:inst7|lpm_mux:Mux2|mux_joc:auto_generated|_~82                 ; |Q|seg7:inst7|lpm_mux:Mux2|mux_joc:auto_generated|_~82                 ; out0             ;
; |Q|seg7:inst7|lpm_mux:Mux2|mux_joc:auto_generated|_~84                 ; |Q|seg7:inst7|lpm_mux:Mux2|mux_joc:auto_generated|_~84                 ; out0             ;
; |Q|seg7:inst7|lpm_mux:Mux2|mux_joc:auto_generated|_~87                 ; |Q|seg7:inst7|lpm_mux:Mux2|mux_joc:auto_generated|_~87                 ; out0             ;
; |Q|seg7:inst7|lpm_mux:Mux2|mux_joc:auto_generated|_~88                 ; |Q|seg7:inst7|lpm_mux:Mux2|mux_joc:auto_generated|_~88                 ; out0             ;
; |Q|seg7:inst7|lpm_mux:Mux2|mux_joc:auto_generated|_~89                 ; |Q|seg7:inst7|lpm_mux:Mux2|mux_joc:auto_generated|_~89                 ; out0             ;
; |Q|seg7:inst7|lpm_mux:Mux2|mux_joc:auto_generated|_~90                 ; |Q|seg7:inst7|lpm_mux:Mux2|mux_joc:auto_generated|_~90                 ; out0             ;
; |Q|seg7:inst7|lpm_mux:Mux2|mux_joc:auto_generated|_~91                 ; |Q|seg7:inst7|lpm_mux:Mux2|mux_joc:auto_generated|_~91                 ; out0             ;
; |Q|seg7:inst7|lpm_mux:Mux2|mux_joc:auto_generated|_~92                 ; |Q|seg7:inst7|lpm_mux:Mux2|mux_joc:auto_generated|_~92                 ; out0             ;
; |Q|seg7:inst7|lpm_mux:Mux2|mux_joc:auto_generated|_~93                 ; |Q|seg7:inst7|lpm_mux:Mux2|mux_joc:auto_generated|_~93                 ; out0             ;
; |Q|seg7:inst7|lpm_mux:Mux2|mux_joc:auto_generated|_~94                 ; |Q|seg7:inst7|lpm_mux:Mux2|mux_joc:auto_generated|_~94                 ; out0             ;
; |Q|seg7:inst7|lpm_mux:Mux2|mux_joc:auto_generated|_~95                 ; |Q|seg7:inst7|lpm_mux:Mux2|mux_joc:auto_generated|_~95                 ; out0             ;
; |Q|seg7:inst7|lpm_mux:Mux2|mux_joc:auto_generated|_~96                 ; |Q|seg7:inst7|lpm_mux:Mux2|mux_joc:auto_generated|_~96                 ; out0             ;
; |Q|seg7:inst7|lpm_mux:Mux2|mux_joc:auto_generated|_~98                 ; |Q|seg7:inst7|lpm_mux:Mux2|mux_joc:auto_generated|_~98                 ; out0             ;
; |Q|seg7:inst7|lpm_mux:Mux2|mux_joc:auto_generated|_~100                ; |Q|seg7:inst7|lpm_mux:Mux2|mux_joc:auto_generated|_~100                ; out0             ;
; |Q|seg7:inst7|lpm_mux:Mux2|mux_joc:auto_generated|_~102                ; |Q|seg7:inst7|lpm_mux:Mux2|mux_joc:auto_generated|_~102                ; out0             ;
; |Q|seg7:inst7|lpm_mux:Mux2|mux_joc:auto_generated|_~103                ; |Q|seg7:inst7|lpm_mux:Mux2|mux_joc:auto_generated|_~103                ; out0             ;
; |Q|seg7:inst7|lpm_mux:Mux2|mux_joc:auto_generated|_~104                ; |Q|seg7:inst7|lpm_mux:Mux2|mux_joc:auto_generated|_~104                ; out0             ;
; |Q|seg7:inst7|lpm_mux:Mux2|mux_joc:auto_generated|_~105                ; |Q|seg7:inst7|lpm_mux:Mux2|mux_joc:auto_generated|_~105                ; out0             ;
; |Q|seg7:inst7|lpm_mux:Mux2|mux_joc:auto_generated|_~107                ; |Q|seg7:inst7|lpm_mux:Mux2|mux_joc:auto_generated|_~107                ; out0             ;
; |Q|seg7:inst7|lpm_mux:Mux2|mux_joc:auto_generated|_~109                ; |Q|seg7:inst7|lpm_mux:Mux2|mux_joc:auto_generated|_~109                ; out0             ;
; |Q|seg7:inst7|lpm_mux:Mux2|mux_joc:auto_generated|_~111                ; |Q|seg7:inst7|lpm_mux:Mux2|mux_joc:auto_generated|_~111                ; out0             ;
; |Q|seg7:inst7|lpm_mux:Mux2|mux_joc:auto_generated|_~112                ; |Q|seg7:inst7|lpm_mux:Mux2|mux_joc:auto_generated|_~112                ; out0             ;
; |Q|seg7:inst7|lpm_mux:Mux2|mux_joc:auto_generated|_~113                ; |Q|seg7:inst7|lpm_mux:Mux2|mux_joc:auto_generated|_~113                ; out0             ;
; |Q|seg7:inst7|lpm_mux:Mux2|mux_joc:auto_generated|_~114                ; |Q|seg7:inst7|lpm_mux:Mux2|mux_joc:auto_generated|_~114                ; out0             ;
; |Q|seg7:inst7|lpm_mux:Mux2|mux_joc:auto_generated|_~115                ; |Q|seg7:inst7|lpm_mux:Mux2|mux_joc:auto_generated|_~115                ; out0             ;
; |Q|seg7:inst7|lpm_mux:Mux2|mux_joc:auto_generated|_~118                ; |Q|seg7:inst7|lpm_mux:Mux2|mux_joc:auto_generated|_~118                ; out0             ;
; |Q|seg7:inst7|lpm_mux:Mux2|mux_joc:auto_generated|_~120                ; |Q|seg7:inst7|lpm_mux:Mux2|mux_joc:auto_generated|_~120                ; out0             ;
; |Q|seg7:inst7|lpm_mux:Mux2|mux_joc:auto_generated|_~122                ; |Q|seg7:inst7|lpm_mux:Mux2|mux_joc:auto_generated|_~122                ; out0             ;
; |Q|seg7:inst7|lpm_mux:Mux2|mux_joc:auto_generated|_~123                ; |Q|seg7:inst7|lpm_mux:Mux2|mux_joc:auto_generated|_~123                ; out0             ;
; |Q|seg7:inst7|lpm_mux:Mux2|mux_joc:auto_generated|_~124                ; |Q|seg7:inst7|lpm_mux:Mux2|mux_joc:auto_generated|_~124                ; out0             ;
; |Q|seg7:inst7|lpm_mux:Mux2|mux_joc:auto_generated|_~125                ; |Q|seg7:inst7|lpm_mux:Mux2|mux_joc:auto_generated|_~125                ; out0             ;
; |Q|seg7:inst7|lpm_mux:Mux2|mux_joc:auto_generated|_~127                ; |Q|seg7:inst7|lpm_mux:Mux2|mux_joc:auto_generated|_~127                ; out0             ;
; |Q|seg7:inst7|lpm_mux:Mux2|mux_joc:auto_generated|_~128                ; |Q|seg7:inst7|lpm_mux:Mux2|mux_joc:auto_generated|_~128                ; out0             ;
; |Q|seg7:inst7|lpm_mux:Mux2|mux_joc:auto_generated|_~129                ; |Q|seg7:inst7|lpm_mux:Mux2|mux_joc:auto_generated|_~129                ; out0             ;
; |Q|seg7:inst7|lpm_mux:Mux2|mux_joc:auto_generated|_~131                ; |Q|seg7:inst7|lpm_mux:Mux2|mux_joc:auto_generated|_~131                ; out0             ;
; |Q|seg7:inst7|lpm_mux:Mux2|mux_joc:auto_generated|_~132                ; |Q|seg7:inst7|lpm_mux:Mux2|mux_joc:auto_generated|_~132                ; out0             ;
; |Q|seg7:inst7|lpm_mux:Mux2|mux_joc:auto_generated|_~133                ; |Q|seg7:inst7|lpm_mux:Mux2|mux_joc:auto_generated|_~133                ; out0             ;
; |Q|seg7:inst7|lpm_mux:Mux2|mux_joc:auto_generated|_~134                ; |Q|seg7:inst7|lpm_mux:Mux2|mux_joc:auto_generated|_~134                ; out0             ;
; |Q|seg7:inst7|lpm_mux:Mux2|mux_joc:auto_generated|_~136                ; |Q|seg7:inst7|lpm_mux:Mux2|mux_joc:auto_generated|_~136                ; out0             ;
; |Q|seg7:inst7|lpm_mux:Mux2|mux_joc:auto_generated|_~137                ; |Q|seg7:inst7|lpm_mux:Mux2|mux_joc:auto_generated|_~137                ; out0             ;
; |Q|seg7:inst7|lpm_mux:Mux2|mux_joc:auto_generated|_~138                ; |Q|seg7:inst7|lpm_mux:Mux2|mux_joc:auto_generated|_~138                ; out0             ;
; |Q|seg7:inst7|lpm_mux:Mux2|mux_joc:auto_generated|_~140                ; |Q|seg7:inst7|lpm_mux:Mux2|mux_joc:auto_generated|_~140                ; out0             ;
; |Q|seg7:inst7|lpm_mux:Mux2|mux_joc:auto_generated|_~141                ; |Q|seg7:inst7|lpm_mux:Mux2|mux_joc:auto_generated|_~141                ; out0             ;
; |Q|seg7:inst7|lpm_mux:Mux2|mux_joc:auto_generated|_~142                ; |Q|seg7:inst7|lpm_mux:Mux2|mux_joc:auto_generated|_~142                ; out0             ;
; |Q|seg7:inst7|lpm_mux:Mux2|mux_joc:auto_generated|_~143                ; |Q|seg7:inst7|lpm_mux:Mux2|mux_joc:auto_generated|_~143                ; out0             ;
; |Q|seg7:inst7|lpm_mux:Mux2|mux_joc:auto_generated|result_node[0]~1     ; |Q|seg7:inst7|lpm_mux:Mux2|mux_joc:auto_generated|result_node[0]~1     ; out0             ;
; |Q|seg7:inst7|lpm_mux:Mux2|mux_joc:auto_generated|result_node[0]       ; |Q|seg7:inst7|lpm_mux:Mux2|mux_joc:auto_generated|result_node[0]       ; out0             ;
; |Q|seg7:inst7|lpm_mux:Mux1|mux_joc:auto_generated|_~0                  ; |Q|seg7:inst7|lpm_mux:Mux1|mux_joc:auto_generated|_~0                  ; out0             ;
; |Q|seg7:inst7|lpm_mux:Mux1|mux_joc:auto_generated|_~1                  ; |Q|seg7:inst7|lpm_mux:Mux1|mux_joc:auto_generated|_~1                  ; out0             ;
; |Q|seg7:inst7|lpm_mux:Mux1|mux_joc:auto_generated|_~3                  ; |Q|seg7:inst7|lpm_mux:Mux1|mux_joc:auto_generated|_~3                  ; out0             ;
; |Q|seg7:inst7|lpm_mux:Mux1|mux_joc:auto_generated|_~6                  ; |Q|seg7:inst7|lpm_mux:Mux1|mux_joc:auto_generated|_~6                  ; out0             ;
; |Q|seg7:inst7|lpm_mux:Mux1|mux_joc:auto_generated|_~7                  ; |Q|seg7:inst7|lpm_mux:Mux1|mux_joc:auto_generated|_~7                  ; out0             ;
; |Q|seg7:inst7|lpm_mux:Mux1|mux_joc:auto_generated|_~8                  ; |Q|seg7:inst7|lpm_mux:Mux1|mux_joc:auto_generated|_~8                  ; out0             ;
; |Q|seg7:inst7|lpm_mux:Mux1|mux_joc:auto_generated|_~9                  ; |Q|seg7:inst7|lpm_mux:Mux1|mux_joc:auto_generated|_~9                  ; out0             ;
; |Q|seg7:inst7|lpm_mux:Mux1|mux_joc:auto_generated|_~10                 ; |Q|seg7:inst7|lpm_mux:Mux1|mux_joc:auto_generated|_~10                 ; out0             ;
; |Q|seg7:inst7|lpm_mux:Mux1|mux_joc:auto_generated|_~12                 ; |Q|seg7:inst7|lpm_mux:Mux1|mux_joc:auto_generated|_~12                 ; out0             ;
; |Q|seg7:inst7|lpm_mux:Mux1|mux_joc:auto_generated|_~15                 ; |Q|seg7:inst7|lpm_mux:Mux1|mux_joc:auto_generated|_~15                 ; out0             ;
; |Q|seg7:inst7|lpm_mux:Mux1|mux_joc:auto_generated|_~16                 ; |Q|seg7:inst7|lpm_mux:Mux1|mux_joc:auto_generated|_~16                 ; out0             ;
; |Q|seg7:inst7|lpm_mux:Mux1|mux_joc:auto_generated|_~17                 ; |Q|seg7:inst7|lpm_mux:Mux1|mux_joc:auto_generated|_~17                 ; out0             ;
; |Q|seg7:inst7|lpm_mux:Mux1|mux_joc:auto_generated|_~18                 ; |Q|seg7:inst7|lpm_mux:Mux1|mux_joc:auto_generated|_~18                 ; out0             ;
; |Q|seg7:inst7|lpm_mux:Mux1|mux_joc:auto_generated|_~19                 ; |Q|seg7:inst7|lpm_mux:Mux1|mux_joc:auto_generated|_~19                 ; out0             ;
; |Q|seg7:inst7|lpm_mux:Mux1|mux_joc:auto_generated|_~20                 ; |Q|seg7:inst7|lpm_mux:Mux1|mux_joc:auto_generated|_~20                 ; out0             ;
; |Q|seg7:inst7|lpm_mux:Mux1|mux_joc:auto_generated|_~21                 ; |Q|seg7:inst7|lpm_mux:Mux1|mux_joc:auto_generated|_~21                 ; out0             ;
; |Q|seg7:inst7|lpm_mux:Mux1|mux_joc:auto_generated|_~23                 ; |Q|seg7:inst7|lpm_mux:Mux1|mux_joc:auto_generated|_~23                 ; out0             ;
; |Q|seg7:inst7|lpm_mux:Mux1|mux_joc:auto_generated|_~25                 ; |Q|seg7:inst7|lpm_mux:Mux1|mux_joc:auto_generated|_~25                 ; out0             ;
; |Q|seg7:inst7|lpm_mux:Mux1|mux_joc:auto_generated|_~27                 ; |Q|seg7:inst7|lpm_mux:Mux1|mux_joc:auto_generated|_~27                 ; out0             ;
; |Q|seg7:inst7|lpm_mux:Mux1|mux_joc:auto_generated|_~28                 ; |Q|seg7:inst7|lpm_mux:Mux1|mux_joc:auto_generated|_~28                 ; out0             ;
; |Q|seg7:inst7|lpm_mux:Mux1|mux_joc:auto_generated|_~29                 ; |Q|seg7:inst7|lpm_mux:Mux1|mux_joc:auto_generated|_~29                 ; out0             ;
; |Q|seg7:inst7|lpm_mux:Mux1|mux_joc:auto_generated|_~30                 ; |Q|seg7:inst7|lpm_mux:Mux1|mux_joc:auto_generated|_~30                 ; out0             ;
; |Q|seg7:inst7|lpm_mux:Mux1|mux_joc:auto_generated|_~32                 ; |Q|seg7:inst7|lpm_mux:Mux1|mux_joc:auto_generated|_~32                 ; out0             ;
; |Q|seg7:inst7|lpm_mux:Mux1|mux_joc:auto_generated|_~34                 ; |Q|seg7:inst7|lpm_mux:Mux1|mux_joc:auto_generated|_~34                 ; out0             ;
; |Q|seg7:inst7|lpm_mux:Mux1|mux_joc:auto_generated|_~36                 ; |Q|seg7:inst7|lpm_mux:Mux1|mux_joc:auto_generated|_~36                 ; out0             ;
; |Q|seg7:inst7|lpm_mux:Mux1|mux_joc:auto_generated|_~37                 ; |Q|seg7:inst7|lpm_mux:Mux1|mux_joc:auto_generated|_~37                 ; out0             ;
; |Q|seg7:inst7|lpm_mux:Mux1|mux_joc:auto_generated|_~38                 ; |Q|seg7:inst7|lpm_mux:Mux1|mux_joc:auto_generated|_~38                 ; out0             ;
; |Q|seg7:inst7|lpm_mux:Mux1|mux_joc:auto_generated|_~39                 ; |Q|seg7:inst7|lpm_mux:Mux1|mux_joc:auto_generated|_~39                 ; out0             ;
; |Q|seg7:inst7|lpm_mux:Mux1|mux_joc:auto_generated|_~40                 ; |Q|seg7:inst7|lpm_mux:Mux1|mux_joc:auto_generated|_~40                 ; out0             ;
; |Q|seg7:inst7|lpm_mux:Mux1|mux_joc:auto_generated|_~43                 ; |Q|seg7:inst7|lpm_mux:Mux1|mux_joc:auto_generated|_~43                 ; out0             ;
; |Q|seg7:inst7|lpm_mux:Mux1|mux_joc:auto_generated|_~45                 ; |Q|seg7:inst7|lpm_mux:Mux1|mux_joc:auto_generated|_~45                 ; out0             ;
; |Q|seg7:inst7|lpm_mux:Mux1|mux_joc:auto_generated|_~48                 ; |Q|seg7:inst7|lpm_mux:Mux1|mux_joc:auto_generated|_~48                 ; out0             ;
; |Q|seg7:inst7|lpm_mux:Mux1|mux_joc:auto_generated|_~50                 ; |Q|seg7:inst7|lpm_mux:Mux1|mux_joc:auto_generated|_~50                 ; out0             ;
; |Q|seg7:inst7|lpm_mux:Mux1|mux_joc:auto_generated|_~52                 ; |Q|seg7:inst7|lpm_mux:Mux1|mux_joc:auto_generated|_~52                 ; out0             ;
; |Q|seg7:inst7|lpm_mux:Mux1|mux_joc:auto_generated|_~53                 ; |Q|seg7:inst7|lpm_mux:Mux1|mux_joc:auto_generated|_~53                 ; out0             ;
; |Q|seg7:inst7|lpm_mux:Mux1|mux_joc:auto_generated|_~54                 ; |Q|seg7:inst7|lpm_mux:Mux1|mux_joc:auto_generated|_~54                 ; out0             ;
; |Q|seg7:inst7|lpm_mux:Mux1|mux_joc:auto_generated|_~55                 ; |Q|seg7:inst7|lpm_mux:Mux1|mux_joc:auto_generated|_~55                 ; out0             ;
; |Q|seg7:inst7|lpm_mux:Mux1|mux_joc:auto_generated|_~57                 ; |Q|seg7:inst7|lpm_mux:Mux1|mux_joc:auto_generated|_~57                 ; out0             ;
; |Q|seg7:inst7|lpm_mux:Mux1|mux_joc:auto_generated|_~59                 ; |Q|seg7:inst7|lpm_mux:Mux1|mux_joc:auto_generated|_~59                 ; out0             ;
; |Q|seg7:inst7|lpm_mux:Mux1|mux_joc:auto_generated|_~61                 ; |Q|seg7:inst7|lpm_mux:Mux1|mux_joc:auto_generated|_~61                 ; out0             ;
; |Q|seg7:inst7|lpm_mux:Mux1|mux_joc:auto_generated|_~62                 ; |Q|seg7:inst7|lpm_mux:Mux1|mux_joc:auto_generated|_~62                 ; out0             ;
; |Q|seg7:inst7|lpm_mux:Mux1|mux_joc:auto_generated|_~63                 ; |Q|seg7:inst7|lpm_mux:Mux1|mux_joc:auto_generated|_~63                 ; out0             ;
; |Q|seg7:inst7|lpm_mux:Mux1|mux_joc:auto_generated|_~64                 ; |Q|seg7:inst7|lpm_mux:Mux1|mux_joc:auto_generated|_~64                 ; out0             ;
; |Q|seg7:inst7|lpm_mux:Mux1|mux_joc:auto_generated|_~66                 ; |Q|seg7:inst7|lpm_mux:Mux1|mux_joc:auto_generated|_~66                 ; out0             ;
; |Q|seg7:inst7|lpm_mux:Mux1|mux_joc:auto_generated|_~67                 ; |Q|seg7:inst7|lpm_mux:Mux1|mux_joc:auto_generated|_~67                 ; out0             ;
; |Q|seg7:inst7|lpm_mux:Mux1|mux_joc:auto_generated|_~68                 ; |Q|seg7:inst7|lpm_mux:Mux1|mux_joc:auto_generated|_~68                 ; out0             ;
; |Q|seg7:inst7|lpm_mux:Mux1|mux_joc:auto_generated|result_node[0]~0     ; |Q|seg7:inst7|lpm_mux:Mux1|mux_joc:auto_generated|result_node[0]~0     ; out0             ;
; |Q|seg7:inst7|lpm_mux:Mux1|mux_joc:auto_generated|_~73                 ; |Q|seg7:inst7|lpm_mux:Mux1|mux_joc:auto_generated|_~73                 ; out0             ;
; |Q|seg7:inst7|lpm_mux:Mux1|mux_joc:auto_generated|_~75                 ; |Q|seg7:inst7|lpm_mux:Mux1|mux_joc:auto_generated|_~75                 ; out0             ;
; |Q|seg7:inst7|lpm_mux:Mux1|mux_joc:auto_generated|_~77                 ; |Q|seg7:inst7|lpm_mux:Mux1|mux_joc:auto_generated|_~77                 ; out0             ;
; |Q|seg7:inst7|lpm_mux:Mux1|mux_joc:auto_generated|_~78                 ; |Q|seg7:inst7|lpm_mux:Mux1|mux_joc:auto_generated|_~78                 ; out0             ;
; |Q|seg7:inst7|lpm_mux:Mux1|mux_joc:auto_generated|_~79                 ; |Q|seg7:inst7|lpm_mux:Mux1|mux_joc:auto_generated|_~79                 ; out0             ;
; |Q|seg7:inst7|lpm_mux:Mux1|mux_joc:auto_generated|_~80                 ; |Q|seg7:inst7|lpm_mux:Mux1|mux_joc:auto_generated|_~80                 ; out0             ;
; |Q|seg7:inst7|lpm_mux:Mux1|mux_joc:auto_generated|_~82                 ; |Q|seg7:inst7|lpm_mux:Mux1|mux_joc:auto_generated|_~82                 ; out0             ;
; |Q|seg7:inst7|lpm_mux:Mux1|mux_joc:auto_generated|_~84                 ; |Q|seg7:inst7|lpm_mux:Mux1|mux_joc:auto_generated|_~84                 ; out0             ;
; |Q|seg7:inst7|lpm_mux:Mux1|mux_joc:auto_generated|_~86                 ; |Q|seg7:inst7|lpm_mux:Mux1|mux_joc:auto_generated|_~86                 ; out0             ;
; |Q|seg7:inst7|lpm_mux:Mux1|mux_joc:auto_generated|_~87                 ; |Q|seg7:inst7|lpm_mux:Mux1|mux_joc:auto_generated|_~87                 ; out0             ;
; |Q|seg7:inst7|lpm_mux:Mux1|mux_joc:auto_generated|_~88                 ; |Q|seg7:inst7|lpm_mux:Mux1|mux_joc:auto_generated|_~88                 ; out0             ;
; |Q|seg7:inst7|lpm_mux:Mux1|mux_joc:auto_generated|_~89                 ; |Q|seg7:inst7|lpm_mux:Mux1|mux_joc:auto_generated|_~89                 ; out0             ;
; |Q|seg7:inst7|lpm_mux:Mux1|mux_joc:auto_generated|_~90                 ; |Q|seg7:inst7|lpm_mux:Mux1|mux_joc:auto_generated|_~90                 ; out0             ;
; |Q|seg7:inst7|lpm_mux:Mux1|mux_joc:auto_generated|_~93                 ; |Q|seg7:inst7|lpm_mux:Mux1|mux_joc:auto_generated|_~93                 ; out0             ;
; |Q|seg7:inst7|lpm_mux:Mux1|mux_joc:auto_generated|_~95                 ; |Q|seg7:inst7|lpm_mux:Mux1|mux_joc:auto_generated|_~95                 ; out0             ;
; |Q|seg7:inst7|lpm_mux:Mux1|mux_joc:auto_generated|_~98                 ; |Q|seg7:inst7|lpm_mux:Mux1|mux_joc:auto_generated|_~98                 ; out0             ;
; |Q|seg7:inst7|lpm_mux:Mux1|mux_joc:auto_generated|_~100                ; |Q|seg7:inst7|lpm_mux:Mux1|mux_joc:auto_generated|_~100                ; out0             ;
; |Q|seg7:inst7|lpm_mux:Mux1|mux_joc:auto_generated|_~102                ; |Q|seg7:inst7|lpm_mux:Mux1|mux_joc:auto_generated|_~102                ; out0             ;
; |Q|seg7:inst7|lpm_mux:Mux1|mux_joc:auto_generated|_~103                ; |Q|seg7:inst7|lpm_mux:Mux1|mux_joc:auto_generated|_~103                ; out0             ;
; |Q|seg7:inst7|lpm_mux:Mux1|mux_joc:auto_generated|_~104                ; |Q|seg7:inst7|lpm_mux:Mux1|mux_joc:auto_generated|_~104                ; out0             ;
; |Q|seg7:inst7|lpm_mux:Mux1|mux_joc:auto_generated|_~105                ; |Q|seg7:inst7|lpm_mux:Mux1|mux_joc:auto_generated|_~105                ; out0             ;
; |Q|seg7:inst7|lpm_mux:Mux1|mux_joc:auto_generated|_~107                ; |Q|seg7:inst7|lpm_mux:Mux1|mux_joc:auto_generated|_~107                ; out0             ;
; |Q|seg7:inst7|lpm_mux:Mux1|mux_joc:auto_generated|_~109                ; |Q|seg7:inst7|lpm_mux:Mux1|mux_joc:auto_generated|_~109                ; out0             ;
; |Q|seg7:inst7|lpm_mux:Mux1|mux_joc:auto_generated|_~111                ; |Q|seg7:inst7|lpm_mux:Mux1|mux_joc:auto_generated|_~111                ; out0             ;
; |Q|seg7:inst7|lpm_mux:Mux1|mux_joc:auto_generated|_~112                ; |Q|seg7:inst7|lpm_mux:Mux1|mux_joc:auto_generated|_~112                ; out0             ;
; |Q|seg7:inst7|lpm_mux:Mux1|mux_joc:auto_generated|_~113                ; |Q|seg7:inst7|lpm_mux:Mux1|mux_joc:auto_generated|_~113                ; out0             ;
; |Q|seg7:inst7|lpm_mux:Mux1|mux_joc:auto_generated|_~114                ; |Q|seg7:inst7|lpm_mux:Mux1|mux_joc:auto_generated|_~114                ; out0             ;
; |Q|seg7:inst7|lpm_mux:Mux1|mux_joc:auto_generated|_~116                ; |Q|seg7:inst7|lpm_mux:Mux1|mux_joc:auto_generated|_~116                ; out0             ;
; |Q|seg7:inst7|lpm_mux:Mux1|mux_joc:auto_generated|_~117                ; |Q|seg7:inst7|lpm_mux:Mux1|mux_joc:auto_generated|_~117                ; out0             ;
; |Q|seg7:inst7|lpm_mux:Mux1|mux_joc:auto_generated|_~118                ; |Q|seg7:inst7|lpm_mux:Mux1|mux_joc:auto_generated|_~118                ; out0             ;
; |Q|seg7:inst7|lpm_mux:Mux1|mux_joc:auto_generated|_~122                ; |Q|seg7:inst7|lpm_mux:Mux1|mux_joc:auto_generated|_~122                ; out0             ;
; |Q|seg7:inst7|lpm_mux:Mux1|mux_joc:auto_generated|_~123                ; |Q|seg7:inst7|lpm_mux:Mux1|mux_joc:auto_generated|_~123                ; out0             ;
; |Q|seg7:inst7|lpm_mux:Mux1|mux_joc:auto_generated|_~124                ; |Q|seg7:inst7|lpm_mux:Mux1|mux_joc:auto_generated|_~124                ; out0             ;
; |Q|seg7:inst7|lpm_mux:Mux1|mux_joc:auto_generated|_~125                ; |Q|seg7:inst7|lpm_mux:Mux1|mux_joc:auto_generated|_~125                ; out0             ;
; |Q|seg7:inst7|lpm_mux:Mux1|mux_joc:auto_generated|_~127                ; |Q|seg7:inst7|lpm_mux:Mux1|mux_joc:auto_generated|_~127                ; out0             ;
; |Q|seg7:inst7|lpm_mux:Mux1|mux_joc:auto_generated|_~128                ; |Q|seg7:inst7|lpm_mux:Mux1|mux_joc:auto_generated|_~128                ; out0             ;
; |Q|seg7:inst7|lpm_mux:Mux1|mux_joc:auto_generated|_~129                ; |Q|seg7:inst7|lpm_mux:Mux1|mux_joc:auto_generated|_~129                ; out0             ;
; |Q|seg7:inst7|lpm_mux:Mux1|mux_joc:auto_generated|_~131                ; |Q|seg7:inst7|lpm_mux:Mux1|mux_joc:auto_generated|_~131                ; out0             ;
; |Q|seg7:inst7|lpm_mux:Mux1|mux_joc:auto_generated|_~132                ; |Q|seg7:inst7|lpm_mux:Mux1|mux_joc:auto_generated|_~132                ; out0             ;
; |Q|seg7:inst7|lpm_mux:Mux1|mux_joc:auto_generated|_~133                ; |Q|seg7:inst7|lpm_mux:Mux1|mux_joc:auto_generated|_~133                ; out0             ;
; |Q|seg7:inst7|lpm_mux:Mux1|mux_joc:auto_generated|_~134                ; |Q|seg7:inst7|lpm_mux:Mux1|mux_joc:auto_generated|_~134                ; out0             ;
; |Q|seg7:inst7|lpm_mux:Mux1|mux_joc:auto_generated|_~136                ; |Q|seg7:inst7|lpm_mux:Mux1|mux_joc:auto_generated|_~136                ; out0             ;
; |Q|seg7:inst7|lpm_mux:Mux1|mux_joc:auto_generated|_~137                ; |Q|seg7:inst7|lpm_mux:Mux1|mux_joc:auto_generated|_~137                ; out0             ;
; |Q|seg7:inst7|lpm_mux:Mux1|mux_joc:auto_generated|_~138                ; |Q|seg7:inst7|lpm_mux:Mux1|mux_joc:auto_generated|_~138                ; out0             ;
; |Q|seg7:inst7|lpm_mux:Mux1|mux_joc:auto_generated|_~140                ; |Q|seg7:inst7|lpm_mux:Mux1|mux_joc:auto_generated|_~140                ; out0             ;
; |Q|seg7:inst7|lpm_mux:Mux1|mux_joc:auto_generated|_~141                ; |Q|seg7:inst7|lpm_mux:Mux1|mux_joc:auto_generated|_~141                ; out0             ;
; |Q|seg7:inst7|lpm_mux:Mux1|mux_joc:auto_generated|_~142                ; |Q|seg7:inst7|lpm_mux:Mux1|mux_joc:auto_generated|_~142                ; out0             ;
; |Q|seg7:inst7|lpm_mux:Mux1|mux_joc:auto_generated|_~143                ; |Q|seg7:inst7|lpm_mux:Mux1|mux_joc:auto_generated|_~143                ; out0             ;
; |Q|seg7:inst7|lpm_mux:Mux1|mux_joc:auto_generated|result_node[0]       ; |Q|seg7:inst7|lpm_mux:Mux1|mux_joc:auto_generated|result_node[0]       ; out0             ;
; |Q|seg7:inst7|lpm_mux:Mux0|mux_joc:auto_generated|_~1                  ; |Q|seg7:inst7|lpm_mux:Mux0|mux_joc:auto_generated|_~1                  ; out0             ;
; |Q|seg7:inst7|lpm_mux:Mux0|mux_joc:auto_generated|_~2                  ; |Q|seg7:inst7|lpm_mux:Mux0|mux_joc:auto_generated|_~2                  ; out0             ;
; |Q|seg7:inst7|lpm_mux:Mux0|mux_joc:auto_generated|_~3                  ; |Q|seg7:inst7|lpm_mux:Mux0|mux_joc:auto_generated|_~3                  ; out0             ;
; |Q|seg7:inst7|lpm_mux:Mux0|mux_joc:auto_generated|_~4                  ; |Q|seg7:inst7|lpm_mux:Mux0|mux_joc:auto_generated|_~4                  ; out0             ;
; |Q|seg7:inst7|lpm_mux:Mux0|mux_joc:auto_generated|_~5                  ; |Q|seg7:inst7|lpm_mux:Mux0|mux_joc:auto_generated|_~5                  ; out0             ;
; |Q|seg7:inst7|lpm_mux:Mux0|mux_joc:auto_generated|_~6                  ; |Q|seg7:inst7|lpm_mux:Mux0|mux_joc:auto_generated|_~6                  ; out0             ;
; |Q|seg7:inst7|lpm_mux:Mux0|mux_joc:auto_generated|_~7                  ; |Q|seg7:inst7|lpm_mux:Mux0|mux_joc:auto_generated|_~7                  ; out0             ;
; |Q|seg7:inst7|lpm_mux:Mux0|mux_joc:auto_generated|_~8                  ; |Q|seg7:inst7|lpm_mux:Mux0|mux_joc:auto_generated|_~8                  ; out0             ;
; |Q|seg7:inst7|lpm_mux:Mux0|mux_joc:auto_generated|_~10                 ; |Q|seg7:inst7|lpm_mux:Mux0|mux_joc:auto_generated|_~10                 ; out0             ;
; |Q|seg7:inst7|lpm_mux:Mux0|mux_joc:auto_generated|_~11                 ; |Q|seg7:inst7|lpm_mux:Mux0|mux_joc:auto_generated|_~11                 ; out0             ;
; |Q|seg7:inst7|lpm_mux:Mux0|mux_joc:auto_generated|_~12                 ; |Q|seg7:inst7|lpm_mux:Mux0|mux_joc:auto_generated|_~12                 ; out0             ;
; |Q|seg7:inst7|lpm_mux:Mux0|mux_joc:auto_generated|_~13                 ; |Q|seg7:inst7|lpm_mux:Mux0|mux_joc:auto_generated|_~13                 ; out0             ;
; |Q|seg7:inst7|lpm_mux:Mux0|mux_joc:auto_generated|_~14                 ; |Q|seg7:inst7|lpm_mux:Mux0|mux_joc:auto_generated|_~14                 ; out0             ;
; |Q|seg7:inst7|lpm_mux:Mux0|mux_joc:auto_generated|_~15                 ; |Q|seg7:inst7|lpm_mux:Mux0|mux_joc:auto_generated|_~15                 ; out0             ;
; |Q|seg7:inst7|lpm_mux:Mux0|mux_joc:auto_generated|_~16                 ; |Q|seg7:inst7|lpm_mux:Mux0|mux_joc:auto_generated|_~16                 ; out0             ;
; |Q|seg7:inst7|lpm_mux:Mux0|mux_joc:auto_generated|_~17                 ; |Q|seg7:inst7|lpm_mux:Mux0|mux_joc:auto_generated|_~17                 ; out0             ;
; |Q|seg7:inst7|lpm_mux:Mux0|mux_joc:auto_generated|_~18                 ; |Q|seg7:inst7|lpm_mux:Mux0|mux_joc:auto_generated|_~18                 ; out0             ;
; |Q|seg7:inst7|lpm_mux:Mux0|mux_joc:auto_generated|_~19                 ; |Q|seg7:inst7|lpm_mux:Mux0|mux_joc:auto_generated|_~19                 ; out0             ;
; |Q|seg7:inst7|lpm_mux:Mux0|mux_joc:auto_generated|_~20                 ; |Q|seg7:inst7|lpm_mux:Mux0|mux_joc:auto_generated|_~20                 ; out0             ;
; |Q|seg7:inst7|lpm_mux:Mux0|mux_joc:auto_generated|_~21                 ; |Q|seg7:inst7|lpm_mux:Mux0|mux_joc:auto_generated|_~21                 ; out0             ;
; |Q|seg7:inst7|lpm_mux:Mux0|mux_joc:auto_generated|_~22                 ; |Q|seg7:inst7|lpm_mux:Mux0|mux_joc:auto_generated|_~22                 ; out0             ;
; |Q|seg7:inst7|lpm_mux:Mux0|mux_joc:auto_generated|_~23                 ; |Q|seg7:inst7|lpm_mux:Mux0|mux_joc:auto_generated|_~23                 ; out0             ;
; |Q|seg7:inst7|lpm_mux:Mux0|mux_joc:auto_generated|_~25                 ; |Q|seg7:inst7|lpm_mux:Mux0|mux_joc:auto_generated|_~25                 ; out0             ;
; |Q|seg7:inst7|lpm_mux:Mux0|mux_joc:auto_generated|_~27                 ; |Q|seg7:inst7|lpm_mux:Mux0|mux_joc:auto_generated|_~27                 ; out0             ;
; |Q|seg7:inst7|lpm_mux:Mux0|mux_joc:auto_generated|_~28                 ; |Q|seg7:inst7|lpm_mux:Mux0|mux_joc:auto_generated|_~28                 ; out0             ;
; |Q|seg7:inst7|lpm_mux:Mux0|mux_joc:auto_generated|_~29                 ; |Q|seg7:inst7|lpm_mux:Mux0|mux_joc:auto_generated|_~29                 ; out0             ;
; |Q|seg7:inst7|lpm_mux:Mux0|mux_joc:auto_generated|_~30                 ; |Q|seg7:inst7|lpm_mux:Mux0|mux_joc:auto_generated|_~30                 ; out0             ;
; |Q|seg7:inst7|lpm_mux:Mux0|mux_joc:auto_generated|_~31                 ; |Q|seg7:inst7|lpm_mux:Mux0|mux_joc:auto_generated|_~31                 ; out0             ;
; |Q|seg7:inst7|lpm_mux:Mux0|mux_joc:auto_generated|_~32                 ; |Q|seg7:inst7|lpm_mux:Mux0|mux_joc:auto_generated|_~32                 ; out0             ;
; |Q|seg7:inst7|lpm_mux:Mux0|mux_joc:auto_generated|_~34                 ; |Q|seg7:inst7|lpm_mux:Mux0|mux_joc:auto_generated|_~34                 ; out0             ;
; |Q|seg7:inst7|lpm_mux:Mux0|mux_joc:auto_generated|_~36                 ; |Q|seg7:inst7|lpm_mux:Mux0|mux_joc:auto_generated|_~36                 ; out0             ;
; |Q|seg7:inst7|lpm_mux:Mux0|mux_joc:auto_generated|_~37                 ; |Q|seg7:inst7|lpm_mux:Mux0|mux_joc:auto_generated|_~37                 ; out0             ;
; |Q|seg7:inst7|lpm_mux:Mux0|mux_joc:auto_generated|_~38                 ; |Q|seg7:inst7|lpm_mux:Mux0|mux_joc:auto_generated|_~38                 ; out0             ;
; |Q|seg7:inst7|lpm_mux:Mux0|mux_joc:auto_generated|_~39                 ; |Q|seg7:inst7|lpm_mux:Mux0|mux_joc:auto_generated|_~39                 ; out0             ;
; |Q|seg7:inst7|lpm_mux:Mux0|mux_joc:auto_generated|_~40                 ; |Q|seg7:inst7|lpm_mux:Mux0|mux_joc:auto_generated|_~40                 ; out0             ;
; |Q|seg7:inst7|lpm_mux:Mux0|mux_joc:auto_generated|_~42                 ; |Q|seg7:inst7|lpm_mux:Mux0|mux_joc:auto_generated|_~42                 ; out0             ;
; |Q|seg7:inst7|lpm_mux:Mux0|mux_joc:auto_generated|_~43                 ; |Q|seg7:inst7|lpm_mux:Mux0|mux_joc:auto_generated|_~43                 ; out0             ;
; |Q|seg7:inst7|lpm_mux:Mux0|mux_joc:auto_generated|_~44                 ; |Q|seg7:inst7|lpm_mux:Mux0|mux_joc:auto_generated|_~44                 ; out0             ;
; |Q|seg7:inst7|lpm_mux:Mux0|mux_joc:auto_generated|_~45                 ; |Q|seg7:inst7|lpm_mux:Mux0|mux_joc:auto_generated|_~45                 ; out0             ;
; |Q|seg7:inst7|lpm_mux:Mux0|mux_joc:auto_generated|_~46                 ; |Q|seg7:inst7|lpm_mux:Mux0|mux_joc:auto_generated|_~46                 ; out0             ;
; |Q|seg7:inst7|lpm_mux:Mux0|mux_joc:auto_generated|_~48                 ; |Q|seg7:inst7|lpm_mux:Mux0|mux_joc:auto_generated|_~48                 ; out0             ;
; |Q|seg7:inst7|lpm_mux:Mux0|mux_joc:auto_generated|_~50                 ; |Q|seg7:inst7|lpm_mux:Mux0|mux_joc:auto_generated|_~50                 ; out0             ;
; |Q|seg7:inst7|lpm_mux:Mux0|mux_joc:auto_generated|_~52                 ; |Q|seg7:inst7|lpm_mux:Mux0|mux_joc:auto_generated|_~52                 ; out0             ;
; |Q|seg7:inst7|lpm_mux:Mux0|mux_joc:auto_generated|_~53                 ; |Q|seg7:inst7|lpm_mux:Mux0|mux_joc:auto_generated|_~53                 ; out0             ;
; |Q|seg7:inst7|lpm_mux:Mux0|mux_joc:auto_generated|_~54                 ; |Q|seg7:inst7|lpm_mux:Mux0|mux_joc:auto_generated|_~54                 ; out0             ;
; |Q|seg7:inst7|lpm_mux:Mux0|mux_joc:auto_generated|_~55                 ; |Q|seg7:inst7|lpm_mux:Mux0|mux_joc:auto_generated|_~55                 ; out0             ;
; |Q|seg7:inst7|lpm_mux:Mux0|mux_joc:auto_generated|_~57                 ; |Q|seg7:inst7|lpm_mux:Mux0|mux_joc:auto_generated|_~57                 ; out0             ;
; |Q|seg7:inst7|lpm_mux:Mux0|mux_joc:auto_generated|_~59                 ; |Q|seg7:inst7|lpm_mux:Mux0|mux_joc:auto_generated|_~59                 ; out0             ;
; |Q|seg7:inst7|lpm_mux:Mux0|mux_joc:auto_generated|_~61                 ; |Q|seg7:inst7|lpm_mux:Mux0|mux_joc:auto_generated|_~61                 ; out0             ;
; |Q|seg7:inst7|lpm_mux:Mux0|mux_joc:auto_generated|_~62                 ; |Q|seg7:inst7|lpm_mux:Mux0|mux_joc:auto_generated|_~62                 ; out0             ;
; |Q|seg7:inst7|lpm_mux:Mux0|mux_joc:auto_generated|_~63                 ; |Q|seg7:inst7|lpm_mux:Mux0|mux_joc:auto_generated|_~63                 ; out0             ;
; |Q|seg7:inst7|lpm_mux:Mux0|mux_joc:auto_generated|_~64                 ; |Q|seg7:inst7|lpm_mux:Mux0|mux_joc:auto_generated|_~64                 ; out0             ;
; |Q|seg7:inst7|lpm_mux:Mux0|mux_joc:auto_generated|_~66                 ; |Q|seg7:inst7|lpm_mux:Mux0|mux_joc:auto_generated|_~66                 ; out0             ;
; |Q|seg7:inst7|lpm_mux:Mux0|mux_joc:auto_generated|_~67                 ; |Q|seg7:inst7|lpm_mux:Mux0|mux_joc:auto_generated|_~67                 ; out0             ;
; |Q|seg7:inst7|lpm_mux:Mux0|mux_joc:auto_generated|_~68                 ; |Q|seg7:inst7|lpm_mux:Mux0|mux_joc:auto_generated|_~68                 ; out0             ;
; |Q|seg7:inst7|lpm_mux:Mux0|mux_joc:auto_generated|_~70                 ; |Q|seg7:inst7|lpm_mux:Mux0|mux_joc:auto_generated|_~70                 ; out0             ;
; |Q|seg7:inst7|lpm_mux:Mux0|mux_joc:auto_generated|_~71                 ; |Q|seg7:inst7|lpm_mux:Mux0|mux_joc:auto_generated|_~71                 ; out0             ;
; |Q|seg7:inst7|lpm_mux:Mux0|mux_joc:auto_generated|result_node[0]~0     ; |Q|seg7:inst7|lpm_mux:Mux0|mux_joc:auto_generated|result_node[0]~0     ; out0             ;
; |Q|seg7:inst7|lpm_mux:Mux0|mux_joc:auto_generated|_~72                 ; |Q|seg7:inst7|lpm_mux:Mux0|mux_joc:auto_generated|_~72                 ; out0             ;
; |Q|seg7:inst7|lpm_mux:Mux0|mux_joc:auto_generated|_~73                 ; |Q|seg7:inst7|lpm_mux:Mux0|mux_joc:auto_generated|_~73                 ; out0             ;
; |Q|seg7:inst7|lpm_mux:Mux0|mux_joc:auto_generated|_~75                 ; |Q|seg7:inst7|lpm_mux:Mux0|mux_joc:auto_generated|_~75                 ; out0             ;
; |Q|seg7:inst7|lpm_mux:Mux0|mux_joc:auto_generated|_~77                 ; |Q|seg7:inst7|lpm_mux:Mux0|mux_joc:auto_generated|_~77                 ; out0             ;
; |Q|seg7:inst7|lpm_mux:Mux0|mux_joc:auto_generated|_~78                 ; |Q|seg7:inst7|lpm_mux:Mux0|mux_joc:auto_generated|_~78                 ; out0             ;
; |Q|seg7:inst7|lpm_mux:Mux0|mux_joc:auto_generated|_~79                 ; |Q|seg7:inst7|lpm_mux:Mux0|mux_joc:auto_generated|_~79                 ; out0             ;
; |Q|seg7:inst7|lpm_mux:Mux0|mux_joc:auto_generated|_~80                 ; |Q|seg7:inst7|lpm_mux:Mux0|mux_joc:auto_generated|_~80                 ; out0             ;
; |Q|seg7:inst7|lpm_mux:Mux0|mux_joc:auto_generated|_~81                 ; |Q|seg7:inst7|lpm_mux:Mux0|mux_joc:auto_generated|_~81                 ; out0             ;
; |Q|seg7:inst7|lpm_mux:Mux0|mux_joc:auto_generated|_~82                 ; |Q|seg7:inst7|lpm_mux:Mux0|mux_joc:auto_generated|_~82                 ; out0             ;
; |Q|seg7:inst7|lpm_mux:Mux0|mux_joc:auto_generated|_~84                 ; |Q|seg7:inst7|lpm_mux:Mux0|mux_joc:auto_generated|_~84                 ; out0             ;
; |Q|seg7:inst7|lpm_mux:Mux0|mux_joc:auto_generated|_~86                 ; |Q|seg7:inst7|lpm_mux:Mux0|mux_joc:auto_generated|_~86                 ; out0             ;
; |Q|seg7:inst7|lpm_mux:Mux0|mux_joc:auto_generated|_~87                 ; |Q|seg7:inst7|lpm_mux:Mux0|mux_joc:auto_generated|_~87                 ; out0             ;
; |Q|seg7:inst7|lpm_mux:Mux0|mux_joc:auto_generated|_~88                 ; |Q|seg7:inst7|lpm_mux:Mux0|mux_joc:auto_generated|_~88                 ; out0             ;
; |Q|seg7:inst7|lpm_mux:Mux0|mux_joc:auto_generated|_~89                 ; |Q|seg7:inst7|lpm_mux:Mux0|mux_joc:auto_generated|_~89                 ; out0             ;
; |Q|seg7:inst7|lpm_mux:Mux0|mux_joc:auto_generated|_~90                 ; |Q|seg7:inst7|lpm_mux:Mux0|mux_joc:auto_generated|_~90                 ; out0             ;
; |Q|seg7:inst7|lpm_mux:Mux0|mux_joc:auto_generated|_~92                 ; |Q|seg7:inst7|lpm_mux:Mux0|mux_joc:auto_generated|_~92                 ; out0             ;
; |Q|seg7:inst7|lpm_mux:Mux0|mux_joc:auto_generated|_~93                 ; |Q|seg7:inst7|lpm_mux:Mux0|mux_joc:auto_generated|_~93                 ; out0             ;
; |Q|seg7:inst7|lpm_mux:Mux0|mux_joc:auto_generated|_~94                 ; |Q|seg7:inst7|lpm_mux:Mux0|mux_joc:auto_generated|_~94                 ; out0             ;
; |Q|seg7:inst7|lpm_mux:Mux0|mux_joc:auto_generated|_~95                 ; |Q|seg7:inst7|lpm_mux:Mux0|mux_joc:auto_generated|_~95                 ; out0             ;
; |Q|seg7:inst7|lpm_mux:Mux0|mux_joc:auto_generated|_~96                 ; |Q|seg7:inst7|lpm_mux:Mux0|mux_joc:auto_generated|_~96                 ; out0             ;
; |Q|seg7:inst7|lpm_mux:Mux0|mux_joc:auto_generated|_~98                 ; |Q|seg7:inst7|lpm_mux:Mux0|mux_joc:auto_generated|_~98                 ; out0             ;
; |Q|seg7:inst7|lpm_mux:Mux0|mux_joc:auto_generated|_~100                ; |Q|seg7:inst7|lpm_mux:Mux0|mux_joc:auto_generated|_~100                ; out0             ;
; |Q|seg7:inst7|lpm_mux:Mux0|mux_joc:auto_generated|_~102                ; |Q|seg7:inst7|lpm_mux:Mux0|mux_joc:auto_generated|_~102                ; out0             ;
; |Q|seg7:inst7|lpm_mux:Mux0|mux_joc:auto_generated|_~103                ; |Q|seg7:inst7|lpm_mux:Mux0|mux_joc:auto_generated|_~103                ; out0             ;
; |Q|seg7:inst7|lpm_mux:Mux0|mux_joc:auto_generated|_~104                ; |Q|seg7:inst7|lpm_mux:Mux0|mux_joc:auto_generated|_~104                ; out0             ;
; |Q|seg7:inst7|lpm_mux:Mux0|mux_joc:auto_generated|_~105                ; |Q|seg7:inst7|lpm_mux:Mux0|mux_joc:auto_generated|_~105                ; out0             ;
; |Q|seg7:inst7|lpm_mux:Mux0|mux_joc:auto_generated|_~107                ; |Q|seg7:inst7|lpm_mux:Mux0|mux_joc:auto_generated|_~107                ; out0             ;
; |Q|seg7:inst7|lpm_mux:Mux0|mux_joc:auto_generated|_~109                ; |Q|seg7:inst7|lpm_mux:Mux0|mux_joc:auto_generated|_~109                ; out0             ;
; |Q|seg7:inst7|lpm_mux:Mux0|mux_joc:auto_generated|_~111                ; |Q|seg7:inst7|lpm_mux:Mux0|mux_joc:auto_generated|_~111                ; out0             ;
; |Q|seg7:inst7|lpm_mux:Mux0|mux_joc:auto_generated|_~112                ; |Q|seg7:inst7|lpm_mux:Mux0|mux_joc:auto_generated|_~112                ; out0             ;
; |Q|seg7:inst7|lpm_mux:Mux0|mux_joc:auto_generated|_~113                ; |Q|seg7:inst7|lpm_mux:Mux0|mux_joc:auto_generated|_~113                ; out0             ;
; |Q|seg7:inst7|lpm_mux:Mux0|mux_joc:auto_generated|_~114                ; |Q|seg7:inst7|lpm_mux:Mux0|mux_joc:auto_generated|_~114                ; out0             ;
; |Q|seg7:inst7|lpm_mux:Mux0|mux_joc:auto_generated|_~116                ; |Q|seg7:inst7|lpm_mux:Mux0|mux_joc:auto_generated|_~116                ; out0             ;
; |Q|seg7:inst7|lpm_mux:Mux0|mux_joc:auto_generated|_~117                ; |Q|seg7:inst7|lpm_mux:Mux0|mux_joc:auto_generated|_~117                ; out0             ;
; |Q|seg7:inst7|lpm_mux:Mux0|mux_joc:auto_generated|_~118                ; |Q|seg7:inst7|lpm_mux:Mux0|mux_joc:auto_generated|_~118                ; out0             ;
; |Q|seg7:inst7|lpm_mux:Mux0|mux_joc:auto_generated|_~120                ; |Q|seg7:inst7|lpm_mux:Mux0|mux_joc:auto_generated|_~120                ; out0             ;
; |Q|seg7:inst7|lpm_mux:Mux0|mux_joc:auto_generated|_~121                ; |Q|seg7:inst7|lpm_mux:Mux0|mux_joc:auto_generated|_~121                ; out0             ;
; |Q|seg7:inst7|lpm_mux:Mux0|mux_joc:auto_generated|_~122                ; |Q|seg7:inst7|lpm_mux:Mux0|mux_joc:auto_generated|_~122                ; out0             ;
; |Q|seg7:inst7|lpm_mux:Mux0|mux_joc:auto_generated|_~124                ; |Q|seg7:inst7|lpm_mux:Mux0|mux_joc:auto_generated|_~124                ; out0             ;
; |Q|seg7:inst7|lpm_mux:Mux0|mux_joc:auto_generated|_~126                ; |Q|seg7:inst7|lpm_mux:Mux0|mux_joc:auto_generated|_~126                ; out0             ;
; |Q|seg7:inst7|lpm_mux:Mux0|mux_joc:auto_generated|_~127                ; |Q|seg7:inst7|lpm_mux:Mux0|mux_joc:auto_generated|_~127                ; out0             ;
; |Q|seg7:inst7|lpm_mux:Mux0|mux_joc:auto_generated|_~128                ; |Q|seg7:inst7|lpm_mux:Mux0|mux_joc:auto_generated|_~128                ; out0             ;
; |Q|seg7:inst7|lpm_mux:Mux0|mux_joc:auto_generated|_~129                ; |Q|seg7:inst7|lpm_mux:Mux0|mux_joc:auto_generated|_~129                ; out0             ;
; |Q|seg7:inst7|lpm_mux:Mux0|mux_joc:auto_generated|_~130                ; |Q|seg7:inst7|lpm_mux:Mux0|mux_joc:auto_generated|_~130                ; out0             ;
; |Q|seg7:inst7|lpm_mux:Mux0|mux_joc:auto_generated|_~131                ; |Q|seg7:inst7|lpm_mux:Mux0|mux_joc:auto_generated|_~131                ; out0             ;
; |Q|seg7:inst7|lpm_mux:Mux0|mux_joc:auto_generated|_~133                ; |Q|seg7:inst7|lpm_mux:Mux0|mux_joc:auto_generated|_~133                ; out0             ;
; |Q|seg7:inst7|lpm_mux:Mux0|mux_joc:auto_generated|_~135                ; |Q|seg7:inst7|lpm_mux:Mux0|mux_joc:auto_generated|_~135                ; out0             ;
; |Q|seg7:inst7|lpm_mux:Mux0|mux_joc:auto_generated|_~136                ; |Q|seg7:inst7|lpm_mux:Mux0|mux_joc:auto_generated|_~136                ; out0             ;
; |Q|seg7:inst7|lpm_mux:Mux0|mux_joc:auto_generated|_~137                ; |Q|seg7:inst7|lpm_mux:Mux0|mux_joc:auto_generated|_~137                ; out0             ;
; |Q|seg7:inst7|lpm_mux:Mux0|mux_joc:auto_generated|_~138                ; |Q|seg7:inst7|lpm_mux:Mux0|mux_joc:auto_generated|_~138                ; out0             ;
; |Q|seg7:inst7|lpm_mux:Mux0|mux_joc:auto_generated|_~139                ; |Q|seg7:inst7|lpm_mux:Mux0|mux_joc:auto_generated|_~139                ; out0             ;
; |Q|seg7:inst7|lpm_mux:Mux0|mux_joc:auto_generated|_~141                ; |Q|seg7:inst7|lpm_mux:Mux0|mux_joc:auto_generated|_~141                ; out0             ;
; |Q|seg7:inst7|lpm_mux:Mux0|mux_joc:auto_generated|_~142                ; |Q|seg7:inst7|lpm_mux:Mux0|mux_joc:auto_generated|_~142                ; out0             ;
; |Q|seg7:inst7|lpm_mux:Mux0|mux_joc:auto_generated|_~143                ; |Q|seg7:inst7|lpm_mux:Mux0|mux_joc:auto_generated|_~143                ; out0             ;
; |Q|seg7:inst7|lpm_mux:Mux0|mux_joc:auto_generated|result_node[0]~1     ; |Q|seg7:inst7|lpm_mux:Mux0|mux_joc:auto_generated|result_node[0]~1     ; out0             ;
; |Q|seg7:inst7|lpm_mux:Mux0|mux_joc:auto_generated|result_node[0]       ; |Q|seg7:inst7|lpm_mux:Mux0|mux_joc:auto_generated|result_node[0]       ; out0             ;
+------------------------------------------------------------------------+------------------------------------------------------------------------+------------------+


The following table displays output ports that do not toggle to 1 during simulation.
+------------------------------------------------------------------------------------------------------------------------------------------------------------------+
; Missing 1-Value Coverage                                                                                                                                         ;
+-----------------------------------------------------------------------+-----------------------------------------------------------------------+------------------+
; Node Name                                                             ; Output Port Name                                                      ; Output Port Type ;
+-----------------------------------------------------------------------+-----------------------------------------------------------------------+------------------+
; |Q|FSM_Reset                                                          ; |Q|FSM_Reset                                                          ; out              ;
; |Q|Enable_Decoder                                                     ; |Q|Enable_Decoder                                                     ; out              ;
; |Q|R_first_four[1]                                                    ; |Q|R_first_four[1]                                                    ; pin_out          ;
; |Q|R_first_four[2]                                                    ; |Q|R_first_four[2]                                                    ; pin_out          ;
; |Q|R_first_four[5]                                                    ; |Q|R_first_four[5]                                                    ; pin_out          ;
; |Q|Reset_A                                                            ; |Q|Reset_A                                                            ; out              ;
; |Q|A[7]                                                               ; |Q|A[7]                                                               ; out              ;
; |Q|A[6]                                                               ; |Q|A[6]                                                               ; out              ;
; |Q|A[5]                                                               ; |Q|A[5]                                                               ; out              ;
; |Q|A[4]                                                               ; |Q|A[4]                                                               ; out              ;
; |Q|A[3]                                                               ; |Q|A[3]                                                               ; out              ;
; |Q|A[2]                                                               ; |Q|A[2]                                                               ; out              ;
; |Q|A[1]                                                               ; |Q|A[1]                                                               ; out              ;
; |Q|A[0]                                                               ; |Q|A[0]                                                               ; out              ;
; |Q|register1:inst2|Q[7]                                               ; |Q|register1:inst2|Q[7]                                               ; regout           ;
; |Q|register1:inst2|Q[5]                                               ; |Q|register1:inst2|Q[5]                                               ; regout           ;
; |Q|register1:inst2|Q[2]                                               ; |Q|register1:inst2|Q[2]                                               ; regout           ;
; |Q|register1:inst2|Q[1]                                               ; |Q|register1:inst2|Q[1]                                               ; regout           ;
; |Q|register1:inst2|Q[0]                                               ; |Q|register1:inst2|Q[0]                                               ; regout           ;
; |Q|machine:inst6|yfsm~1                                               ; |Q|machine:inst6|yfsm~1                                               ; out0             ;
; |Q|machine:inst6|yfsm~9                                               ; |Q|machine:inst6|yfsm~9                                               ; out0             ;
; |Q|machine:inst6|Selector0~4                                          ; |Q|machine:inst6|Selector0~4                                          ; out0             ;
; |Q|machine:inst6|Selector1~1                                          ; |Q|machine:inst6|Selector1~1                                          ; out0             ;
; |Q|machine:inst6|Selector2~1                                          ; |Q|machine:inst6|Selector2~1                                          ; out0             ;
; |Q|machine:inst6|Selector3~1                                          ; |Q|machine:inst6|Selector3~1                                          ; out0             ;
; |Q|machine:inst6|Selector4~1                                          ; |Q|machine:inst6|Selector4~1                                          ; out0             ;
; |Q|machine:inst6|Selector5~1                                          ; |Q|machine:inst6|Selector5~1                                          ; out0             ;
; |Q|machine:inst6|Selector6~1                                          ; |Q|machine:inst6|Selector6~1                                          ; out0             ;
; |Q|machine:inst6|Selector7~1                                          ; |Q|machine:inst6|Selector7~1                                          ; out0             ;
; |Q|ALU_unit3:inst|LessThan0~0                                         ; |Q|ALU_unit3:inst|LessThan0~0                                         ; out0             ;
; |Q|ALU_unit3:inst|LessThan0~1                                         ; |Q|ALU_unit3:inst|LessThan0~1                                         ; out0             ;
; |Q|ALU_unit3:inst|LessThan0~2                                         ; |Q|ALU_unit3:inst|LessThan0~2                                         ; out0             ;
; |Q|ALU_unit3:inst|LessThan0~4                                         ; |Q|ALU_unit3:inst|LessThan0~4                                         ; out0             ;
; |Q|ALU_unit3:inst|LessThan0~5                                         ; |Q|ALU_unit3:inst|LessThan0~5                                         ; out0             ;
; |Q|ALU_unit3:inst|LessThan0~6                                         ; |Q|ALU_unit3:inst|LessThan0~6                                         ; out0             ;
; |Q|ALU_unit3:inst|LessThan0~8                                         ; |Q|ALU_unit3:inst|LessThan0~8                                         ; out0             ;
; |Q|ALU_unit3:inst|LessThan0~12                                        ; |Q|ALU_unit3:inst|LessThan0~12                                        ; out0             ;
; |Q|ALU_unit3:inst|LessThan1~1                                         ; |Q|ALU_unit3:inst|LessThan1~1                                         ; out0             ;
; |Q|ALU_unit3:inst|LessThan1~9                                         ; |Q|ALU_unit3:inst|LessThan1~9                                         ; out0             ;
; |Q|dec3to8:inst1|lpm_mux:Mux7|mux_joc:auto_generated|_~0              ; |Q|dec3to8:inst1|lpm_mux:Mux7|mux_joc:auto_generated|_~0              ; out0             ;
; |Q|dec3to8:inst1|lpm_mux:Mux7|mux_joc:auto_generated|_~2              ; |Q|dec3to8:inst1|lpm_mux:Mux7|mux_joc:auto_generated|_~2              ; out0             ;
; |Q|dec3to8:inst1|lpm_mux:Mux7|mux_joc:auto_generated|_~4              ; |Q|dec3to8:inst1|lpm_mux:Mux7|mux_joc:auto_generated|_~4              ; out0             ;
; |Q|dec3to8:inst1|lpm_mux:Mux7|mux_joc:auto_generated|_~9              ; |Q|dec3to8:inst1|lpm_mux:Mux7|mux_joc:auto_generated|_~9              ; out0             ;
; |Q|dec3to8:inst1|lpm_mux:Mux7|mux_joc:auto_generated|_~11             ; |Q|dec3to8:inst1|lpm_mux:Mux7|mux_joc:auto_generated|_~11             ; out0             ;
; |Q|dec3to8:inst1|lpm_mux:Mux7|mux_joc:auto_generated|_~13             ; |Q|dec3to8:inst1|lpm_mux:Mux7|mux_joc:auto_generated|_~13             ; out0             ;
; |Q|dec3to8:inst1|lpm_mux:Mux7|mux_joc:auto_generated|_~19             ; |Q|dec3to8:inst1|lpm_mux:Mux7|mux_joc:auto_generated|_~19             ; out0             ;
; |Q|dec3to8:inst1|lpm_mux:Mux7|mux_joc:auto_generated|_~20             ; |Q|dec3to8:inst1|lpm_mux:Mux7|mux_joc:auto_generated|_~20             ; out0             ;
; |Q|dec3to8:inst1|lpm_mux:Mux7|mux_joc:auto_generated|_~21             ; |Q|dec3to8:inst1|lpm_mux:Mux7|mux_joc:auto_generated|_~21             ; out0             ;
; |Q|dec3to8:inst1|lpm_mux:Mux7|mux_joc:auto_generated|_~22             ; |Q|dec3to8:inst1|lpm_mux:Mux7|mux_joc:auto_generated|_~22             ; out0             ;
; |Q|dec3to8:inst1|lpm_mux:Mux7|mux_joc:auto_generated|_~24             ; |Q|dec3to8:inst1|lpm_mux:Mux7|mux_joc:auto_generated|_~24             ; out0             ;
; |Q|dec3to8:inst1|lpm_mux:Mux7|mux_joc:auto_generated|_~26             ; |Q|dec3to8:inst1|lpm_mux:Mux7|mux_joc:auto_generated|_~26             ; out0             ;
; |Q|dec3to8:inst1|lpm_mux:Mux7|mux_joc:auto_generated|_~31             ; |Q|dec3to8:inst1|lpm_mux:Mux7|mux_joc:auto_generated|_~31             ; out0             ;
; |Q|dec3to8:inst1|lpm_mux:Mux7|mux_joc:auto_generated|_~33             ; |Q|dec3to8:inst1|lpm_mux:Mux7|mux_joc:auto_generated|_~33             ; out0             ;
; |Q|dec3to8:inst1|lpm_mux:Mux7|mux_joc:auto_generated|_~35             ; |Q|dec3to8:inst1|lpm_mux:Mux7|mux_joc:auto_generated|_~35             ; out0             ;
; |Q|dec3to8:inst1|lpm_mux:Mux7|mux_joc:auto_generated|_~41             ; |Q|dec3to8:inst1|lpm_mux:Mux7|mux_joc:auto_generated|_~41             ; out0             ;
; |Q|dec3to8:inst1|lpm_mux:Mux7|mux_joc:auto_generated|_~42             ; |Q|dec3to8:inst1|lpm_mux:Mux7|mux_joc:auto_generated|_~42             ; out0             ;
; |Q|dec3to8:inst1|lpm_mux:Mux7|mux_joc:auto_generated|_~43             ; |Q|dec3to8:inst1|lpm_mux:Mux7|mux_joc:auto_generated|_~43             ; out0             ;
; |Q|dec3to8:inst1|lpm_mux:Mux7|mux_joc:auto_generated|_~44             ; |Q|dec3to8:inst1|lpm_mux:Mux7|mux_joc:auto_generated|_~44             ; out0             ;
; |Q|dec3to8:inst1|lpm_mux:Mux7|mux_joc:auto_generated|_~46             ; |Q|dec3to8:inst1|lpm_mux:Mux7|mux_joc:auto_generated|_~46             ; out0             ;
; |Q|dec3to8:inst1|lpm_mux:Mux7|mux_joc:auto_generated|_~47             ; |Q|dec3to8:inst1|lpm_mux:Mux7|mux_joc:auto_generated|_~47             ; out0             ;
; |Q|dec3to8:inst1|lpm_mux:Mux7|mux_joc:auto_generated|_~56             ; |Q|dec3to8:inst1|lpm_mux:Mux7|mux_joc:auto_generated|_~56             ; out0             ;
; |Q|dec3to8:inst1|lpm_mux:Mux7|mux_joc:auto_generated|result_node[0]~0 ; |Q|dec3to8:inst1|lpm_mux:Mux7|mux_joc:auto_generated|result_node[0]~0 ; out0             ;
; |Q|dec3to8:inst1|lpm_mux:Mux7|mux_joc:auto_generated|_~72             ; |Q|dec3to8:inst1|lpm_mux:Mux7|mux_joc:auto_generated|_~72             ; out0             ;
; |Q|dec3to8:inst1|lpm_mux:Mux7|mux_joc:auto_generated|_~74             ; |Q|dec3to8:inst1|lpm_mux:Mux7|mux_joc:auto_generated|_~74             ; out0             ;
; |Q|dec3to8:inst1|lpm_mux:Mux7|mux_joc:auto_generated|_~76             ; |Q|dec3to8:inst1|lpm_mux:Mux7|mux_joc:auto_generated|_~76             ; out0             ;
; |Q|dec3to8:inst1|lpm_mux:Mux7|mux_joc:auto_generated|_~81             ; |Q|dec3to8:inst1|lpm_mux:Mux7|mux_joc:auto_generated|_~81             ; out0             ;
; |Q|dec3to8:inst1|lpm_mux:Mux7|mux_joc:auto_generated|_~83             ; |Q|dec3to8:inst1|lpm_mux:Mux7|mux_joc:auto_generated|_~83             ; out0             ;
; |Q|dec3to8:inst1|lpm_mux:Mux7|mux_joc:auto_generated|_~85             ; |Q|dec3to8:inst1|lpm_mux:Mux7|mux_joc:auto_generated|_~85             ; out0             ;
; |Q|dec3to8:inst1|lpm_mux:Mux7|mux_joc:auto_generated|_~91             ; |Q|dec3to8:inst1|lpm_mux:Mux7|mux_joc:auto_generated|_~91             ; out0             ;
; |Q|dec3to8:inst1|lpm_mux:Mux7|mux_joc:auto_generated|_~92             ; |Q|dec3to8:inst1|lpm_mux:Mux7|mux_joc:auto_generated|_~92             ; out0             ;
; |Q|dec3to8:inst1|lpm_mux:Mux7|mux_joc:auto_generated|_~93             ; |Q|dec3to8:inst1|lpm_mux:Mux7|mux_joc:auto_generated|_~93             ; out0             ;
; |Q|dec3to8:inst1|lpm_mux:Mux7|mux_joc:auto_generated|_~94             ; |Q|dec3to8:inst1|lpm_mux:Mux7|mux_joc:auto_generated|_~94             ; out0             ;
; |Q|dec3to8:inst1|lpm_mux:Mux7|mux_joc:auto_generated|_~96             ; |Q|dec3to8:inst1|lpm_mux:Mux7|mux_joc:auto_generated|_~96             ; out0             ;
; |Q|dec3to8:inst1|lpm_mux:Mux7|mux_joc:auto_generated|_~97             ; |Q|dec3to8:inst1|lpm_mux:Mux7|mux_joc:auto_generated|_~97             ; out0             ;
; |Q|dec3to8:inst1|lpm_mux:Mux7|mux_joc:auto_generated|_~106            ; |Q|dec3to8:inst1|lpm_mux:Mux7|mux_joc:auto_generated|_~106            ; out0             ;
; |Q|dec3to8:inst1|lpm_mux:Mux7|mux_joc:auto_generated|_~121            ; |Q|dec3to8:inst1|lpm_mux:Mux7|mux_joc:auto_generated|_~121            ; out0             ;
; |Q|dec3to8:inst1|lpm_mux:Mux7|mux_joc:auto_generated|_~123            ; |Q|dec3to8:inst1|lpm_mux:Mux7|mux_joc:auto_generated|_~123            ; out0             ;
; |Q|dec3to8:inst1|lpm_mux:Mux7|mux_joc:auto_generated|_~125            ; |Q|dec3to8:inst1|lpm_mux:Mux7|mux_joc:auto_generated|_~125            ; out0             ;
; |Q|dec3to8:inst1|lpm_mux:Mux7|mux_joc:auto_generated|_~130            ; |Q|dec3to8:inst1|lpm_mux:Mux7|mux_joc:auto_generated|_~130            ; out0             ;
; |Q|dec3to8:inst1|lpm_mux:Mux7|mux_joc:auto_generated|_~132            ; |Q|dec3to8:inst1|lpm_mux:Mux7|mux_joc:auto_generated|_~132            ; out0             ;
; |Q|dec3to8:inst1|lpm_mux:Mux7|mux_joc:auto_generated|_~134            ; |Q|dec3to8:inst1|lpm_mux:Mux7|mux_joc:auto_generated|_~134            ; out0             ;
; |Q|dec3to8:inst1|lpm_mux:Mux7|mux_joc:auto_generated|_~140            ; |Q|dec3to8:inst1|lpm_mux:Mux7|mux_joc:auto_generated|_~140            ; out0             ;
; |Q|dec3to8:inst1|lpm_mux:Mux7|mux_joc:auto_generated|_~141            ; |Q|dec3to8:inst1|lpm_mux:Mux7|mux_joc:auto_generated|_~141            ; out0             ;
; |Q|dec3to8:inst1|lpm_mux:Mux6|mux_joc:auto_generated|_~0              ; |Q|dec3to8:inst1|lpm_mux:Mux6|mux_joc:auto_generated|_~0              ; out0             ;
; |Q|dec3to8:inst1|lpm_mux:Mux6|mux_joc:auto_generated|_~2              ; |Q|dec3to8:inst1|lpm_mux:Mux6|mux_joc:auto_generated|_~2              ; out0             ;
; |Q|dec3to8:inst1|lpm_mux:Mux6|mux_joc:auto_generated|_~4              ; |Q|dec3to8:inst1|lpm_mux:Mux6|mux_joc:auto_generated|_~4              ; out0             ;
; |Q|dec3to8:inst1|lpm_mux:Mux6|mux_joc:auto_generated|_~9              ; |Q|dec3to8:inst1|lpm_mux:Mux6|mux_joc:auto_generated|_~9              ; out0             ;
; |Q|dec3to8:inst1|lpm_mux:Mux6|mux_joc:auto_generated|_~11             ; |Q|dec3to8:inst1|lpm_mux:Mux6|mux_joc:auto_generated|_~11             ; out0             ;
; |Q|dec3to8:inst1|lpm_mux:Mux6|mux_joc:auto_generated|_~13             ; |Q|dec3to8:inst1|lpm_mux:Mux6|mux_joc:auto_generated|_~13             ; out0             ;
; |Q|dec3to8:inst1|lpm_mux:Mux6|mux_joc:auto_generated|_~19             ; |Q|dec3to8:inst1|lpm_mux:Mux6|mux_joc:auto_generated|_~19             ; out0             ;
; |Q|dec3to8:inst1|lpm_mux:Mux6|mux_joc:auto_generated|_~20             ; |Q|dec3to8:inst1|lpm_mux:Mux6|mux_joc:auto_generated|_~20             ; out0             ;
; |Q|dec3to8:inst1|lpm_mux:Mux6|mux_joc:auto_generated|_~21             ; |Q|dec3to8:inst1|lpm_mux:Mux6|mux_joc:auto_generated|_~21             ; out0             ;
; |Q|dec3to8:inst1|lpm_mux:Mux6|mux_joc:auto_generated|_~22             ; |Q|dec3to8:inst1|lpm_mux:Mux6|mux_joc:auto_generated|_~22             ; out0             ;
; |Q|dec3to8:inst1|lpm_mux:Mux6|mux_joc:auto_generated|_~24             ; |Q|dec3to8:inst1|lpm_mux:Mux6|mux_joc:auto_generated|_~24             ; out0             ;
; |Q|dec3to8:inst1|lpm_mux:Mux6|mux_joc:auto_generated|_~26             ; |Q|dec3to8:inst1|lpm_mux:Mux6|mux_joc:auto_generated|_~26             ; out0             ;
; |Q|dec3to8:inst1|lpm_mux:Mux6|mux_joc:auto_generated|_~31             ; |Q|dec3to8:inst1|lpm_mux:Mux6|mux_joc:auto_generated|_~31             ; out0             ;
; |Q|dec3to8:inst1|lpm_mux:Mux6|mux_joc:auto_generated|_~33             ; |Q|dec3to8:inst1|lpm_mux:Mux6|mux_joc:auto_generated|_~33             ; out0             ;
; |Q|dec3to8:inst1|lpm_mux:Mux6|mux_joc:auto_generated|_~35             ; |Q|dec3to8:inst1|lpm_mux:Mux6|mux_joc:auto_generated|_~35             ; out0             ;
; |Q|dec3to8:inst1|lpm_mux:Mux6|mux_joc:auto_generated|_~41             ; |Q|dec3to8:inst1|lpm_mux:Mux6|mux_joc:auto_generated|_~41             ; out0             ;
; |Q|dec3to8:inst1|lpm_mux:Mux6|mux_joc:auto_generated|_~42             ; |Q|dec3to8:inst1|lpm_mux:Mux6|mux_joc:auto_generated|_~42             ; out0             ;
; |Q|dec3to8:inst1|lpm_mux:Mux6|mux_joc:auto_generated|_~43             ; |Q|dec3to8:inst1|lpm_mux:Mux6|mux_joc:auto_generated|_~43             ; out0             ;
; |Q|dec3to8:inst1|lpm_mux:Mux6|mux_joc:auto_generated|_~44             ; |Q|dec3to8:inst1|lpm_mux:Mux6|mux_joc:auto_generated|_~44             ; out0             ;
; |Q|dec3to8:inst1|lpm_mux:Mux6|mux_joc:auto_generated|_~46             ; |Q|dec3to8:inst1|lpm_mux:Mux6|mux_joc:auto_generated|_~46             ; out0             ;
; |Q|dec3to8:inst1|lpm_mux:Mux6|mux_joc:auto_generated|_~49             ; |Q|dec3to8:inst1|lpm_mux:Mux6|mux_joc:auto_generated|_~49             ; out0             ;
; |Q|dec3to8:inst1|lpm_mux:Mux6|mux_joc:auto_generated|_~51             ; |Q|dec3to8:inst1|lpm_mux:Mux6|mux_joc:auto_generated|_~51             ; out0             ;
; |Q|dec3to8:inst1|lpm_mux:Mux6|mux_joc:auto_generated|_~58             ; |Q|dec3to8:inst1|lpm_mux:Mux6|mux_joc:auto_generated|_~58             ; out0             ;
; |Q|dec3to8:inst1|lpm_mux:Mux6|mux_joc:auto_generated|_~60             ; |Q|dec3to8:inst1|lpm_mux:Mux6|mux_joc:auto_generated|_~60             ; out0             ;
; |Q|dec3to8:inst1|lpm_mux:Mux6|mux_joc:auto_generated|_~66             ; |Q|dec3to8:inst1|lpm_mux:Mux6|mux_joc:auto_generated|_~66             ; out0             ;
; |Q|dec3to8:inst1|lpm_mux:Mux6|mux_joc:auto_generated|result_node[0]~0 ; |Q|dec3to8:inst1|lpm_mux:Mux6|mux_joc:auto_generated|result_node[0]~0 ; out0             ;
; |Q|dec3to8:inst1|lpm_mux:Mux6|mux_joc:auto_generated|_~72             ; |Q|dec3to8:inst1|lpm_mux:Mux6|mux_joc:auto_generated|_~72             ; out0             ;
; |Q|dec3to8:inst1|lpm_mux:Mux6|mux_joc:auto_generated|_~74             ; |Q|dec3to8:inst1|lpm_mux:Mux6|mux_joc:auto_generated|_~74             ; out0             ;
; |Q|dec3to8:inst1|lpm_mux:Mux6|mux_joc:auto_generated|_~76             ; |Q|dec3to8:inst1|lpm_mux:Mux6|mux_joc:auto_generated|_~76             ; out0             ;
; |Q|dec3to8:inst1|lpm_mux:Mux6|mux_joc:auto_generated|_~81             ; |Q|dec3to8:inst1|lpm_mux:Mux6|mux_joc:auto_generated|_~81             ; out0             ;
; |Q|dec3to8:inst1|lpm_mux:Mux6|mux_joc:auto_generated|_~83             ; |Q|dec3to8:inst1|lpm_mux:Mux6|mux_joc:auto_generated|_~83             ; out0             ;
; |Q|dec3to8:inst1|lpm_mux:Mux6|mux_joc:auto_generated|_~85             ; |Q|dec3to8:inst1|lpm_mux:Mux6|mux_joc:auto_generated|_~85             ; out0             ;
; |Q|dec3to8:inst1|lpm_mux:Mux6|mux_joc:auto_generated|_~91             ; |Q|dec3to8:inst1|lpm_mux:Mux6|mux_joc:auto_generated|_~91             ; out0             ;
; |Q|dec3to8:inst1|lpm_mux:Mux6|mux_joc:auto_generated|_~92             ; |Q|dec3to8:inst1|lpm_mux:Mux6|mux_joc:auto_generated|_~92             ; out0             ;
; |Q|dec3to8:inst1|lpm_mux:Mux6|mux_joc:auto_generated|_~93             ; |Q|dec3to8:inst1|lpm_mux:Mux6|mux_joc:auto_generated|_~93             ; out0             ;
; |Q|dec3to8:inst1|lpm_mux:Mux6|mux_joc:auto_generated|_~94             ; |Q|dec3to8:inst1|lpm_mux:Mux6|mux_joc:auto_generated|_~94             ; out0             ;
; |Q|dec3to8:inst1|lpm_mux:Mux6|mux_joc:auto_generated|_~96             ; |Q|dec3to8:inst1|lpm_mux:Mux6|mux_joc:auto_generated|_~96             ; out0             ;
; |Q|dec3to8:inst1|lpm_mux:Mux6|mux_joc:auto_generated|_~99             ; |Q|dec3to8:inst1|lpm_mux:Mux6|mux_joc:auto_generated|_~99             ; out0             ;
; |Q|dec3to8:inst1|lpm_mux:Mux6|mux_joc:auto_generated|_~101            ; |Q|dec3to8:inst1|lpm_mux:Mux6|mux_joc:auto_generated|_~101            ; out0             ;
; |Q|dec3to8:inst1|lpm_mux:Mux6|mux_joc:auto_generated|_~108            ; |Q|dec3to8:inst1|lpm_mux:Mux6|mux_joc:auto_generated|_~108            ; out0             ;
; |Q|dec3to8:inst1|lpm_mux:Mux6|mux_joc:auto_generated|_~110            ; |Q|dec3to8:inst1|lpm_mux:Mux6|mux_joc:auto_generated|_~110            ; out0             ;
; |Q|dec3to8:inst1|lpm_mux:Mux6|mux_joc:auto_generated|_~116            ; |Q|dec3to8:inst1|lpm_mux:Mux6|mux_joc:auto_generated|_~116            ; out0             ;
; |Q|dec3to8:inst1|lpm_mux:Mux6|mux_joc:auto_generated|_~121            ; |Q|dec3to8:inst1|lpm_mux:Mux6|mux_joc:auto_generated|_~121            ; out0             ;
; |Q|dec3to8:inst1|lpm_mux:Mux6|mux_joc:auto_generated|_~123            ; |Q|dec3to8:inst1|lpm_mux:Mux6|mux_joc:auto_generated|_~123            ; out0             ;
; |Q|dec3to8:inst1|lpm_mux:Mux6|mux_joc:auto_generated|_~125            ; |Q|dec3to8:inst1|lpm_mux:Mux6|mux_joc:auto_generated|_~125            ; out0             ;
; |Q|dec3to8:inst1|lpm_mux:Mux6|mux_joc:auto_generated|_~130            ; |Q|dec3to8:inst1|lpm_mux:Mux6|mux_joc:auto_generated|_~130            ; out0             ;
; |Q|dec3to8:inst1|lpm_mux:Mux6|mux_joc:auto_generated|_~132            ; |Q|dec3to8:inst1|lpm_mux:Mux6|mux_joc:auto_generated|_~132            ; out0             ;
; |Q|dec3to8:inst1|lpm_mux:Mux6|mux_joc:auto_generated|_~134            ; |Q|dec3to8:inst1|lpm_mux:Mux6|mux_joc:auto_generated|_~134            ; out0             ;
; |Q|dec3to8:inst1|lpm_mux:Mux6|mux_joc:auto_generated|_~140            ; |Q|dec3to8:inst1|lpm_mux:Mux6|mux_joc:auto_generated|_~140            ; out0             ;
; |Q|dec3to8:inst1|lpm_mux:Mux6|mux_joc:auto_generated|_~141            ; |Q|dec3to8:inst1|lpm_mux:Mux6|mux_joc:auto_generated|_~141            ; out0             ;
; |Q|dec3to8:inst1|lpm_mux:Mux5|mux_joc:auto_generated|_~0              ; |Q|dec3to8:inst1|lpm_mux:Mux5|mux_joc:auto_generated|_~0              ; out0             ;
; |Q|dec3to8:inst1|lpm_mux:Mux5|mux_joc:auto_generated|_~2              ; |Q|dec3to8:inst1|lpm_mux:Mux5|mux_joc:auto_generated|_~2              ; out0             ;
; |Q|dec3to8:inst1|lpm_mux:Mux5|mux_joc:auto_generated|_~4              ; |Q|dec3to8:inst1|lpm_mux:Mux5|mux_joc:auto_generated|_~4              ; out0             ;
; |Q|dec3to8:inst1|lpm_mux:Mux5|mux_joc:auto_generated|_~9              ; |Q|dec3to8:inst1|lpm_mux:Mux5|mux_joc:auto_generated|_~9              ; out0             ;
; |Q|dec3to8:inst1|lpm_mux:Mux5|mux_joc:auto_generated|_~11             ; |Q|dec3to8:inst1|lpm_mux:Mux5|mux_joc:auto_generated|_~11             ; out0             ;
; |Q|dec3to8:inst1|lpm_mux:Mux5|mux_joc:auto_generated|_~13             ; |Q|dec3to8:inst1|lpm_mux:Mux5|mux_joc:auto_generated|_~13             ; out0             ;
; |Q|dec3to8:inst1|lpm_mux:Mux5|mux_joc:auto_generated|_~19             ; |Q|dec3to8:inst1|lpm_mux:Mux5|mux_joc:auto_generated|_~19             ; out0             ;
; |Q|dec3to8:inst1|lpm_mux:Mux5|mux_joc:auto_generated|_~20             ; |Q|dec3to8:inst1|lpm_mux:Mux5|mux_joc:auto_generated|_~20             ; out0             ;
; |Q|dec3to8:inst1|lpm_mux:Mux5|mux_joc:auto_generated|_~21             ; |Q|dec3to8:inst1|lpm_mux:Mux5|mux_joc:auto_generated|_~21             ; out0             ;
; |Q|dec3to8:inst1|lpm_mux:Mux5|mux_joc:auto_generated|_~22             ; |Q|dec3to8:inst1|lpm_mux:Mux5|mux_joc:auto_generated|_~22             ; out0             ;
; |Q|dec3to8:inst1|lpm_mux:Mux5|mux_joc:auto_generated|_~24             ; |Q|dec3to8:inst1|lpm_mux:Mux5|mux_joc:auto_generated|_~24             ; out0             ;
; |Q|dec3to8:inst1|lpm_mux:Mux5|mux_joc:auto_generated|_~26             ; |Q|dec3to8:inst1|lpm_mux:Mux5|mux_joc:auto_generated|_~26             ; out0             ;
; |Q|dec3to8:inst1|lpm_mux:Mux5|mux_joc:auto_generated|_~31             ; |Q|dec3to8:inst1|lpm_mux:Mux5|mux_joc:auto_generated|_~31             ; out0             ;
; |Q|dec3to8:inst1|lpm_mux:Mux5|mux_joc:auto_generated|_~33             ; |Q|dec3to8:inst1|lpm_mux:Mux5|mux_joc:auto_generated|_~33             ; out0             ;
; |Q|dec3to8:inst1|lpm_mux:Mux5|mux_joc:auto_generated|_~35             ; |Q|dec3to8:inst1|lpm_mux:Mux5|mux_joc:auto_generated|_~35             ; out0             ;
; |Q|dec3to8:inst1|lpm_mux:Mux5|mux_joc:auto_generated|_~41             ; |Q|dec3to8:inst1|lpm_mux:Mux5|mux_joc:auto_generated|_~41             ; out0             ;
; |Q|dec3to8:inst1|lpm_mux:Mux5|mux_joc:auto_generated|_~42             ; |Q|dec3to8:inst1|lpm_mux:Mux5|mux_joc:auto_generated|_~42             ; out0             ;
; |Q|dec3to8:inst1|lpm_mux:Mux5|mux_joc:auto_generated|_~43             ; |Q|dec3to8:inst1|lpm_mux:Mux5|mux_joc:auto_generated|_~43             ; out0             ;
; |Q|dec3to8:inst1|lpm_mux:Mux5|mux_joc:auto_generated|_~44             ; |Q|dec3to8:inst1|lpm_mux:Mux5|mux_joc:auto_generated|_~44             ; out0             ;
; |Q|dec3to8:inst1|lpm_mux:Mux5|mux_joc:auto_generated|_~46             ; |Q|dec3to8:inst1|lpm_mux:Mux5|mux_joc:auto_generated|_~46             ; out0             ;
; |Q|dec3to8:inst1|lpm_mux:Mux5|mux_joc:auto_generated|_~47             ; |Q|dec3to8:inst1|lpm_mux:Mux5|mux_joc:auto_generated|_~47             ; out0             ;
; |Q|dec3to8:inst1|lpm_mux:Mux5|mux_joc:auto_generated|_~49             ; |Q|dec3to8:inst1|lpm_mux:Mux5|mux_joc:auto_generated|_~49             ; out0             ;
; |Q|dec3to8:inst1|lpm_mux:Mux5|mux_joc:auto_generated|_~51             ; |Q|dec3to8:inst1|lpm_mux:Mux5|mux_joc:auto_generated|_~51             ; out0             ;
; |Q|dec3to8:inst1|lpm_mux:Mux5|mux_joc:auto_generated|_~52             ; |Q|dec3to8:inst1|lpm_mux:Mux5|mux_joc:auto_generated|_~52             ; out0             ;
; |Q|dec3to8:inst1|lpm_mux:Mux5|mux_joc:auto_generated|_~56             ; |Q|dec3to8:inst1|lpm_mux:Mux5|mux_joc:auto_generated|_~56             ; out0             ;
; |Q|dec3to8:inst1|lpm_mux:Mux5|mux_joc:auto_generated|_~58             ; |Q|dec3to8:inst1|lpm_mux:Mux5|mux_joc:auto_generated|_~58             ; out0             ;
; |Q|dec3to8:inst1|lpm_mux:Mux5|mux_joc:auto_generated|_~60             ; |Q|dec3to8:inst1|lpm_mux:Mux5|mux_joc:auto_generated|_~60             ; out0             ;
; |Q|dec3to8:inst1|lpm_mux:Mux5|mux_joc:auto_generated|_~61             ; |Q|dec3to8:inst1|lpm_mux:Mux5|mux_joc:auto_generated|_~61             ; out0             ;
; |Q|dec3to8:inst1|lpm_mux:Mux5|mux_joc:auto_generated|result_node[0]~0 ; |Q|dec3to8:inst1|lpm_mux:Mux5|mux_joc:auto_generated|result_node[0]~0 ; out0             ;
; |Q|dec3to8:inst1|lpm_mux:Mux5|mux_joc:auto_generated|_~72             ; |Q|dec3to8:inst1|lpm_mux:Mux5|mux_joc:auto_generated|_~72             ; out0             ;
; |Q|dec3to8:inst1|lpm_mux:Mux5|mux_joc:auto_generated|_~74             ; |Q|dec3to8:inst1|lpm_mux:Mux5|mux_joc:auto_generated|_~74             ; out0             ;
; |Q|dec3to8:inst1|lpm_mux:Mux5|mux_joc:auto_generated|_~76             ; |Q|dec3to8:inst1|lpm_mux:Mux5|mux_joc:auto_generated|_~76             ; out0             ;
; |Q|dec3to8:inst1|lpm_mux:Mux5|mux_joc:auto_generated|_~81             ; |Q|dec3to8:inst1|lpm_mux:Mux5|mux_joc:auto_generated|_~81             ; out0             ;
; |Q|dec3to8:inst1|lpm_mux:Mux5|mux_joc:auto_generated|_~83             ; |Q|dec3to8:inst1|lpm_mux:Mux5|mux_joc:auto_generated|_~83             ; out0             ;
; |Q|dec3to8:inst1|lpm_mux:Mux5|mux_joc:auto_generated|_~85             ; |Q|dec3to8:inst1|lpm_mux:Mux5|mux_joc:auto_generated|_~85             ; out0             ;
; |Q|dec3to8:inst1|lpm_mux:Mux5|mux_joc:auto_generated|_~91             ; |Q|dec3to8:inst1|lpm_mux:Mux5|mux_joc:auto_generated|_~91             ; out0             ;
; |Q|dec3to8:inst1|lpm_mux:Mux5|mux_joc:auto_generated|_~92             ; |Q|dec3to8:inst1|lpm_mux:Mux5|mux_joc:auto_generated|_~92             ; out0             ;
; |Q|dec3to8:inst1|lpm_mux:Mux5|mux_joc:auto_generated|_~93             ; |Q|dec3to8:inst1|lpm_mux:Mux5|mux_joc:auto_generated|_~93             ; out0             ;
; |Q|dec3to8:inst1|lpm_mux:Mux5|mux_joc:auto_generated|_~94             ; |Q|dec3to8:inst1|lpm_mux:Mux5|mux_joc:auto_generated|_~94             ; out0             ;
; |Q|dec3to8:inst1|lpm_mux:Mux5|mux_joc:auto_generated|_~96             ; |Q|dec3to8:inst1|lpm_mux:Mux5|mux_joc:auto_generated|_~96             ; out0             ;
; |Q|dec3to8:inst1|lpm_mux:Mux5|mux_joc:auto_generated|_~97             ; |Q|dec3to8:inst1|lpm_mux:Mux5|mux_joc:auto_generated|_~97             ; out0             ;
; |Q|dec3to8:inst1|lpm_mux:Mux5|mux_joc:auto_generated|_~99             ; |Q|dec3to8:inst1|lpm_mux:Mux5|mux_joc:auto_generated|_~99             ; out0             ;
; |Q|dec3to8:inst1|lpm_mux:Mux5|mux_joc:auto_generated|_~101            ; |Q|dec3to8:inst1|lpm_mux:Mux5|mux_joc:auto_generated|_~101            ; out0             ;
; |Q|dec3to8:inst1|lpm_mux:Mux5|mux_joc:auto_generated|_~102            ; |Q|dec3to8:inst1|lpm_mux:Mux5|mux_joc:auto_generated|_~102            ; out0             ;
; |Q|dec3to8:inst1|lpm_mux:Mux5|mux_joc:auto_generated|_~106            ; |Q|dec3to8:inst1|lpm_mux:Mux5|mux_joc:auto_generated|_~106            ; out0             ;
; |Q|dec3to8:inst1|lpm_mux:Mux5|mux_joc:auto_generated|_~108            ; |Q|dec3to8:inst1|lpm_mux:Mux5|mux_joc:auto_generated|_~108            ; out0             ;
; |Q|dec3to8:inst1|lpm_mux:Mux5|mux_joc:auto_generated|_~110            ; |Q|dec3to8:inst1|lpm_mux:Mux5|mux_joc:auto_generated|_~110            ; out0             ;
; |Q|dec3to8:inst1|lpm_mux:Mux5|mux_joc:auto_generated|_~111            ; |Q|dec3to8:inst1|lpm_mux:Mux5|mux_joc:auto_generated|_~111            ; out0             ;
; |Q|dec3to8:inst1|lpm_mux:Mux5|mux_joc:auto_generated|_~121            ; |Q|dec3to8:inst1|lpm_mux:Mux5|mux_joc:auto_generated|_~121            ; out0             ;
; |Q|dec3to8:inst1|lpm_mux:Mux5|mux_joc:auto_generated|_~123            ; |Q|dec3to8:inst1|lpm_mux:Mux5|mux_joc:auto_generated|_~123            ; out0             ;
; |Q|dec3to8:inst1|lpm_mux:Mux5|mux_joc:auto_generated|_~125            ; |Q|dec3to8:inst1|lpm_mux:Mux5|mux_joc:auto_generated|_~125            ; out0             ;
; |Q|dec3to8:inst1|lpm_mux:Mux5|mux_joc:auto_generated|_~130            ; |Q|dec3to8:inst1|lpm_mux:Mux5|mux_joc:auto_generated|_~130            ; out0             ;
; |Q|dec3to8:inst1|lpm_mux:Mux5|mux_joc:auto_generated|_~132            ; |Q|dec3to8:inst1|lpm_mux:Mux5|mux_joc:auto_generated|_~132            ; out0             ;
; |Q|dec3to8:inst1|lpm_mux:Mux5|mux_joc:auto_generated|_~134            ; |Q|dec3to8:inst1|lpm_mux:Mux5|mux_joc:auto_generated|_~134            ; out0             ;
; |Q|dec3to8:inst1|lpm_mux:Mux5|mux_joc:auto_generated|_~140            ; |Q|dec3to8:inst1|lpm_mux:Mux5|mux_joc:auto_generated|_~140            ; out0             ;
; |Q|dec3to8:inst1|lpm_mux:Mux5|mux_joc:auto_generated|_~141            ; |Q|dec3to8:inst1|lpm_mux:Mux5|mux_joc:auto_generated|_~141            ; out0             ;
; |Q|dec3to8:inst1|lpm_mux:Mux4|mux_joc:auto_generated|_~0              ; |Q|dec3to8:inst1|lpm_mux:Mux4|mux_joc:auto_generated|_~0              ; out0             ;
; |Q|dec3to8:inst1|lpm_mux:Mux4|mux_joc:auto_generated|_~2              ; |Q|dec3to8:inst1|lpm_mux:Mux4|mux_joc:auto_generated|_~2              ; out0             ;
; |Q|dec3to8:inst1|lpm_mux:Mux4|mux_joc:auto_generated|_~4              ; |Q|dec3to8:inst1|lpm_mux:Mux4|mux_joc:auto_generated|_~4              ; out0             ;
; |Q|dec3to8:inst1|lpm_mux:Mux4|mux_joc:auto_generated|_~9              ; |Q|dec3to8:inst1|lpm_mux:Mux4|mux_joc:auto_generated|_~9              ; out0             ;
; |Q|dec3to8:inst1|lpm_mux:Mux4|mux_joc:auto_generated|_~11             ; |Q|dec3to8:inst1|lpm_mux:Mux4|mux_joc:auto_generated|_~11             ; out0             ;
; |Q|dec3to8:inst1|lpm_mux:Mux4|mux_joc:auto_generated|_~13             ; |Q|dec3to8:inst1|lpm_mux:Mux4|mux_joc:auto_generated|_~13             ; out0             ;
; |Q|dec3to8:inst1|lpm_mux:Mux4|mux_joc:auto_generated|_~19             ; |Q|dec3to8:inst1|lpm_mux:Mux4|mux_joc:auto_generated|_~19             ; out0             ;
; |Q|dec3to8:inst1|lpm_mux:Mux4|mux_joc:auto_generated|_~20             ; |Q|dec3to8:inst1|lpm_mux:Mux4|mux_joc:auto_generated|_~20             ; out0             ;
; |Q|dec3to8:inst1|lpm_mux:Mux4|mux_joc:auto_generated|_~21             ; |Q|dec3to8:inst1|lpm_mux:Mux4|mux_joc:auto_generated|_~21             ; out0             ;
; |Q|dec3to8:inst1|lpm_mux:Mux4|mux_joc:auto_generated|_~22             ; |Q|dec3to8:inst1|lpm_mux:Mux4|mux_joc:auto_generated|_~22             ; out0             ;
; |Q|dec3to8:inst1|lpm_mux:Mux4|mux_joc:auto_generated|_~24             ; |Q|dec3to8:inst1|lpm_mux:Mux4|mux_joc:auto_generated|_~24             ; out0             ;
; |Q|dec3to8:inst1|lpm_mux:Mux4|mux_joc:auto_generated|_~26             ; |Q|dec3to8:inst1|lpm_mux:Mux4|mux_joc:auto_generated|_~26             ; out0             ;
; |Q|dec3to8:inst1|lpm_mux:Mux4|mux_joc:auto_generated|_~31             ; |Q|dec3to8:inst1|lpm_mux:Mux4|mux_joc:auto_generated|_~31             ; out0             ;
; |Q|dec3to8:inst1|lpm_mux:Mux4|mux_joc:auto_generated|_~33             ; |Q|dec3to8:inst1|lpm_mux:Mux4|mux_joc:auto_generated|_~33             ; out0             ;
; |Q|dec3to8:inst1|lpm_mux:Mux4|mux_joc:auto_generated|_~35             ; |Q|dec3to8:inst1|lpm_mux:Mux4|mux_joc:auto_generated|_~35             ; out0             ;
; |Q|dec3to8:inst1|lpm_mux:Mux4|mux_joc:auto_generated|_~41             ; |Q|dec3to8:inst1|lpm_mux:Mux4|mux_joc:auto_generated|_~41             ; out0             ;
; |Q|dec3to8:inst1|lpm_mux:Mux4|mux_joc:auto_generated|_~42             ; |Q|dec3to8:inst1|lpm_mux:Mux4|mux_joc:auto_generated|_~42             ; out0             ;
; |Q|dec3to8:inst1|lpm_mux:Mux4|mux_joc:auto_generated|_~43             ; |Q|dec3to8:inst1|lpm_mux:Mux4|mux_joc:auto_generated|_~43             ; out0             ;
; |Q|dec3to8:inst1|lpm_mux:Mux4|mux_joc:auto_generated|_~44             ; |Q|dec3to8:inst1|lpm_mux:Mux4|mux_joc:auto_generated|_~44             ; out0             ;
; |Q|dec3to8:inst1|lpm_mux:Mux4|mux_joc:auto_generated|_~46             ; |Q|dec3to8:inst1|lpm_mux:Mux4|mux_joc:auto_generated|_~46             ; out0             ;
; |Q|dec3to8:inst1|lpm_mux:Mux4|mux_joc:auto_generated|_~47             ; |Q|dec3to8:inst1|lpm_mux:Mux4|mux_joc:auto_generated|_~47             ; out0             ;
; |Q|dec3to8:inst1|lpm_mux:Mux4|mux_joc:auto_generated|_~49             ; |Q|dec3to8:inst1|lpm_mux:Mux4|mux_joc:auto_generated|_~49             ; out0             ;
; |Q|dec3to8:inst1|lpm_mux:Mux4|mux_joc:auto_generated|_~51             ; |Q|dec3to8:inst1|lpm_mux:Mux4|mux_joc:auto_generated|_~51             ; out0             ;
; |Q|dec3to8:inst1|lpm_mux:Mux4|mux_joc:auto_generated|_~56             ; |Q|dec3to8:inst1|lpm_mux:Mux4|mux_joc:auto_generated|_~56             ; out0             ;
; |Q|dec3to8:inst1|lpm_mux:Mux4|mux_joc:auto_generated|_~58             ; |Q|dec3to8:inst1|lpm_mux:Mux4|mux_joc:auto_generated|_~58             ; out0             ;
; |Q|dec3to8:inst1|lpm_mux:Mux4|mux_joc:auto_generated|_~60             ; |Q|dec3to8:inst1|lpm_mux:Mux4|mux_joc:auto_generated|_~60             ; out0             ;
; |Q|dec3to8:inst1|lpm_mux:Mux4|mux_joc:auto_generated|_~65             ; |Q|dec3to8:inst1|lpm_mux:Mux4|mux_joc:auto_generated|_~65             ; out0             ;
; |Q|dec3to8:inst1|lpm_mux:Mux4|mux_joc:auto_generated|result_node[0]~0 ; |Q|dec3to8:inst1|lpm_mux:Mux4|mux_joc:auto_generated|result_node[0]~0 ; out0             ;
; |Q|dec3to8:inst1|lpm_mux:Mux4|mux_joc:auto_generated|_~72             ; |Q|dec3to8:inst1|lpm_mux:Mux4|mux_joc:auto_generated|_~72             ; out0             ;
; |Q|dec3to8:inst1|lpm_mux:Mux4|mux_joc:auto_generated|_~74             ; |Q|dec3to8:inst1|lpm_mux:Mux4|mux_joc:auto_generated|_~74             ; out0             ;
; |Q|dec3to8:inst1|lpm_mux:Mux4|mux_joc:auto_generated|_~76             ; |Q|dec3to8:inst1|lpm_mux:Mux4|mux_joc:auto_generated|_~76             ; out0             ;
; |Q|dec3to8:inst1|lpm_mux:Mux4|mux_joc:auto_generated|_~81             ; |Q|dec3to8:inst1|lpm_mux:Mux4|mux_joc:auto_generated|_~81             ; out0             ;
; |Q|dec3to8:inst1|lpm_mux:Mux4|mux_joc:auto_generated|_~83             ; |Q|dec3to8:inst1|lpm_mux:Mux4|mux_joc:auto_generated|_~83             ; out0             ;
; |Q|dec3to8:inst1|lpm_mux:Mux4|mux_joc:auto_generated|_~85             ; |Q|dec3to8:inst1|lpm_mux:Mux4|mux_joc:auto_generated|_~85             ; out0             ;
; |Q|dec3to8:inst1|lpm_mux:Mux4|mux_joc:auto_generated|_~91             ; |Q|dec3to8:inst1|lpm_mux:Mux4|mux_joc:auto_generated|_~91             ; out0             ;
; |Q|dec3to8:inst1|lpm_mux:Mux4|mux_joc:auto_generated|_~92             ; |Q|dec3to8:inst1|lpm_mux:Mux4|mux_joc:auto_generated|_~92             ; out0             ;
; |Q|dec3to8:inst1|lpm_mux:Mux4|mux_joc:auto_generated|_~93             ; |Q|dec3to8:inst1|lpm_mux:Mux4|mux_joc:auto_generated|_~93             ; out0             ;
; |Q|dec3to8:inst1|lpm_mux:Mux4|mux_joc:auto_generated|_~94             ; |Q|dec3to8:inst1|lpm_mux:Mux4|mux_joc:auto_generated|_~94             ; out0             ;
; |Q|dec3to8:inst1|lpm_mux:Mux4|mux_joc:auto_generated|_~96             ; |Q|dec3to8:inst1|lpm_mux:Mux4|mux_joc:auto_generated|_~96             ; out0             ;
; |Q|dec3to8:inst1|lpm_mux:Mux4|mux_joc:auto_generated|_~97             ; |Q|dec3to8:inst1|lpm_mux:Mux4|mux_joc:auto_generated|_~97             ; out0             ;
; |Q|dec3to8:inst1|lpm_mux:Mux4|mux_joc:auto_generated|_~99             ; |Q|dec3to8:inst1|lpm_mux:Mux4|mux_joc:auto_generated|_~99             ; out0             ;
; |Q|dec3to8:inst1|lpm_mux:Mux4|mux_joc:auto_generated|_~101            ; |Q|dec3to8:inst1|lpm_mux:Mux4|mux_joc:auto_generated|_~101            ; out0             ;
; |Q|dec3to8:inst1|lpm_mux:Mux4|mux_joc:auto_generated|_~106            ; |Q|dec3to8:inst1|lpm_mux:Mux4|mux_joc:auto_generated|_~106            ; out0             ;
; |Q|dec3to8:inst1|lpm_mux:Mux4|mux_joc:auto_generated|_~108            ; |Q|dec3to8:inst1|lpm_mux:Mux4|mux_joc:auto_generated|_~108            ; out0             ;
; |Q|dec3to8:inst1|lpm_mux:Mux4|mux_joc:auto_generated|_~110            ; |Q|dec3to8:inst1|lpm_mux:Mux4|mux_joc:auto_generated|_~110            ; out0             ;
; |Q|dec3to8:inst1|lpm_mux:Mux4|mux_joc:auto_generated|_~115            ; |Q|dec3to8:inst1|lpm_mux:Mux4|mux_joc:auto_generated|_~115            ; out0             ;
; |Q|dec3to8:inst1|lpm_mux:Mux4|mux_joc:auto_generated|_~121            ; |Q|dec3to8:inst1|lpm_mux:Mux4|mux_joc:auto_generated|_~121            ; out0             ;
; |Q|dec3to8:inst1|lpm_mux:Mux4|mux_joc:auto_generated|_~123            ; |Q|dec3to8:inst1|lpm_mux:Mux4|mux_joc:auto_generated|_~123            ; out0             ;
; |Q|dec3to8:inst1|lpm_mux:Mux4|mux_joc:auto_generated|_~125            ; |Q|dec3to8:inst1|lpm_mux:Mux4|mux_joc:auto_generated|_~125            ; out0             ;
; |Q|dec3to8:inst1|lpm_mux:Mux4|mux_joc:auto_generated|_~130            ; |Q|dec3to8:inst1|lpm_mux:Mux4|mux_joc:auto_generated|_~130            ; out0             ;
; |Q|dec3to8:inst1|lpm_mux:Mux4|mux_joc:auto_generated|_~132            ; |Q|dec3to8:inst1|lpm_mux:Mux4|mux_joc:auto_generated|_~132            ; out0             ;
; |Q|dec3to8:inst1|lpm_mux:Mux4|mux_joc:auto_generated|_~134            ; |Q|dec3to8:inst1|lpm_mux:Mux4|mux_joc:auto_generated|_~134            ; out0             ;
; |Q|dec3to8:inst1|lpm_mux:Mux4|mux_joc:auto_generated|_~140            ; |Q|dec3to8:inst1|lpm_mux:Mux4|mux_joc:auto_generated|_~140            ; out0             ;
; |Q|dec3to8:inst1|lpm_mux:Mux4|mux_joc:auto_generated|_~141            ; |Q|dec3to8:inst1|lpm_mux:Mux4|mux_joc:auto_generated|_~141            ; out0             ;
; |Q|dec3to8:inst1|lpm_mux:Mux3|mux_joc:auto_generated|_~0              ; |Q|dec3to8:inst1|lpm_mux:Mux3|mux_joc:auto_generated|_~0              ; out0             ;
; |Q|dec3to8:inst1|lpm_mux:Mux3|mux_joc:auto_generated|_~2              ; |Q|dec3to8:inst1|lpm_mux:Mux3|mux_joc:auto_generated|_~2              ; out0             ;
; |Q|dec3to8:inst1|lpm_mux:Mux3|mux_joc:auto_generated|_~4              ; |Q|dec3to8:inst1|lpm_mux:Mux3|mux_joc:auto_generated|_~4              ; out0             ;
; |Q|dec3to8:inst1|lpm_mux:Mux3|mux_joc:auto_generated|_~9              ; |Q|dec3to8:inst1|lpm_mux:Mux3|mux_joc:auto_generated|_~9              ; out0             ;
; |Q|dec3to8:inst1|lpm_mux:Mux3|mux_joc:auto_generated|_~11             ; |Q|dec3to8:inst1|lpm_mux:Mux3|mux_joc:auto_generated|_~11             ; out0             ;
; |Q|dec3to8:inst1|lpm_mux:Mux3|mux_joc:auto_generated|_~13             ; |Q|dec3to8:inst1|lpm_mux:Mux3|mux_joc:auto_generated|_~13             ; out0             ;
; |Q|dec3to8:inst1|lpm_mux:Mux3|mux_joc:auto_generated|_~19             ; |Q|dec3to8:inst1|lpm_mux:Mux3|mux_joc:auto_generated|_~19             ; out0             ;
; |Q|dec3to8:inst1|lpm_mux:Mux3|mux_joc:auto_generated|_~20             ; |Q|dec3to8:inst1|lpm_mux:Mux3|mux_joc:auto_generated|_~20             ; out0             ;
; |Q|dec3to8:inst1|lpm_mux:Mux3|mux_joc:auto_generated|_~21             ; |Q|dec3to8:inst1|lpm_mux:Mux3|mux_joc:auto_generated|_~21             ; out0             ;
; |Q|dec3to8:inst1|lpm_mux:Mux3|mux_joc:auto_generated|_~22             ; |Q|dec3to8:inst1|lpm_mux:Mux3|mux_joc:auto_generated|_~22             ; out0             ;
; |Q|dec3to8:inst1|lpm_mux:Mux3|mux_joc:auto_generated|_~24             ; |Q|dec3to8:inst1|lpm_mux:Mux3|mux_joc:auto_generated|_~24             ; out0             ;
; |Q|dec3to8:inst1|lpm_mux:Mux3|mux_joc:auto_generated|_~26             ; |Q|dec3to8:inst1|lpm_mux:Mux3|mux_joc:auto_generated|_~26             ; out0             ;
; |Q|dec3to8:inst1|lpm_mux:Mux3|mux_joc:auto_generated|_~31             ; |Q|dec3to8:inst1|lpm_mux:Mux3|mux_joc:auto_generated|_~31             ; out0             ;
; |Q|dec3to8:inst1|lpm_mux:Mux3|mux_joc:auto_generated|_~33             ; |Q|dec3to8:inst1|lpm_mux:Mux3|mux_joc:auto_generated|_~33             ; out0             ;
; |Q|dec3to8:inst1|lpm_mux:Mux3|mux_joc:auto_generated|_~35             ; |Q|dec3to8:inst1|lpm_mux:Mux3|mux_joc:auto_generated|_~35             ; out0             ;
; |Q|dec3to8:inst1|lpm_mux:Mux3|mux_joc:auto_generated|_~41             ; |Q|dec3to8:inst1|lpm_mux:Mux3|mux_joc:auto_generated|_~41             ; out0             ;
; |Q|dec3to8:inst1|lpm_mux:Mux3|mux_joc:auto_generated|_~42             ; |Q|dec3to8:inst1|lpm_mux:Mux3|mux_joc:auto_generated|_~42             ; out0             ;
; |Q|dec3to8:inst1|lpm_mux:Mux3|mux_joc:auto_generated|_~43             ; |Q|dec3to8:inst1|lpm_mux:Mux3|mux_joc:auto_generated|_~43             ; out0             ;
; |Q|dec3to8:inst1|lpm_mux:Mux3|mux_joc:auto_generated|_~44             ; |Q|dec3to8:inst1|lpm_mux:Mux3|mux_joc:auto_generated|_~44             ; out0             ;
; |Q|dec3to8:inst1|lpm_mux:Mux3|mux_joc:auto_generated|_~46             ; |Q|dec3to8:inst1|lpm_mux:Mux3|mux_joc:auto_generated|_~46             ; out0             ;
; |Q|dec3to8:inst1|lpm_mux:Mux3|mux_joc:auto_generated|_~47             ; |Q|dec3to8:inst1|lpm_mux:Mux3|mux_joc:auto_generated|_~47             ; out0             ;
; |Q|dec3to8:inst1|lpm_mux:Mux3|mux_joc:auto_generated|_~49             ; |Q|dec3to8:inst1|lpm_mux:Mux3|mux_joc:auto_generated|_~49             ; out0             ;
; |Q|dec3to8:inst1|lpm_mux:Mux3|mux_joc:auto_generated|_~51             ; |Q|dec3to8:inst1|lpm_mux:Mux3|mux_joc:auto_generated|_~51             ; out0             ;
; |Q|dec3to8:inst1|lpm_mux:Mux3|mux_joc:auto_generated|_~56             ; |Q|dec3to8:inst1|lpm_mux:Mux3|mux_joc:auto_generated|_~56             ; out0             ;
; |Q|dec3to8:inst1|lpm_mux:Mux3|mux_joc:auto_generated|_~58             ; |Q|dec3to8:inst1|lpm_mux:Mux3|mux_joc:auto_generated|_~58             ; out0             ;
; |Q|dec3to8:inst1|lpm_mux:Mux3|mux_joc:auto_generated|_~60             ; |Q|dec3to8:inst1|lpm_mux:Mux3|mux_joc:auto_generated|_~60             ; out0             ;
; |Q|dec3to8:inst1|lpm_mux:Mux3|mux_joc:auto_generated|_~66             ; |Q|dec3to8:inst1|lpm_mux:Mux3|mux_joc:auto_generated|_~66             ; out0             ;
; |Q|dec3to8:inst1|lpm_mux:Mux3|mux_joc:auto_generated|_~67             ; |Q|dec3to8:inst1|lpm_mux:Mux3|mux_joc:auto_generated|_~67             ; out0             ;
; |Q|dec3to8:inst1|lpm_mux:Mux3|mux_joc:auto_generated|result_node[0]~0 ; |Q|dec3to8:inst1|lpm_mux:Mux3|mux_joc:auto_generated|result_node[0]~0 ; out0             ;
; |Q|dec3to8:inst1|lpm_mux:Mux3|mux_joc:auto_generated|_~72             ; |Q|dec3to8:inst1|lpm_mux:Mux3|mux_joc:auto_generated|_~72             ; out0             ;
; |Q|dec3to8:inst1|lpm_mux:Mux3|mux_joc:auto_generated|_~74             ; |Q|dec3to8:inst1|lpm_mux:Mux3|mux_joc:auto_generated|_~74             ; out0             ;
; |Q|dec3to8:inst1|lpm_mux:Mux3|mux_joc:auto_generated|_~76             ; |Q|dec3to8:inst1|lpm_mux:Mux3|mux_joc:auto_generated|_~76             ; out0             ;
; |Q|dec3to8:inst1|lpm_mux:Mux3|mux_joc:auto_generated|_~81             ; |Q|dec3to8:inst1|lpm_mux:Mux3|mux_joc:auto_generated|_~81             ; out0             ;
; |Q|dec3to8:inst1|lpm_mux:Mux3|mux_joc:auto_generated|_~83             ; |Q|dec3to8:inst1|lpm_mux:Mux3|mux_joc:auto_generated|_~83             ; out0             ;
; |Q|dec3to8:inst1|lpm_mux:Mux3|mux_joc:auto_generated|_~85             ; |Q|dec3to8:inst1|lpm_mux:Mux3|mux_joc:auto_generated|_~85             ; out0             ;
; |Q|dec3to8:inst1|lpm_mux:Mux3|mux_joc:auto_generated|_~91             ; |Q|dec3to8:inst1|lpm_mux:Mux3|mux_joc:auto_generated|_~91             ; out0             ;
; |Q|dec3to8:inst1|lpm_mux:Mux3|mux_joc:auto_generated|_~92             ; |Q|dec3to8:inst1|lpm_mux:Mux3|mux_joc:auto_generated|_~92             ; out0             ;
; |Q|dec3to8:inst1|lpm_mux:Mux3|mux_joc:auto_generated|_~93             ; |Q|dec3to8:inst1|lpm_mux:Mux3|mux_joc:auto_generated|_~93             ; out0             ;
; |Q|dec3to8:inst1|lpm_mux:Mux3|mux_joc:auto_generated|_~94             ; |Q|dec3to8:inst1|lpm_mux:Mux3|mux_joc:auto_generated|_~94             ; out0             ;
; |Q|dec3to8:inst1|lpm_mux:Mux3|mux_joc:auto_generated|_~96             ; |Q|dec3to8:inst1|lpm_mux:Mux3|mux_joc:auto_generated|_~96             ; out0             ;
; |Q|dec3to8:inst1|lpm_mux:Mux3|mux_joc:auto_generated|_~97             ; |Q|dec3to8:inst1|lpm_mux:Mux3|mux_joc:auto_generated|_~97             ; out0             ;
; |Q|dec3to8:inst1|lpm_mux:Mux3|mux_joc:auto_generated|_~99             ; |Q|dec3to8:inst1|lpm_mux:Mux3|mux_joc:auto_generated|_~99             ; out0             ;
; |Q|dec3to8:inst1|lpm_mux:Mux3|mux_joc:auto_generated|_~101            ; |Q|dec3to8:inst1|lpm_mux:Mux3|mux_joc:auto_generated|_~101            ; out0             ;
; |Q|dec3to8:inst1|lpm_mux:Mux3|mux_joc:auto_generated|_~106            ; |Q|dec3to8:inst1|lpm_mux:Mux3|mux_joc:auto_generated|_~106            ; out0             ;
; |Q|dec3to8:inst1|lpm_mux:Mux3|mux_joc:auto_generated|_~108            ; |Q|dec3to8:inst1|lpm_mux:Mux3|mux_joc:auto_generated|_~108            ; out0             ;
; |Q|dec3to8:inst1|lpm_mux:Mux3|mux_joc:auto_generated|_~110            ; |Q|dec3to8:inst1|lpm_mux:Mux3|mux_joc:auto_generated|_~110            ; out0             ;
; |Q|dec3to8:inst1|lpm_mux:Mux3|mux_joc:auto_generated|_~116            ; |Q|dec3to8:inst1|lpm_mux:Mux3|mux_joc:auto_generated|_~116            ; out0             ;
; |Q|dec3to8:inst1|lpm_mux:Mux3|mux_joc:auto_generated|_~117            ; |Q|dec3to8:inst1|lpm_mux:Mux3|mux_joc:auto_generated|_~117            ; out0             ;
; |Q|dec3to8:inst1|lpm_mux:Mux3|mux_joc:auto_generated|_~121            ; |Q|dec3to8:inst1|lpm_mux:Mux3|mux_joc:auto_generated|_~121            ; out0             ;
; |Q|dec3to8:inst1|lpm_mux:Mux3|mux_joc:auto_generated|_~130            ; |Q|dec3to8:inst1|lpm_mux:Mux3|mux_joc:auto_generated|_~130            ; out0             ;
; |Q|dec3to8:inst1|lpm_mux:Mux2|mux_joc:auto_generated|_~0              ; |Q|dec3to8:inst1|lpm_mux:Mux2|mux_joc:auto_generated|_~0              ; out0             ;
; |Q|dec3to8:inst1|lpm_mux:Mux2|mux_joc:auto_generated|_~2              ; |Q|dec3to8:inst1|lpm_mux:Mux2|mux_joc:auto_generated|_~2              ; out0             ;
; |Q|dec3to8:inst1|lpm_mux:Mux2|mux_joc:auto_generated|_~4              ; |Q|dec3to8:inst1|lpm_mux:Mux2|mux_joc:auto_generated|_~4              ; out0             ;
; |Q|dec3to8:inst1|lpm_mux:Mux2|mux_joc:auto_generated|_~9              ; |Q|dec3to8:inst1|lpm_mux:Mux2|mux_joc:auto_generated|_~9              ; out0             ;
; |Q|dec3to8:inst1|lpm_mux:Mux2|mux_joc:auto_generated|_~11             ; |Q|dec3to8:inst1|lpm_mux:Mux2|mux_joc:auto_generated|_~11             ; out0             ;
; |Q|dec3to8:inst1|lpm_mux:Mux2|mux_joc:auto_generated|_~13             ; |Q|dec3to8:inst1|lpm_mux:Mux2|mux_joc:auto_generated|_~13             ; out0             ;
; |Q|dec3to8:inst1|lpm_mux:Mux2|mux_joc:auto_generated|_~19             ; |Q|dec3to8:inst1|lpm_mux:Mux2|mux_joc:auto_generated|_~19             ; out0             ;
; |Q|dec3to8:inst1|lpm_mux:Mux2|mux_joc:auto_generated|_~20             ; |Q|dec3to8:inst1|lpm_mux:Mux2|mux_joc:auto_generated|_~20             ; out0             ;
; |Q|dec3to8:inst1|lpm_mux:Mux2|mux_joc:auto_generated|_~21             ; |Q|dec3to8:inst1|lpm_mux:Mux2|mux_joc:auto_generated|_~21             ; out0             ;
; |Q|dec3to8:inst1|lpm_mux:Mux2|mux_joc:auto_generated|_~22             ; |Q|dec3to8:inst1|lpm_mux:Mux2|mux_joc:auto_generated|_~22             ; out0             ;
; |Q|dec3to8:inst1|lpm_mux:Mux2|mux_joc:auto_generated|_~24             ; |Q|dec3to8:inst1|lpm_mux:Mux2|mux_joc:auto_generated|_~24             ; out0             ;
; |Q|dec3to8:inst1|lpm_mux:Mux2|mux_joc:auto_generated|_~26             ; |Q|dec3to8:inst1|lpm_mux:Mux2|mux_joc:auto_generated|_~26             ; out0             ;
; |Q|dec3to8:inst1|lpm_mux:Mux2|mux_joc:auto_generated|_~31             ; |Q|dec3to8:inst1|lpm_mux:Mux2|mux_joc:auto_generated|_~31             ; out0             ;
; |Q|dec3to8:inst1|lpm_mux:Mux2|mux_joc:auto_generated|_~33             ; |Q|dec3to8:inst1|lpm_mux:Mux2|mux_joc:auto_generated|_~33             ; out0             ;
; |Q|dec3to8:inst1|lpm_mux:Mux2|mux_joc:auto_generated|_~35             ; |Q|dec3to8:inst1|lpm_mux:Mux2|mux_joc:auto_generated|_~35             ; out0             ;
; |Q|dec3to8:inst1|lpm_mux:Mux2|mux_joc:auto_generated|_~41             ; |Q|dec3to8:inst1|lpm_mux:Mux2|mux_joc:auto_generated|_~41             ; out0             ;
; |Q|dec3to8:inst1|lpm_mux:Mux2|mux_joc:auto_generated|_~42             ; |Q|dec3to8:inst1|lpm_mux:Mux2|mux_joc:auto_generated|_~42             ; out0             ;
; |Q|dec3to8:inst1|lpm_mux:Mux2|mux_joc:auto_generated|_~43             ; |Q|dec3to8:inst1|lpm_mux:Mux2|mux_joc:auto_generated|_~43             ; out0             ;
; |Q|dec3to8:inst1|lpm_mux:Mux2|mux_joc:auto_generated|_~44             ; |Q|dec3to8:inst1|lpm_mux:Mux2|mux_joc:auto_generated|_~44             ; out0             ;
; |Q|dec3to8:inst1|lpm_mux:Mux2|mux_joc:auto_generated|_~46             ; |Q|dec3to8:inst1|lpm_mux:Mux2|mux_joc:auto_generated|_~46             ; out0             ;
; |Q|dec3to8:inst1|lpm_mux:Mux2|mux_joc:auto_generated|_~47             ; |Q|dec3to8:inst1|lpm_mux:Mux2|mux_joc:auto_generated|_~47             ; out0             ;
; |Q|dec3to8:inst1|lpm_mux:Mux2|mux_joc:auto_generated|_~49             ; |Q|dec3to8:inst1|lpm_mux:Mux2|mux_joc:auto_generated|_~49             ; out0             ;
; |Q|dec3to8:inst1|lpm_mux:Mux2|mux_joc:auto_generated|_~51             ; |Q|dec3to8:inst1|lpm_mux:Mux2|mux_joc:auto_generated|_~51             ; out0             ;
; |Q|dec3to8:inst1|lpm_mux:Mux2|mux_joc:auto_generated|_~56             ; |Q|dec3to8:inst1|lpm_mux:Mux2|mux_joc:auto_generated|_~56             ; out0             ;
; |Q|dec3to8:inst1|lpm_mux:Mux2|mux_joc:auto_generated|_~58             ; |Q|dec3to8:inst1|lpm_mux:Mux2|mux_joc:auto_generated|_~58             ; out0             ;
; |Q|dec3to8:inst1|lpm_mux:Mux2|mux_joc:auto_generated|_~60             ; |Q|dec3to8:inst1|lpm_mux:Mux2|mux_joc:auto_generated|_~60             ; out0             ;
; |Q|dec3to8:inst1|lpm_mux:Mux2|mux_joc:auto_generated|_~66             ; |Q|dec3to8:inst1|lpm_mux:Mux2|mux_joc:auto_generated|_~66             ; out0             ;
; |Q|dec3to8:inst1|lpm_mux:Mux2|mux_joc:auto_generated|_~67             ; |Q|dec3to8:inst1|lpm_mux:Mux2|mux_joc:auto_generated|_~67             ; out0             ;
; |Q|dec3to8:inst1|lpm_mux:Mux2|mux_joc:auto_generated|result_node[0]~0 ; |Q|dec3to8:inst1|lpm_mux:Mux2|mux_joc:auto_generated|result_node[0]~0 ; out0             ;
; |Q|dec3to8:inst1|lpm_mux:Mux2|mux_joc:auto_generated|_~72             ; |Q|dec3to8:inst1|lpm_mux:Mux2|mux_joc:auto_generated|_~72             ; out0             ;
; |Q|dec3to8:inst1|lpm_mux:Mux2|mux_joc:auto_generated|_~74             ; |Q|dec3to8:inst1|lpm_mux:Mux2|mux_joc:auto_generated|_~74             ; out0             ;
; |Q|dec3to8:inst1|lpm_mux:Mux2|mux_joc:auto_generated|_~76             ; |Q|dec3to8:inst1|lpm_mux:Mux2|mux_joc:auto_generated|_~76             ; out0             ;
; |Q|dec3to8:inst1|lpm_mux:Mux2|mux_joc:auto_generated|_~81             ; |Q|dec3to8:inst1|lpm_mux:Mux2|mux_joc:auto_generated|_~81             ; out0             ;
; |Q|dec3to8:inst1|lpm_mux:Mux2|mux_joc:auto_generated|_~83             ; |Q|dec3to8:inst1|lpm_mux:Mux2|mux_joc:auto_generated|_~83             ; out0             ;
; |Q|dec3to8:inst1|lpm_mux:Mux2|mux_joc:auto_generated|_~85             ; |Q|dec3to8:inst1|lpm_mux:Mux2|mux_joc:auto_generated|_~85             ; out0             ;
; |Q|dec3to8:inst1|lpm_mux:Mux2|mux_joc:auto_generated|_~91             ; |Q|dec3to8:inst1|lpm_mux:Mux2|mux_joc:auto_generated|_~91             ; out0             ;
; |Q|dec3to8:inst1|lpm_mux:Mux2|mux_joc:auto_generated|_~92             ; |Q|dec3to8:inst1|lpm_mux:Mux2|mux_joc:auto_generated|_~92             ; out0             ;
; |Q|dec3to8:inst1|lpm_mux:Mux2|mux_joc:auto_generated|_~93             ; |Q|dec3to8:inst1|lpm_mux:Mux2|mux_joc:auto_generated|_~93             ; out0             ;
; |Q|dec3to8:inst1|lpm_mux:Mux2|mux_joc:auto_generated|_~94             ; |Q|dec3to8:inst1|lpm_mux:Mux2|mux_joc:auto_generated|_~94             ; out0             ;
; |Q|dec3to8:inst1|lpm_mux:Mux2|mux_joc:auto_generated|_~96             ; |Q|dec3to8:inst1|lpm_mux:Mux2|mux_joc:auto_generated|_~96             ; out0             ;
; |Q|dec3to8:inst1|lpm_mux:Mux2|mux_joc:auto_generated|_~97             ; |Q|dec3to8:inst1|lpm_mux:Mux2|mux_joc:auto_generated|_~97             ; out0             ;
; |Q|dec3to8:inst1|lpm_mux:Mux2|mux_joc:auto_generated|_~99             ; |Q|dec3to8:inst1|lpm_mux:Mux2|mux_joc:auto_generated|_~99             ; out0             ;
; |Q|dec3to8:inst1|lpm_mux:Mux2|mux_joc:auto_generated|_~101            ; |Q|dec3to8:inst1|lpm_mux:Mux2|mux_joc:auto_generated|_~101            ; out0             ;
; |Q|dec3to8:inst1|lpm_mux:Mux2|mux_joc:auto_generated|_~106            ; |Q|dec3to8:inst1|lpm_mux:Mux2|mux_joc:auto_generated|_~106            ; out0             ;
; |Q|dec3to8:inst1|lpm_mux:Mux2|mux_joc:auto_generated|_~108            ; |Q|dec3to8:inst1|lpm_mux:Mux2|mux_joc:auto_generated|_~108            ; out0             ;
; |Q|dec3to8:inst1|lpm_mux:Mux2|mux_joc:auto_generated|_~110            ; |Q|dec3to8:inst1|lpm_mux:Mux2|mux_joc:auto_generated|_~110            ; out0             ;
; |Q|dec3to8:inst1|lpm_mux:Mux2|mux_joc:auto_generated|_~116            ; |Q|dec3to8:inst1|lpm_mux:Mux2|mux_joc:auto_generated|_~116            ; out0             ;
; |Q|dec3to8:inst1|lpm_mux:Mux2|mux_joc:auto_generated|_~117            ; |Q|dec3to8:inst1|lpm_mux:Mux2|mux_joc:auto_generated|_~117            ; out0             ;
; |Q|dec3to8:inst1|lpm_mux:Mux2|mux_joc:auto_generated|_~123            ; |Q|dec3to8:inst1|lpm_mux:Mux2|mux_joc:auto_generated|_~123            ; out0             ;
; |Q|dec3to8:inst1|lpm_mux:Mux2|mux_joc:auto_generated|_~125            ; |Q|dec3to8:inst1|lpm_mux:Mux2|mux_joc:auto_generated|_~125            ; out0             ;
; |Q|dec3to8:inst1|lpm_mux:Mux2|mux_joc:auto_generated|_~132            ; |Q|dec3to8:inst1|lpm_mux:Mux2|mux_joc:auto_generated|_~132            ; out0             ;
; |Q|dec3to8:inst1|lpm_mux:Mux2|mux_joc:auto_generated|_~134            ; |Q|dec3to8:inst1|lpm_mux:Mux2|mux_joc:auto_generated|_~134            ; out0             ;
; |Q|dec3to8:inst1|lpm_mux:Mux2|mux_joc:auto_generated|_~140            ; |Q|dec3to8:inst1|lpm_mux:Mux2|mux_joc:auto_generated|_~140            ; out0             ;
; |Q|dec3to8:inst1|lpm_mux:Mux1|mux_joc:auto_generated|_~0              ; |Q|dec3to8:inst1|lpm_mux:Mux1|mux_joc:auto_generated|_~0              ; out0             ;
; |Q|dec3to8:inst1|lpm_mux:Mux1|mux_joc:auto_generated|_~2              ; |Q|dec3to8:inst1|lpm_mux:Mux1|mux_joc:auto_generated|_~2              ; out0             ;
; |Q|dec3to8:inst1|lpm_mux:Mux1|mux_joc:auto_generated|_~4              ; |Q|dec3to8:inst1|lpm_mux:Mux1|mux_joc:auto_generated|_~4              ; out0             ;
; |Q|dec3to8:inst1|lpm_mux:Mux1|mux_joc:auto_generated|_~9              ; |Q|dec3to8:inst1|lpm_mux:Mux1|mux_joc:auto_generated|_~9              ; out0             ;
; |Q|dec3to8:inst1|lpm_mux:Mux1|mux_joc:auto_generated|_~11             ; |Q|dec3to8:inst1|lpm_mux:Mux1|mux_joc:auto_generated|_~11             ; out0             ;
; |Q|dec3to8:inst1|lpm_mux:Mux1|mux_joc:auto_generated|_~13             ; |Q|dec3to8:inst1|lpm_mux:Mux1|mux_joc:auto_generated|_~13             ; out0             ;
; |Q|dec3to8:inst1|lpm_mux:Mux1|mux_joc:auto_generated|_~19             ; |Q|dec3to8:inst1|lpm_mux:Mux1|mux_joc:auto_generated|_~19             ; out0             ;
; |Q|dec3to8:inst1|lpm_mux:Mux1|mux_joc:auto_generated|_~20             ; |Q|dec3to8:inst1|lpm_mux:Mux1|mux_joc:auto_generated|_~20             ; out0             ;
; |Q|dec3to8:inst1|lpm_mux:Mux1|mux_joc:auto_generated|_~21             ; |Q|dec3to8:inst1|lpm_mux:Mux1|mux_joc:auto_generated|_~21             ; out0             ;
; |Q|dec3to8:inst1|lpm_mux:Mux1|mux_joc:auto_generated|_~22             ; |Q|dec3to8:inst1|lpm_mux:Mux1|mux_joc:auto_generated|_~22             ; out0             ;
; |Q|dec3to8:inst1|lpm_mux:Mux1|mux_joc:auto_generated|_~24             ; |Q|dec3to8:inst1|lpm_mux:Mux1|mux_joc:auto_generated|_~24             ; out0             ;
; |Q|dec3to8:inst1|lpm_mux:Mux1|mux_joc:auto_generated|_~26             ; |Q|dec3to8:inst1|lpm_mux:Mux1|mux_joc:auto_generated|_~26             ; out0             ;
; |Q|dec3to8:inst1|lpm_mux:Mux1|mux_joc:auto_generated|_~31             ; |Q|dec3to8:inst1|lpm_mux:Mux1|mux_joc:auto_generated|_~31             ; out0             ;
; |Q|dec3to8:inst1|lpm_mux:Mux1|mux_joc:auto_generated|_~33             ; |Q|dec3to8:inst1|lpm_mux:Mux1|mux_joc:auto_generated|_~33             ; out0             ;
; |Q|dec3to8:inst1|lpm_mux:Mux1|mux_joc:auto_generated|_~35             ; |Q|dec3to8:inst1|lpm_mux:Mux1|mux_joc:auto_generated|_~35             ; out0             ;
; |Q|dec3to8:inst1|lpm_mux:Mux1|mux_joc:auto_generated|_~41             ; |Q|dec3to8:inst1|lpm_mux:Mux1|mux_joc:auto_generated|_~41             ; out0             ;
; |Q|dec3to8:inst1|lpm_mux:Mux1|mux_joc:auto_generated|_~42             ; |Q|dec3to8:inst1|lpm_mux:Mux1|mux_joc:auto_generated|_~42             ; out0             ;
; |Q|dec3to8:inst1|lpm_mux:Mux1|mux_joc:auto_generated|_~43             ; |Q|dec3to8:inst1|lpm_mux:Mux1|mux_joc:auto_generated|_~43             ; out0             ;
; |Q|dec3to8:inst1|lpm_mux:Mux1|mux_joc:auto_generated|_~44             ; |Q|dec3to8:inst1|lpm_mux:Mux1|mux_joc:auto_generated|_~44             ; out0             ;
; |Q|dec3to8:inst1|lpm_mux:Mux1|mux_joc:auto_generated|_~46             ; |Q|dec3to8:inst1|lpm_mux:Mux1|mux_joc:auto_generated|_~46             ; out0             ;
; |Q|dec3to8:inst1|lpm_mux:Mux1|mux_joc:auto_generated|_~47             ; |Q|dec3to8:inst1|lpm_mux:Mux1|mux_joc:auto_generated|_~47             ; out0             ;
; |Q|dec3to8:inst1|lpm_mux:Mux1|mux_joc:auto_generated|_~49             ; |Q|dec3to8:inst1|lpm_mux:Mux1|mux_joc:auto_generated|_~49             ; out0             ;
; |Q|dec3to8:inst1|lpm_mux:Mux1|mux_joc:auto_generated|_~51             ; |Q|dec3to8:inst1|lpm_mux:Mux1|mux_joc:auto_generated|_~51             ; out0             ;
; |Q|dec3to8:inst1|lpm_mux:Mux1|mux_joc:auto_generated|_~56             ; |Q|dec3to8:inst1|lpm_mux:Mux1|mux_joc:auto_generated|_~56             ; out0             ;
; |Q|dec3to8:inst1|lpm_mux:Mux1|mux_joc:auto_generated|_~58             ; |Q|dec3to8:inst1|lpm_mux:Mux1|mux_joc:auto_generated|_~58             ; out0             ;
; |Q|dec3to8:inst1|lpm_mux:Mux1|mux_joc:auto_generated|_~60             ; |Q|dec3to8:inst1|lpm_mux:Mux1|mux_joc:auto_generated|_~60             ; out0             ;
; |Q|dec3to8:inst1|lpm_mux:Mux1|mux_joc:auto_generated|_~66             ; |Q|dec3to8:inst1|lpm_mux:Mux1|mux_joc:auto_generated|_~66             ; out0             ;
; |Q|dec3to8:inst1|lpm_mux:Mux1|mux_joc:auto_generated|_~67             ; |Q|dec3to8:inst1|lpm_mux:Mux1|mux_joc:auto_generated|_~67             ; out0             ;
; |Q|dec3to8:inst1|lpm_mux:Mux1|mux_joc:auto_generated|result_node[0]~0 ; |Q|dec3to8:inst1|lpm_mux:Mux1|mux_joc:auto_generated|result_node[0]~0 ; out0             ;
; |Q|dec3to8:inst1|lpm_mux:Mux1|mux_joc:auto_generated|_~72             ; |Q|dec3to8:inst1|lpm_mux:Mux1|mux_joc:auto_generated|_~72             ; out0             ;
; |Q|dec3to8:inst1|lpm_mux:Mux1|mux_joc:auto_generated|_~74             ; |Q|dec3to8:inst1|lpm_mux:Mux1|mux_joc:auto_generated|_~74             ; out0             ;
; |Q|dec3to8:inst1|lpm_mux:Mux1|mux_joc:auto_generated|_~76             ; |Q|dec3to8:inst1|lpm_mux:Mux1|mux_joc:auto_generated|_~76             ; out0             ;
; |Q|dec3to8:inst1|lpm_mux:Mux1|mux_joc:auto_generated|_~81             ; |Q|dec3to8:inst1|lpm_mux:Mux1|mux_joc:auto_generated|_~81             ; out0             ;
; |Q|dec3to8:inst1|lpm_mux:Mux1|mux_joc:auto_generated|_~83             ; |Q|dec3to8:inst1|lpm_mux:Mux1|mux_joc:auto_generated|_~83             ; out0             ;
; |Q|dec3to8:inst1|lpm_mux:Mux1|mux_joc:auto_generated|_~85             ; |Q|dec3to8:inst1|lpm_mux:Mux1|mux_joc:auto_generated|_~85             ; out0             ;
; |Q|dec3to8:inst1|lpm_mux:Mux1|mux_joc:auto_generated|_~91             ; |Q|dec3to8:inst1|lpm_mux:Mux1|mux_joc:auto_generated|_~91             ; out0             ;
; |Q|dec3to8:inst1|lpm_mux:Mux1|mux_joc:auto_generated|_~92             ; |Q|dec3to8:inst1|lpm_mux:Mux1|mux_joc:auto_generated|_~92             ; out0             ;
; |Q|dec3to8:inst1|lpm_mux:Mux1|mux_joc:auto_generated|_~93             ; |Q|dec3to8:inst1|lpm_mux:Mux1|mux_joc:auto_generated|_~93             ; out0             ;
; |Q|dec3to8:inst1|lpm_mux:Mux1|mux_joc:auto_generated|_~94             ; |Q|dec3to8:inst1|lpm_mux:Mux1|mux_joc:auto_generated|_~94             ; out0             ;
; |Q|dec3to8:inst1|lpm_mux:Mux1|mux_joc:auto_generated|_~96             ; |Q|dec3to8:inst1|lpm_mux:Mux1|mux_joc:auto_generated|_~96             ; out0             ;
; |Q|dec3to8:inst1|lpm_mux:Mux1|mux_joc:auto_generated|_~97             ; |Q|dec3to8:inst1|lpm_mux:Mux1|mux_joc:auto_generated|_~97             ; out0             ;
; |Q|dec3to8:inst1|lpm_mux:Mux1|mux_joc:auto_generated|_~99             ; |Q|dec3to8:inst1|lpm_mux:Mux1|mux_joc:auto_generated|_~99             ; out0             ;
; |Q|dec3to8:inst1|lpm_mux:Mux1|mux_joc:auto_generated|_~101            ; |Q|dec3to8:inst1|lpm_mux:Mux1|mux_joc:auto_generated|_~101            ; out0             ;
; |Q|dec3to8:inst1|lpm_mux:Mux1|mux_joc:auto_generated|_~106            ; |Q|dec3to8:inst1|lpm_mux:Mux1|mux_joc:auto_generated|_~106            ; out0             ;
; |Q|dec3to8:inst1|lpm_mux:Mux1|mux_joc:auto_generated|_~108            ; |Q|dec3to8:inst1|lpm_mux:Mux1|mux_joc:auto_generated|_~108            ; out0             ;
; |Q|dec3to8:inst1|lpm_mux:Mux1|mux_joc:auto_generated|_~110            ; |Q|dec3to8:inst1|lpm_mux:Mux1|mux_joc:auto_generated|_~110            ; out0             ;
; |Q|dec3to8:inst1|lpm_mux:Mux1|mux_joc:auto_generated|_~116            ; |Q|dec3to8:inst1|lpm_mux:Mux1|mux_joc:auto_generated|_~116            ; out0             ;
; |Q|dec3to8:inst1|lpm_mux:Mux1|mux_joc:auto_generated|_~117            ; |Q|dec3to8:inst1|lpm_mux:Mux1|mux_joc:auto_generated|_~117            ; out0             ;
; |Q|dec3to8:inst1|lpm_mux:Mux1|mux_joc:auto_generated|_~121            ; |Q|dec3to8:inst1|lpm_mux:Mux1|mux_joc:auto_generated|_~121            ; out0             ;
; |Q|dec3to8:inst1|lpm_mux:Mux1|mux_joc:auto_generated|_~123            ; |Q|dec3to8:inst1|lpm_mux:Mux1|mux_joc:auto_generated|_~123            ; out0             ;
; |Q|dec3to8:inst1|lpm_mux:Mux1|mux_joc:auto_generated|_~125            ; |Q|dec3to8:inst1|lpm_mux:Mux1|mux_joc:auto_generated|_~125            ; out0             ;
; |Q|dec3to8:inst1|lpm_mux:Mux1|mux_joc:auto_generated|_~126            ; |Q|dec3to8:inst1|lpm_mux:Mux1|mux_joc:auto_generated|_~126            ; out0             ;
; |Q|dec3to8:inst1|lpm_mux:Mux1|mux_joc:auto_generated|_~130            ; |Q|dec3to8:inst1|lpm_mux:Mux1|mux_joc:auto_generated|_~130            ; out0             ;
; |Q|dec3to8:inst1|lpm_mux:Mux1|mux_joc:auto_generated|_~132            ; |Q|dec3to8:inst1|lpm_mux:Mux1|mux_joc:auto_generated|_~132            ; out0             ;
; |Q|dec3to8:inst1|lpm_mux:Mux1|mux_joc:auto_generated|_~134            ; |Q|dec3to8:inst1|lpm_mux:Mux1|mux_joc:auto_generated|_~134            ; out0             ;
; |Q|dec3to8:inst1|lpm_mux:Mux1|mux_joc:auto_generated|_~135            ; |Q|dec3to8:inst1|lpm_mux:Mux1|mux_joc:auto_generated|_~135            ; out0             ;
; |Q|dec3to8:inst1|lpm_mux:Mux0|mux_joc:auto_generated|_~0              ; |Q|dec3to8:inst1|lpm_mux:Mux0|mux_joc:auto_generated|_~0              ; out0             ;
; |Q|dec3to8:inst1|lpm_mux:Mux0|mux_joc:auto_generated|_~2              ; |Q|dec3to8:inst1|lpm_mux:Mux0|mux_joc:auto_generated|_~2              ; out0             ;
; |Q|dec3to8:inst1|lpm_mux:Mux0|mux_joc:auto_generated|_~4              ; |Q|dec3to8:inst1|lpm_mux:Mux0|mux_joc:auto_generated|_~4              ; out0             ;
; |Q|dec3to8:inst1|lpm_mux:Mux0|mux_joc:auto_generated|_~9              ; |Q|dec3to8:inst1|lpm_mux:Mux0|mux_joc:auto_generated|_~9              ; out0             ;
; |Q|dec3to8:inst1|lpm_mux:Mux0|mux_joc:auto_generated|_~11             ; |Q|dec3to8:inst1|lpm_mux:Mux0|mux_joc:auto_generated|_~11             ; out0             ;
; |Q|dec3to8:inst1|lpm_mux:Mux0|mux_joc:auto_generated|_~13             ; |Q|dec3to8:inst1|lpm_mux:Mux0|mux_joc:auto_generated|_~13             ; out0             ;
; |Q|dec3to8:inst1|lpm_mux:Mux0|mux_joc:auto_generated|_~19             ; |Q|dec3to8:inst1|lpm_mux:Mux0|mux_joc:auto_generated|_~19             ; out0             ;
; |Q|dec3to8:inst1|lpm_mux:Mux0|mux_joc:auto_generated|_~20             ; |Q|dec3to8:inst1|lpm_mux:Mux0|mux_joc:auto_generated|_~20             ; out0             ;
; |Q|dec3to8:inst1|lpm_mux:Mux0|mux_joc:auto_generated|_~21             ; |Q|dec3to8:inst1|lpm_mux:Mux0|mux_joc:auto_generated|_~21             ; out0             ;
; |Q|dec3to8:inst1|lpm_mux:Mux0|mux_joc:auto_generated|_~22             ; |Q|dec3to8:inst1|lpm_mux:Mux0|mux_joc:auto_generated|_~22             ; out0             ;
; |Q|dec3to8:inst1|lpm_mux:Mux0|mux_joc:auto_generated|_~24             ; |Q|dec3to8:inst1|lpm_mux:Mux0|mux_joc:auto_generated|_~24             ; out0             ;
; |Q|dec3to8:inst1|lpm_mux:Mux0|mux_joc:auto_generated|_~26             ; |Q|dec3to8:inst1|lpm_mux:Mux0|mux_joc:auto_generated|_~26             ; out0             ;
; |Q|dec3to8:inst1|lpm_mux:Mux0|mux_joc:auto_generated|_~31             ; |Q|dec3to8:inst1|lpm_mux:Mux0|mux_joc:auto_generated|_~31             ; out0             ;
; |Q|dec3to8:inst1|lpm_mux:Mux0|mux_joc:auto_generated|_~33             ; |Q|dec3to8:inst1|lpm_mux:Mux0|mux_joc:auto_generated|_~33             ; out0             ;
; |Q|dec3to8:inst1|lpm_mux:Mux0|mux_joc:auto_generated|_~35             ; |Q|dec3to8:inst1|lpm_mux:Mux0|mux_joc:auto_generated|_~35             ; out0             ;
; |Q|dec3to8:inst1|lpm_mux:Mux0|mux_joc:auto_generated|_~41             ; |Q|dec3to8:inst1|lpm_mux:Mux0|mux_joc:auto_generated|_~41             ; out0             ;
; |Q|dec3to8:inst1|lpm_mux:Mux0|mux_joc:auto_generated|_~42             ; |Q|dec3to8:inst1|lpm_mux:Mux0|mux_joc:auto_generated|_~42             ; out0             ;
; |Q|dec3to8:inst1|lpm_mux:Mux0|mux_joc:auto_generated|_~43             ; |Q|dec3to8:inst1|lpm_mux:Mux0|mux_joc:auto_generated|_~43             ; out0             ;
; |Q|dec3to8:inst1|lpm_mux:Mux0|mux_joc:auto_generated|_~44             ; |Q|dec3to8:inst1|lpm_mux:Mux0|mux_joc:auto_generated|_~44             ; out0             ;
; |Q|dec3to8:inst1|lpm_mux:Mux0|mux_joc:auto_generated|_~46             ; |Q|dec3to8:inst1|lpm_mux:Mux0|mux_joc:auto_generated|_~46             ; out0             ;
; |Q|dec3to8:inst1|lpm_mux:Mux0|mux_joc:auto_generated|_~47             ; |Q|dec3to8:inst1|lpm_mux:Mux0|mux_joc:auto_generated|_~47             ; out0             ;
; |Q|dec3to8:inst1|lpm_mux:Mux0|mux_joc:auto_generated|_~49             ; |Q|dec3to8:inst1|lpm_mux:Mux0|mux_joc:auto_generated|_~49             ; out0             ;
; |Q|dec3to8:inst1|lpm_mux:Mux0|mux_joc:auto_generated|_~51             ; |Q|dec3to8:inst1|lpm_mux:Mux0|mux_joc:auto_generated|_~51             ; out0             ;
; |Q|dec3to8:inst1|lpm_mux:Mux0|mux_joc:auto_generated|_~56             ; |Q|dec3to8:inst1|lpm_mux:Mux0|mux_joc:auto_generated|_~56             ; out0             ;
; |Q|dec3to8:inst1|lpm_mux:Mux0|mux_joc:auto_generated|_~58             ; |Q|dec3to8:inst1|lpm_mux:Mux0|mux_joc:auto_generated|_~58             ; out0             ;
; |Q|dec3to8:inst1|lpm_mux:Mux0|mux_joc:auto_generated|_~60             ; |Q|dec3to8:inst1|lpm_mux:Mux0|mux_joc:auto_generated|_~60             ; out0             ;
; |Q|dec3to8:inst1|lpm_mux:Mux0|mux_joc:auto_generated|_~66             ; |Q|dec3to8:inst1|lpm_mux:Mux0|mux_joc:auto_generated|_~66             ; out0             ;
; |Q|dec3to8:inst1|lpm_mux:Mux0|mux_joc:auto_generated|_~67             ; |Q|dec3to8:inst1|lpm_mux:Mux0|mux_joc:auto_generated|_~67             ; out0             ;
; |Q|dec3to8:inst1|lpm_mux:Mux0|mux_joc:auto_generated|result_node[0]~0 ; |Q|dec3to8:inst1|lpm_mux:Mux0|mux_joc:auto_generated|result_node[0]~0 ; out0             ;
; |Q|dec3to8:inst1|lpm_mux:Mux0|mux_joc:auto_generated|_~72             ; |Q|dec3to8:inst1|lpm_mux:Mux0|mux_joc:auto_generated|_~72             ; out0             ;
; |Q|dec3to8:inst1|lpm_mux:Mux0|mux_joc:auto_generated|_~74             ; |Q|dec3to8:inst1|lpm_mux:Mux0|mux_joc:auto_generated|_~74             ; out0             ;
; |Q|dec3to8:inst1|lpm_mux:Mux0|mux_joc:auto_generated|_~76             ; |Q|dec3to8:inst1|lpm_mux:Mux0|mux_joc:auto_generated|_~76             ; out0             ;
; |Q|dec3to8:inst1|lpm_mux:Mux0|mux_joc:auto_generated|_~81             ; |Q|dec3to8:inst1|lpm_mux:Mux0|mux_joc:auto_generated|_~81             ; out0             ;
; |Q|dec3to8:inst1|lpm_mux:Mux0|mux_joc:auto_generated|_~83             ; |Q|dec3to8:inst1|lpm_mux:Mux0|mux_joc:auto_generated|_~83             ; out0             ;
; |Q|dec3to8:inst1|lpm_mux:Mux0|mux_joc:auto_generated|_~85             ; |Q|dec3to8:inst1|lpm_mux:Mux0|mux_joc:auto_generated|_~85             ; out0             ;
; |Q|dec3to8:inst1|lpm_mux:Mux0|mux_joc:auto_generated|_~91             ; |Q|dec3to8:inst1|lpm_mux:Mux0|mux_joc:auto_generated|_~91             ; out0             ;
; |Q|dec3to8:inst1|lpm_mux:Mux0|mux_joc:auto_generated|_~92             ; |Q|dec3to8:inst1|lpm_mux:Mux0|mux_joc:auto_generated|_~92             ; out0             ;
; |Q|dec3to8:inst1|lpm_mux:Mux0|mux_joc:auto_generated|_~93             ; |Q|dec3to8:inst1|lpm_mux:Mux0|mux_joc:auto_generated|_~93             ; out0             ;
; |Q|dec3to8:inst1|lpm_mux:Mux0|mux_joc:auto_generated|_~94             ; |Q|dec3to8:inst1|lpm_mux:Mux0|mux_joc:auto_generated|_~94             ; out0             ;
; |Q|dec3to8:inst1|lpm_mux:Mux0|mux_joc:auto_generated|_~96             ; |Q|dec3to8:inst1|lpm_mux:Mux0|mux_joc:auto_generated|_~96             ; out0             ;
; |Q|dec3to8:inst1|lpm_mux:Mux0|mux_joc:auto_generated|_~97             ; |Q|dec3to8:inst1|lpm_mux:Mux0|mux_joc:auto_generated|_~97             ; out0             ;
; |Q|dec3to8:inst1|lpm_mux:Mux0|mux_joc:auto_generated|_~99             ; |Q|dec3to8:inst1|lpm_mux:Mux0|mux_joc:auto_generated|_~99             ; out0             ;
; |Q|dec3to8:inst1|lpm_mux:Mux0|mux_joc:auto_generated|_~101            ; |Q|dec3to8:inst1|lpm_mux:Mux0|mux_joc:auto_generated|_~101            ; out0             ;
; |Q|dec3to8:inst1|lpm_mux:Mux0|mux_joc:auto_generated|_~106            ; |Q|dec3to8:inst1|lpm_mux:Mux0|mux_joc:auto_generated|_~106            ; out0             ;
; |Q|dec3to8:inst1|lpm_mux:Mux0|mux_joc:auto_generated|_~108            ; |Q|dec3to8:inst1|lpm_mux:Mux0|mux_joc:auto_generated|_~108            ; out0             ;
; |Q|dec3to8:inst1|lpm_mux:Mux0|mux_joc:auto_generated|_~110            ; |Q|dec3to8:inst1|lpm_mux:Mux0|mux_joc:auto_generated|_~110            ; out0             ;
; |Q|dec3to8:inst1|lpm_mux:Mux0|mux_joc:auto_generated|_~116            ; |Q|dec3to8:inst1|lpm_mux:Mux0|mux_joc:auto_generated|_~116            ; out0             ;
; |Q|dec3to8:inst1|lpm_mux:Mux0|mux_joc:auto_generated|_~117            ; |Q|dec3to8:inst1|lpm_mux:Mux0|mux_joc:auto_generated|_~117            ; out0             ;
; |Q|dec3to8:inst1|lpm_mux:Mux0|mux_joc:auto_generated|_~121            ; |Q|dec3to8:inst1|lpm_mux:Mux0|mux_joc:auto_generated|_~121            ; out0             ;
; |Q|dec3to8:inst1|lpm_mux:Mux0|mux_joc:auto_generated|_~123            ; |Q|dec3to8:inst1|lpm_mux:Mux0|mux_joc:auto_generated|_~123            ; out0             ;
; |Q|dec3to8:inst1|lpm_mux:Mux0|mux_joc:auto_generated|_~125            ; |Q|dec3to8:inst1|lpm_mux:Mux0|mux_joc:auto_generated|_~125            ; out0             ;
; |Q|dec3to8:inst1|lpm_mux:Mux0|mux_joc:auto_generated|_~130            ; |Q|dec3to8:inst1|lpm_mux:Mux0|mux_joc:auto_generated|_~130            ; out0             ;
; |Q|dec3to8:inst1|lpm_mux:Mux0|mux_joc:auto_generated|_~132            ; |Q|dec3to8:inst1|lpm_mux:Mux0|mux_joc:auto_generated|_~132            ; out0             ;
; |Q|dec3to8:inst1|lpm_mux:Mux0|mux_joc:auto_generated|_~134            ; |Q|dec3to8:inst1|lpm_mux:Mux0|mux_joc:auto_generated|_~134            ; out0             ;
; |Q|dec3to8:inst1|lpm_mux:Mux0|mux_joc:auto_generated|_~139            ; |Q|dec3to8:inst1|lpm_mux:Mux0|mux_joc:auto_generated|_~139            ; out0             ;
; |Q|ALU_unit3:inst|lpm_mux:Mux0|mux_aqc:auto_generated|_~0             ; |Q|ALU_unit3:inst|lpm_mux:Mux0|mux_aqc:auto_generated|_~0             ; out0             ;
; |Q|ALU_unit3:inst|lpm_mux:Mux0|mux_aqc:auto_generated|_~2             ; |Q|ALU_unit3:inst|lpm_mux:Mux0|mux_aqc:auto_generated|_~2             ; out0             ;
; |Q|ALU_unit3:inst|lpm_mux:Mux0|mux_aqc:auto_generated|_~4             ; |Q|ALU_unit3:inst|lpm_mux:Mux0|mux_aqc:auto_generated|_~4             ; out0             ;
; |Q|ALU_unit3:inst|lpm_mux:Mux0|mux_aqc:auto_generated|_~6             ; |Q|ALU_unit3:inst|lpm_mux:Mux0|mux_aqc:auto_generated|_~6             ; out0             ;
; |Q|ALU_unit3:inst|lpm_mux:Mux0|mux_aqc:auto_generated|_~7             ; |Q|ALU_unit3:inst|lpm_mux:Mux0|mux_aqc:auto_generated|_~7             ; out0             ;
; |Q|ALU_unit3:inst|lpm_mux:Mux0|mux_aqc:auto_generated|_~8             ; |Q|ALU_unit3:inst|lpm_mux:Mux0|mux_aqc:auto_generated|_~8             ; out0             ;
; |Q|ALU_unit3:inst|lpm_mux:Mux0|mux_aqc:auto_generated|_~9             ; |Q|ALU_unit3:inst|lpm_mux:Mux0|mux_aqc:auto_generated|_~9             ; out0             ;
; |Q|ALU_unit3:inst|lpm_mux:Mux0|mux_aqc:auto_generated|_~11            ; |Q|ALU_unit3:inst|lpm_mux:Mux0|mux_aqc:auto_generated|_~11            ; out0             ;
; |Q|ALU_unit3:inst|lpm_mux:Mux0|mux_aqc:auto_generated|_~13            ; |Q|ALU_unit3:inst|lpm_mux:Mux0|mux_aqc:auto_generated|_~13            ; out0             ;
; |Q|ALU_unit3:inst|lpm_mux:Mux0|mux_aqc:auto_generated|_~15            ; |Q|ALU_unit3:inst|lpm_mux:Mux0|mux_aqc:auto_generated|_~15            ; out0             ;
; |Q|ALU_unit3:inst|lpm_mux:Mux0|mux_aqc:auto_generated|_~16            ; |Q|ALU_unit3:inst|lpm_mux:Mux0|mux_aqc:auto_generated|_~16            ; out0             ;
; |Q|ALU_unit3:inst|lpm_mux:Mux0|mux_aqc:auto_generated|_~19            ; |Q|ALU_unit3:inst|lpm_mux:Mux0|mux_aqc:auto_generated|_~19            ; out0             ;
; |Q|ALU_unit3:inst|lpm_mux:Mux0|mux_aqc:auto_generated|_~20            ; |Q|ALU_unit3:inst|lpm_mux:Mux0|mux_aqc:auto_generated|_~20            ; out0             ;
; |Q|ALU_unit3:inst|lpm_mux:Mux0|mux_aqc:auto_generated|_~21            ; |Q|ALU_unit3:inst|lpm_mux:Mux0|mux_aqc:auto_generated|_~21            ; out0             ;
; |Q|ALU_unit3:inst|lpm_mux:Mux0|mux_aqc:auto_generated|_~22            ; |Q|ALU_unit3:inst|lpm_mux:Mux0|mux_aqc:auto_generated|_~22            ; out0             ;
; |Q|ALU_unit3:inst|lpm_mux:Mux0|mux_aqc:auto_generated|_~24            ; |Q|ALU_unit3:inst|lpm_mux:Mux0|mux_aqc:auto_generated|_~24            ; out0             ;
; |Q|ALU_unit3:inst|lpm_mux:Mux0|mux_aqc:auto_generated|_~26            ; |Q|ALU_unit3:inst|lpm_mux:Mux0|mux_aqc:auto_generated|_~26            ; out0             ;
; |Q|ALU_unit3:inst|lpm_mux:Mux0|mux_aqc:auto_generated|_~28            ; |Q|ALU_unit3:inst|lpm_mux:Mux0|mux_aqc:auto_generated|_~28            ; out0             ;
; |Q|ALU_unit3:inst|lpm_mux:Mux0|mux_aqc:auto_generated|_~29            ; |Q|ALU_unit3:inst|lpm_mux:Mux0|mux_aqc:auto_generated|_~29            ; out0             ;
; |Q|ALU_unit3:inst|lpm_mux:Mux0|mux_aqc:auto_generated|_~30            ; |Q|ALU_unit3:inst|lpm_mux:Mux0|mux_aqc:auto_generated|_~30            ; out0             ;
; |Q|ALU_unit3:inst|lpm_mux:Mux0|mux_aqc:auto_generated|_~31            ; |Q|ALU_unit3:inst|lpm_mux:Mux0|mux_aqc:auto_generated|_~31            ; out0             ;
; |Q|ALU_unit3:inst|lpm_mux:Mux0|mux_aqc:auto_generated|_~33            ; |Q|ALU_unit3:inst|lpm_mux:Mux0|mux_aqc:auto_generated|_~33            ; out0             ;
; |Q|ALU_unit3:inst|lpm_mux:Mux0|mux_aqc:auto_generated|_~35            ; |Q|ALU_unit3:inst|lpm_mux:Mux0|mux_aqc:auto_generated|_~35            ; out0             ;
; |Q|ALU_unit3:inst|lpm_mux:Mux0|mux_aqc:auto_generated|_~37            ; |Q|ALU_unit3:inst|lpm_mux:Mux0|mux_aqc:auto_generated|_~37            ; out0             ;
; |Q|ALU_unit3:inst|lpm_mux:Mux0|mux_aqc:auto_generated|_~38            ; |Q|ALU_unit3:inst|lpm_mux:Mux0|mux_aqc:auto_generated|_~38            ; out0             ;
; |Q|ALU_unit3:inst|lpm_mux:Mux0|mux_aqc:auto_generated|_~41            ; |Q|ALU_unit3:inst|lpm_mux:Mux0|mux_aqc:auto_generated|_~41            ; out0             ;
; |Q|ALU_unit3:inst|lpm_mux:Mux0|mux_aqc:auto_generated|_~42            ; |Q|ALU_unit3:inst|lpm_mux:Mux0|mux_aqc:auto_generated|_~42            ; out0             ;
; |Q|ALU_unit3:inst|lpm_mux:Mux0|mux_aqc:auto_generated|_~44            ; |Q|ALU_unit3:inst|lpm_mux:Mux0|mux_aqc:auto_generated|_~44            ; out0             ;
; |Q|ALU_unit3:inst|lpm_mux:Mux0|mux_aqc:auto_generated|_~46            ; |Q|ALU_unit3:inst|lpm_mux:Mux0|mux_aqc:auto_generated|_~46            ; out0             ;
; |Q|ALU_unit3:inst|lpm_mux:Mux0|mux_aqc:auto_generated|_~47            ; |Q|ALU_unit3:inst|lpm_mux:Mux0|mux_aqc:auto_generated|_~47            ; out0             ;
; |Q|ALU_unit3:inst|lpm_mux:Mux0|mux_aqc:auto_generated|_~49            ; |Q|ALU_unit3:inst|lpm_mux:Mux0|mux_aqc:auto_generated|_~49            ; out0             ;
; |Q|ALU_unit3:inst|lpm_mux:Mux0|mux_aqc:auto_generated|_~51            ; |Q|ALU_unit3:inst|lpm_mux:Mux0|mux_aqc:auto_generated|_~51            ; out0             ;
; |Q|ALU_unit3:inst|lpm_mux:Mux0|mux_aqc:auto_generated|_~53            ; |Q|ALU_unit3:inst|lpm_mux:Mux0|mux_aqc:auto_generated|_~53            ; out0             ;
; |Q|ALU_unit3:inst|lpm_mux:Mux0|mux_aqc:auto_generated|_~54            ; |Q|ALU_unit3:inst|lpm_mux:Mux0|mux_aqc:auto_generated|_~54            ; out0             ;
; |Q|ALU_unit3:inst|lpm_mux:Mux0|mux_aqc:auto_generated|_~55            ; |Q|ALU_unit3:inst|lpm_mux:Mux0|mux_aqc:auto_generated|_~55            ; out0             ;
; |Q|ALU_unit3:inst|lpm_mux:Mux0|mux_aqc:auto_generated|_~56            ; |Q|ALU_unit3:inst|lpm_mux:Mux0|mux_aqc:auto_generated|_~56            ; out0             ;
; |Q|ALU_unit3:inst|lpm_mux:Mux0|mux_aqc:auto_generated|_~58            ; |Q|ALU_unit3:inst|lpm_mux:Mux0|mux_aqc:auto_generated|_~58            ; out0             ;
; |Q|ALU_unit3:inst|lpm_mux:Mux0|mux_aqc:auto_generated|_~60            ; |Q|ALU_unit3:inst|lpm_mux:Mux0|mux_aqc:auto_generated|_~60            ; out0             ;
; |Q|ALU_unit3:inst|lpm_mux:Mux0|mux_aqc:auto_generated|_~62            ; |Q|ALU_unit3:inst|lpm_mux:Mux0|mux_aqc:auto_generated|_~62            ; out0             ;
; |Q|ALU_unit3:inst|lpm_mux:Mux0|mux_aqc:auto_generated|_~63            ; |Q|ALU_unit3:inst|lpm_mux:Mux0|mux_aqc:auto_generated|_~63            ; out0             ;
; |Q|ALU_unit3:inst|lpm_mux:Mux0|mux_aqc:auto_generated|_~66            ; |Q|ALU_unit3:inst|lpm_mux:Mux0|mux_aqc:auto_generated|_~66            ; out0             ;
; |Q|ALU_unit3:inst|lpm_mux:Mux0|mux_aqc:auto_generated|_~67            ; |Q|ALU_unit3:inst|lpm_mux:Mux0|mux_aqc:auto_generated|_~67            ; out0             ;
; |Q|ALU_unit3:inst|lpm_mux:Mux0|mux_aqc:auto_generated|_~69            ; |Q|ALU_unit3:inst|lpm_mux:Mux0|mux_aqc:auto_generated|_~69            ; out0             ;
; |Q|ALU_unit3:inst|lpm_mux:Mux0|mux_aqc:auto_generated|_~70            ; |Q|ALU_unit3:inst|lpm_mux:Mux0|mux_aqc:auto_generated|_~70            ; out0             ;
; |Q|ALU_unit3:inst|lpm_mux:Mux0|mux_aqc:auto_generated|_~71            ; |Q|ALU_unit3:inst|lpm_mux:Mux0|mux_aqc:auto_generated|_~71            ; out0             ;
; |Q|ALU_unit3:inst|lpm_mux:Mux0|mux_aqc:auto_generated|_~72            ; |Q|ALU_unit3:inst|lpm_mux:Mux0|mux_aqc:auto_generated|_~72            ; out0             ;
; |Q|ALU_unit3:inst|lpm_mux:Mux0|mux_aqc:auto_generated|_~73            ; |Q|ALU_unit3:inst|lpm_mux:Mux0|mux_aqc:auto_generated|_~73            ; out0             ;
; |Q|ALU_unit3:inst|lpm_mux:Mux0|mux_aqc:auto_generated|_~75            ; |Q|ALU_unit3:inst|lpm_mux:Mux0|mux_aqc:auto_generated|_~75            ; out0             ;
; |Q|ALU_unit3:inst|lpm_mux:Mux0|mux_aqc:auto_generated|_~77            ; |Q|ALU_unit3:inst|lpm_mux:Mux0|mux_aqc:auto_generated|_~77            ; out0             ;
; |Q|ALU_unit3:inst|lpm_mux:Mux0|mux_aqc:auto_generated|_~79            ; |Q|ALU_unit3:inst|lpm_mux:Mux0|mux_aqc:auto_generated|_~79            ; out0             ;
; |Q|ALU_unit3:inst|lpm_mux:Mux0|mux_aqc:auto_generated|_~80            ; |Q|ALU_unit3:inst|lpm_mux:Mux0|mux_aqc:auto_generated|_~80            ; out0             ;
; |Q|ALU_unit3:inst|lpm_mux:Mux0|mux_aqc:auto_generated|_~81            ; |Q|ALU_unit3:inst|lpm_mux:Mux0|mux_aqc:auto_generated|_~81            ; out0             ;
; |Q|ALU_unit3:inst|lpm_mux:Mux0|mux_aqc:auto_generated|_~82            ; |Q|ALU_unit3:inst|lpm_mux:Mux0|mux_aqc:auto_generated|_~82            ; out0             ;
; |Q|ALU_unit3:inst|lpm_mux:Mux0|mux_aqc:auto_generated|_~84            ; |Q|ALU_unit3:inst|lpm_mux:Mux0|mux_aqc:auto_generated|_~84            ; out0             ;
; |Q|ALU_unit3:inst|lpm_mux:Mux0|mux_aqc:auto_generated|_~86            ; |Q|ALU_unit3:inst|lpm_mux:Mux0|mux_aqc:auto_generated|_~86            ; out0             ;
; |Q|ALU_unit3:inst|lpm_mux:Mux0|mux_aqc:auto_generated|_~88            ; |Q|ALU_unit3:inst|lpm_mux:Mux0|mux_aqc:auto_generated|_~88            ; out0             ;
; |Q|ALU_unit3:inst|lpm_mux:Mux0|mux_aqc:auto_generated|_~89            ; |Q|ALU_unit3:inst|lpm_mux:Mux0|mux_aqc:auto_generated|_~89            ; out0             ;
; |Q|ALU_unit3:inst|lpm_mux:Mux0|mux_aqc:auto_generated|_~92            ; |Q|ALU_unit3:inst|lpm_mux:Mux0|mux_aqc:auto_generated|_~92            ; out0             ;
; |Q|ALU_unit3:inst|lpm_mux:Mux0|mux_aqc:auto_generated|_~93            ; |Q|ALU_unit3:inst|lpm_mux:Mux0|mux_aqc:auto_generated|_~93            ; out0             ;
; |Q|ALU_unit3:inst|lpm_mux:Mux0|mux_aqc:auto_generated|_~95            ; |Q|ALU_unit3:inst|lpm_mux:Mux0|mux_aqc:auto_generated|_~95            ; out0             ;
; |Q|ALU_unit3:inst|lpm_mux:Mux0|mux_aqc:auto_generated|_~97            ; |Q|ALU_unit3:inst|lpm_mux:Mux0|mux_aqc:auto_generated|_~97            ; out0             ;
; |Q|ALU_unit3:inst|lpm_mux:Mux0|mux_aqc:auto_generated|_~98            ; |Q|ALU_unit3:inst|lpm_mux:Mux0|mux_aqc:auto_generated|_~98            ; out0             ;
; |Q|ALU_unit3:inst|lpm_mux:Mux0|mux_aqc:auto_generated|_~100           ; |Q|ALU_unit3:inst|lpm_mux:Mux0|mux_aqc:auto_generated|_~100           ; out0             ;
; |Q|ALU_unit3:inst|lpm_mux:Mux0|mux_aqc:auto_generated|_~102           ; |Q|ALU_unit3:inst|lpm_mux:Mux0|mux_aqc:auto_generated|_~102           ; out0             ;
; |Q|ALU_unit3:inst|lpm_mux:Mux0|mux_aqc:auto_generated|_~104           ; |Q|ALU_unit3:inst|lpm_mux:Mux0|mux_aqc:auto_generated|_~104           ; out0             ;
; |Q|ALU_unit3:inst|lpm_mux:Mux0|mux_aqc:auto_generated|_~105           ; |Q|ALU_unit3:inst|lpm_mux:Mux0|mux_aqc:auto_generated|_~105           ; out0             ;
; |Q|ALU_unit3:inst|lpm_mux:Mux0|mux_aqc:auto_generated|_~106           ; |Q|ALU_unit3:inst|lpm_mux:Mux0|mux_aqc:auto_generated|_~106           ; out0             ;
; |Q|ALU_unit3:inst|lpm_mux:Mux0|mux_aqc:auto_generated|_~107           ; |Q|ALU_unit3:inst|lpm_mux:Mux0|mux_aqc:auto_generated|_~107           ; out0             ;
; |Q|ALU_unit3:inst|lpm_mux:Mux0|mux_aqc:auto_generated|_~109           ; |Q|ALU_unit3:inst|lpm_mux:Mux0|mux_aqc:auto_generated|_~109           ; out0             ;
; |Q|ALU_unit3:inst|lpm_mux:Mux0|mux_aqc:auto_generated|_~111           ; |Q|ALU_unit3:inst|lpm_mux:Mux0|mux_aqc:auto_generated|_~111           ; out0             ;
; |Q|ALU_unit3:inst|lpm_mux:Mux0|mux_aqc:auto_generated|_~113           ; |Q|ALU_unit3:inst|lpm_mux:Mux0|mux_aqc:auto_generated|_~113           ; out0             ;
; |Q|ALU_unit3:inst|lpm_mux:Mux0|mux_aqc:auto_generated|_~114           ; |Q|ALU_unit3:inst|lpm_mux:Mux0|mux_aqc:auto_generated|_~114           ; out0             ;
; |Q|ALU_unit3:inst|lpm_mux:Mux0|mux_aqc:auto_generated|_~117           ; |Q|ALU_unit3:inst|lpm_mux:Mux0|mux_aqc:auto_generated|_~117           ; out0             ;
; |Q|ALU_unit3:inst|lpm_mux:Mux0|mux_aqc:auto_generated|_~118           ; |Q|ALU_unit3:inst|lpm_mux:Mux0|mux_aqc:auto_generated|_~118           ; out0             ;
; |Q|ALU_unit3:inst|lpm_mux:Mux0|mux_aqc:auto_generated|_~120           ; |Q|ALU_unit3:inst|lpm_mux:Mux0|mux_aqc:auto_generated|_~120           ; out0             ;
; |Q|ALU_unit3:inst|lpm_mux:Mux0|mux_aqc:auto_generated|_~121           ; |Q|ALU_unit3:inst|lpm_mux:Mux0|mux_aqc:auto_generated|_~121           ; out0             ;
; |Q|ALU_unit3:inst|lpm_mux:Mux0|mux_aqc:auto_generated|_~122           ; |Q|ALU_unit3:inst|lpm_mux:Mux0|mux_aqc:auto_generated|_~122           ; out0             ;
; |Q|ALU_unit3:inst|lpm_mux:Mux0|mux_aqc:auto_generated|_~124           ; |Q|ALU_unit3:inst|lpm_mux:Mux0|mux_aqc:auto_generated|_~124           ; out0             ;
; |Q|ALU_unit3:inst|lpm_mux:Mux0|mux_aqc:auto_generated|_~126           ; |Q|ALU_unit3:inst|lpm_mux:Mux0|mux_aqc:auto_generated|_~126           ; out0             ;
; |Q|ALU_unit3:inst|lpm_mux:Mux0|mux_aqc:auto_generated|_~128           ; |Q|ALU_unit3:inst|lpm_mux:Mux0|mux_aqc:auto_generated|_~128           ; out0             ;
; |Q|ALU_unit3:inst|lpm_mux:Mux0|mux_aqc:auto_generated|_~129           ; |Q|ALU_unit3:inst|lpm_mux:Mux0|mux_aqc:auto_generated|_~129           ; out0             ;
; |Q|ALU_unit3:inst|lpm_mux:Mux0|mux_aqc:auto_generated|_~130           ; |Q|ALU_unit3:inst|lpm_mux:Mux0|mux_aqc:auto_generated|_~130           ; out0             ;
; |Q|ALU_unit3:inst|lpm_mux:Mux0|mux_aqc:auto_generated|_~131           ; |Q|ALU_unit3:inst|lpm_mux:Mux0|mux_aqc:auto_generated|_~131           ; out0             ;
; |Q|ALU_unit3:inst|lpm_mux:Mux0|mux_aqc:auto_generated|_~133           ; |Q|ALU_unit3:inst|lpm_mux:Mux0|mux_aqc:auto_generated|_~133           ; out0             ;
; |Q|ALU_unit3:inst|lpm_mux:Mux0|mux_aqc:auto_generated|_~135           ; |Q|ALU_unit3:inst|lpm_mux:Mux0|mux_aqc:auto_generated|_~135           ; out0             ;
; |Q|ALU_unit3:inst|lpm_mux:Mux0|mux_aqc:auto_generated|_~137           ; |Q|ALU_unit3:inst|lpm_mux:Mux0|mux_aqc:auto_generated|_~137           ; out0             ;
; |Q|ALU_unit3:inst|lpm_mux:Mux0|mux_aqc:auto_generated|_~138           ; |Q|ALU_unit3:inst|lpm_mux:Mux0|mux_aqc:auto_generated|_~138           ; out0             ;
; |Q|ALU_unit3:inst|lpm_mux:Mux0|mux_aqc:auto_generated|_~141           ; |Q|ALU_unit3:inst|lpm_mux:Mux0|mux_aqc:auto_generated|_~141           ; out0             ;
; |Q|ALU_unit3:inst|lpm_mux:Mux0|mux_aqc:auto_generated|_~142           ; |Q|ALU_unit3:inst|lpm_mux:Mux0|mux_aqc:auto_generated|_~142           ; out0             ;
; |Q|ALU_unit3:inst|lpm_mux:Mux0|mux_aqc:auto_generated|_~145           ; |Q|ALU_unit3:inst|lpm_mux:Mux0|mux_aqc:auto_generated|_~145           ; out0             ;
; |Q|ALU_unit3:inst|lpm_mux:Mux0|mux_aqc:auto_generated|_~146           ; |Q|ALU_unit3:inst|lpm_mux:Mux0|mux_aqc:auto_generated|_~146           ; out0             ;
; |Q|ALU_unit3:inst|lpm_mux:Mux0|mux_aqc:auto_generated|_~147           ; |Q|ALU_unit3:inst|lpm_mux:Mux0|mux_aqc:auto_generated|_~147           ; out0             ;
; |Q|ALU_unit3:inst|lpm_mux:Mux0|mux_aqc:auto_generated|_~148           ; |Q|ALU_unit3:inst|lpm_mux:Mux0|mux_aqc:auto_generated|_~148           ; out0             ;
; |Q|ALU_unit3:inst|lpm_mux:Mux0|mux_aqc:auto_generated|_~150           ; |Q|ALU_unit3:inst|lpm_mux:Mux0|mux_aqc:auto_generated|_~150           ; out0             ;
; |Q|ALU_unit3:inst|lpm_mux:Mux0|mux_aqc:auto_generated|_~152           ; |Q|ALU_unit3:inst|lpm_mux:Mux0|mux_aqc:auto_generated|_~152           ; out0             ;
; |Q|ALU_unit3:inst|lpm_mux:Mux0|mux_aqc:auto_generated|_~154           ; |Q|ALU_unit3:inst|lpm_mux:Mux0|mux_aqc:auto_generated|_~154           ; out0             ;
; |Q|ALU_unit3:inst|lpm_mux:Mux0|mux_aqc:auto_generated|_~155           ; |Q|ALU_unit3:inst|lpm_mux:Mux0|mux_aqc:auto_generated|_~155           ; out0             ;
; |Q|ALU_unit3:inst|lpm_mux:Mux0|mux_aqc:auto_generated|_~156           ; |Q|ALU_unit3:inst|lpm_mux:Mux0|mux_aqc:auto_generated|_~156           ; out0             ;
; |Q|ALU_unit3:inst|lpm_mux:Mux0|mux_aqc:auto_generated|_~157           ; |Q|ALU_unit3:inst|lpm_mux:Mux0|mux_aqc:auto_generated|_~157           ; out0             ;
; |Q|ALU_unit3:inst|lpm_mux:Mux0|mux_aqc:auto_generated|_~159           ; |Q|ALU_unit3:inst|lpm_mux:Mux0|mux_aqc:auto_generated|_~159           ; out0             ;
; |Q|ALU_unit3:inst|lpm_mux:Mux0|mux_aqc:auto_generated|_~161           ; |Q|ALU_unit3:inst|lpm_mux:Mux0|mux_aqc:auto_generated|_~161           ; out0             ;
; |Q|ALU_unit3:inst|lpm_mux:Mux0|mux_aqc:auto_generated|_~163           ; |Q|ALU_unit3:inst|lpm_mux:Mux0|mux_aqc:auto_generated|_~163           ; out0             ;
; |Q|ALU_unit3:inst|lpm_mux:Mux0|mux_aqc:auto_generated|_~164           ; |Q|ALU_unit3:inst|lpm_mux:Mux0|mux_aqc:auto_generated|_~164           ; out0             ;
; |Q|ALU_unit3:inst|lpm_mux:Mux0|mux_aqc:auto_generated|_~167           ; |Q|ALU_unit3:inst|lpm_mux:Mux0|mux_aqc:auto_generated|_~167           ; out0             ;
; |Q|ALU_unit3:inst|lpm_mux:Mux0|mux_aqc:auto_generated|_~168           ; |Q|ALU_unit3:inst|lpm_mux:Mux0|mux_aqc:auto_generated|_~168           ; out0             ;
; |Q|ALU_unit3:inst|lpm_mux:Mux0|mux_aqc:auto_generated|_~169           ; |Q|ALU_unit3:inst|lpm_mux:Mux0|mux_aqc:auto_generated|_~169           ; out0             ;
; |Q|ALU_unit3:inst|lpm_mux:Mux0|mux_aqc:auto_generated|_~170           ; |Q|ALU_unit3:inst|lpm_mux:Mux0|mux_aqc:auto_generated|_~170           ; out0             ;
; |Q|ALU_unit3:inst|lpm_mux:Mux0|mux_aqc:auto_generated|_~176           ; |Q|ALU_unit3:inst|lpm_mux:Mux0|mux_aqc:auto_generated|_~176           ; out0             ;
; |Q|ALU_unit3:inst|lpm_mux:Mux0|mux_aqc:auto_generated|_~179           ; |Q|ALU_unit3:inst|lpm_mux:Mux0|mux_aqc:auto_generated|_~179           ; out0             ;
; |Q|ALU_unit3:inst|lpm_mux:Mux0|mux_aqc:auto_generated|_~185           ; |Q|ALU_unit3:inst|lpm_mux:Mux0|mux_aqc:auto_generated|_~185           ; out0             ;
; |Q|ALU_unit3:inst|lpm_mux:Mux0|mux_aqc:auto_generated|_~195           ; |Q|ALU_unit3:inst|lpm_mux:Mux0|mux_aqc:auto_generated|_~195           ; out0             ;
; |Q|ALU_unit3:inst|lpm_mux:Mux0|mux_aqc:auto_generated|_~197           ; |Q|ALU_unit3:inst|lpm_mux:Mux0|mux_aqc:auto_generated|_~197           ; out0             ;
; |Q|ALU_unit3:inst|lpm_mux:Mux0|mux_aqc:auto_generated|_~199           ; |Q|ALU_unit3:inst|lpm_mux:Mux0|mux_aqc:auto_generated|_~199           ; out0             ;
; |Q|ALU_unit3:inst|lpm_mux:Mux0|mux_aqc:auto_generated|_~201           ; |Q|ALU_unit3:inst|lpm_mux:Mux0|mux_aqc:auto_generated|_~201           ; out0             ;
; |Q|ALU_unit3:inst|lpm_mux:Mux0|mux_aqc:auto_generated|_~202           ; |Q|ALU_unit3:inst|lpm_mux:Mux0|mux_aqc:auto_generated|_~202           ; out0             ;
; |Q|ALU_unit3:inst|lpm_mux:Mux0|mux_aqc:auto_generated|_~203           ; |Q|ALU_unit3:inst|lpm_mux:Mux0|mux_aqc:auto_generated|_~203           ; out0             ;
; |Q|ALU_unit3:inst|lpm_mux:Mux0|mux_aqc:auto_generated|_~204           ; |Q|ALU_unit3:inst|lpm_mux:Mux0|mux_aqc:auto_generated|_~204           ; out0             ;
; |Q|ALU_unit3:inst|lpm_mux:Mux0|mux_aqc:auto_generated|_~206           ; |Q|ALU_unit3:inst|lpm_mux:Mux0|mux_aqc:auto_generated|_~206           ; out0             ;
; |Q|ALU_unit3:inst|lpm_mux:Mux0|mux_aqc:auto_generated|_~208           ; |Q|ALU_unit3:inst|lpm_mux:Mux0|mux_aqc:auto_generated|_~208           ; out0             ;
; |Q|ALU_unit3:inst|lpm_mux:Mux0|mux_aqc:auto_generated|_~210           ; |Q|ALU_unit3:inst|lpm_mux:Mux0|mux_aqc:auto_generated|_~210           ; out0             ;
; |Q|ALU_unit3:inst|lpm_mux:Mux0|mux_aqc:auto_generated|_~211           ; |Q|ALU_unit3:inst|lpm_mux:Mux0|mux_aqc:auto_generated|_~211           ; out0             ;
; |Q|ALU_unit3:inst|lpm_mux:Mux0|mux_aqc:auto_generated|_~214           ; |Q|ALU_unit3:inst|lpm_mux:Mux0|mux_aqc:auto_generated|_~214           ; out0             ;
; |Q|ALU_unit3:inst|lpm_mux:Mux0|mux_aqc:auto_generated|_~215           ; |Q|ALU_unit3:inst|lpm_mux:Mux0|mux_aqc:auto_generated|_~215           ; out0             ;
; |Q|ALU_unit3:inst|lpm_mux:Mux0|mux_aqc:auto_generated|_~217           ; |Q|ALU_unit3:inst|lpm_mux:Mux0|mux_aqc:auto_generated|_~217           ; out0             ;
; |Q|ALU_unit3:inst|lpm_mux:Mux0|mux_aqc:auto_generated|_~220           ; |Q|ALU_unit3:inst|lpm_mux:Mux0|mux_aqc:auto_generated|_~220           ; out0             ;
; |Q|ALU_unit3:inst|lpm_mux:Mux0|mux_aqc:auto_generated|_~221           ; |Q|ALU_unit3:inst|lpm_mux:Mux0|mux_aqc:auto_generated|_~221           ; out0             ;
; |Q|ALU_unit3:inst|lpm_mux:Mux0|mux_aqc:auto_generated|_~227           ; |Q|ALU_unit3:inst|lpm_mux:Mux0|mux_aqc:auto_generated|_~227           ; out0             ;
; |Q|ALU_unit3:inst|lpm_mux:Mux0|mux_aqc:auto_generated|_~230           ; |Q|ALU_unit3:inst|lpm_mux:Mux0|mux_aqc:auto_generated|_~230           ; out0             ;
; |Q|ALU_unit3:inst|lpm_mux:Mux0|mux_aqc:auto_generated|_~236           ; |Q|ALU_unit3:inst|lpm_mux:Mux0|mux_aqc:auto_generated|_~236           ; out0             ;
; |Q|ALU_unit3:inst|lpm_mux:Mux0|mux_aqc:auto_generated|_~246           ; |Q|ALU_unit3:inst|lpm_mux:Mux0|mux_aqc:auto_generated|_~246           ; out0             ;
; |Q|ALU_unit3:inst|lpm_mux:Mux0|mux_aqc:auto_generated|_~248           ; |Q|ALU_unit3:inst|lpm_mux:Mux0|mux_aqc:auto_generated|_~248           ; out0             ;
; |Q|ALU_unit3:inst|lpm_mux:Mux0|mux_aqc:auto_generated|_~250           ; |Q|ALU_unit3:inst|lpm_mux:Mux0|mux_aqc:auto_generated|_~250           ; out0             ;
; |Q|ALU_unit3:inst|lpm_mux:Mux0|mux_aqc:auto_generated|_~252           ; |Q|ALU_unit3:inst|lpm_mux:Mux0|mux_aqc:auto_generated|_~252           ; out0             ;
; |Q|ALU_unit3:inst|lpm_mux:Mux0|mux_aqc:auto_generated|_~253           ; |Q|ALU_unit3:inst|lpm_mux:Mux0|mux_aqc:auto_generated|_~253           ; out0             ;
; |Q|ALU_unit3:inst|lpm_mux:Mux0|mux_aqc:auto_generated|_~254           ; |Q|ALU_unit3:inst|lpm_mux:Mux0|mux_aqc:auto_generated|_~254           ; out0             ;
; |Q|ALU_unit3:inst|lpm_mux:Mux0|mux_aqc:auto_generated|_~255           ; |Q|ALU_unit3:inst|lpm_mux:Mux0|mux_aqc:auto_generated|_~255           ; out0             ;
; |Q|ALU_unit3:inst|lpm_mux:Mux0|mux_aqc:auto_generated|_~257           ; |Q|ALU_unit3:inst|lpm_mux:Mux0|mux_aqc:auto_generated|_~257           ; out0             ;
; |Q|ALU_unit3:inst|lpm_mux:Mux0|mux_aqc:auto_generated|_~259           ; |Q|ALU_unit3:inst|lpm_mux:Mux0|mux_aqc:auto_generated|_~259           ; out0             ;
; |Q|ALU_unit3:inst|lpm_mux:Mux0|mux_aqc:auto_generated|_~261           ; |Q|ALU_unit3:inst|lpm_mux:Mux0|mux_aqc:auto_generated|_~261           ; out0             ;
; |Q|ALU_unit3:inst|lpm_mux:Mux0|mux_aqc:auto_generated|_~262           ; |Q|ALU_unit3:inst|lpm_mux:Mux0|mux_aqc:auto_generated|_~262           ; out0             ;
; |Q|ALU_unit3:inst|lpm_mux:Mux0|mux_aqc:auto_generated|_~265           ; |Q|ALU_unit3:inst|lpm_mux:Mux0|mux_aqc:auto_generated|_~265           ; out0             ;
; |Q|ALU_unit3:inst|lpm_mux:Mux0|mux_aqc:auto_generated|_~266           ; |Q|ALU_unit3:inst|lpm_mux:Mux0|mux_aqc:auto_generated|_~266           ; out0             ;
; |Q|ALU_unit3:inst|lpm_mux:Mux0|mux_aqc:auto_generated|_~268           ; |Q|ALU_unit3:inst|lpm_mux:Mux0|mux_aqc:auto_generated|_~268           ; out0             ;
; |Q|ALU_unit3:inst|lpm_mux:Mux0|mux_aqc:auto_generated|_~270           ; |Q|ALU_unit3:inst|lpm_mux:Mux0|mux_aqc:auto_generated|_~270           ; out0             ;
; |Q|ALU_unit3:inst|lpm_mux:Mux0|mux_aqc:auto_generated|_~272           ; |Q|ALU_unit3:inst|lpm_mux:Mux0|mux_aqc:auto_generated|_~272           ; out0             ;
; |Q|ALU_unit3:inst|lpm_mux:Mux0|mux_aqc:auto_generated|_~274           ; |Q|ALU_unit3:inst|lpm_mux:Mux0|mux_aqc:auto_generated|_~274           ; out0             ;
; |Q|ALU_unit3:inst|lpm_mux:Mux0|mux_aqc:auto_generated|_~276           ; |Q|ALU_unit3:inst|lpm_mux:Mux0|mux_aqc:auto_generated|_~276           ; out0             ;
; |Q|ALU_unit3:inst|lpm_mux:Mux0|mux_aqc:auto_generated|_~277           ; |Q|ALU_unit3:inst|lpm_mux:Mux0|mux_aqc:auto_generated|_~277           ; out0             ;
; |Q|ALU_unit3:inst|lpm_mux:Mux0|mux_aqc:auto_generated|_~278           ; |Q|ALU_unit3:inst|lpm_mux:Mux0|mux_aqc:auto_generated|_~278           ; out0             ;
; |Q|ALU_unit3:inst|lpm_mux:Mux0|mux_aqc:auto_generated|_~279           ; |Q|ALU_unit3:inst|lpm_mux:Mux0|mux_aqc:auto_generated|_~279           ; out0             ;
; |Q|ALU_unit3:inst|lpm_mux:Mux0|mux_aqc:auto_generated|_~281           ; |Q|ALU_unit3:inst|lpm_mux:Mux0|mux_aqc:auto_generated|_~281           ; out0             ;
; |Q|ALU_unit3:inst|lpm_mux:Mux0|mux_aqc:auto_generated|_~283           ; |Q|ALU_unit3:inst|lpm_mux:Mux0|mux_aqc:auto_generated|_~283           ; out0             ;
; |Q|ALU_unit3:inst|lpm_mux:Mux0|mux_aqc:auto_generated|_~285           ; |Q|ALU_unit3:inst|lpm_mux:Mux0|mux_aqc:auto_generated|_~285           ; out0             ;
; |Q|ALU_unit3:inst|lpm_mux:Mux0|mux_aqc:auto_generated|_~286           ; |Q|ALU_unit3:inst|lpm_mux:Mux0|mux_aqc:auto_generated|_~286           ; out0             ;
; |Q|ALU_unit3:inst|lpm_mux:Mux0|mux_aqc:auto_generated|_~289           ; |Q|ALU_unit3:inst|lpm_mux:Mux0|mux_aqc:auto_generated|_~289           ; out0             ;
; |Q|ALU_unit3:inst|lpm_mux:Mux0|mux_aqc:auto_generated|_~290           ; |Q|ALU_unit3:inst|lpm_mux:Mux0|mux_aqc:auto_generated|_~290           ; out0             ;
; |Q|ALU_unit3:inst|lpm_mux:Mux0|mux_aqc:auto_generated|_~299           ; |Q|ALU_unit3:inst|lpm_mux:Mux0|mux_aqc:auto_generated|_~299           ; out0             ;
; |Q|ALU_unit3:inst|lpm_mux:Mux0|mux_aqc:auto_generated|_~301           ; |Q|ALU_unit3:inst|lpm_mux:Mux0|mux_aqc:auto_generated|_~301           ; out0             ;
; |Q|ALU_unit3:inst|lpm_mux:Mux0|mux_aqc:auto_generated|_~303           ; |Q|ALU_unit3:inst|lpm_mux:Mux0|mux_aqc:auto_generated|_~303           ; out0             ;
; |Q|ALU_unit3:inst|lpm_mux:Mux0|mux_aqc:auto_generated|_~305           ; |Q|ALU_unit3:inst|lpm_mux:Mux0|mux_aqc:auto_generated|_~305           ; out0             ;
; |Q|ALU_unit3:inst|lpm_mux:Mux0|mux_aqc:auto_generated|_~306           ; |Q|ALU_unit3:inst|lpm_mux:Mux0|mux_aqc:auto_generated|_~306           ; out0             ;
; |Q|ALU_unit3:inst|lpm_mux:Mux0|mux_aqc:auto_generated|_~307           ; |Q|ALU_unit3:inst|lpm_mux:Mux0|mux_aqc:auto_generated|_~307           ; out0             ;
; |Q|ALU_unit3:inst|lpm_mux:Mux0|mux_aqc:auto_generated|_~308           ; |Q|ALU_unit3:inst|lpm_mux:Mux0|mux_aqc:auto_generated|_~308           ; out0             ;
; |Q|ALU_unit3:inst|lpm_mux:Mux0|mux_aqc:auto_generated|_~310           ; |Q|ALU_unit3:inst|lpm_mux:Mux0|mux_aqc:auto_generated|_~310           ; out0             ;
; |Q|ALU_unit3:inst|lpm_mux:Mux0|mux_aqc:auto_generated|_~312           ; |Q|ALU_unit3:inst|lpm_mux:Mux0|mux_aqc:auto_generated|_~312           ; out0             ;
; |Q|ALU_unit3:inst|lpm_mux:Mux0|mux_aqc:auto_generated|_~314           ; |Q|ALU_unit3:inst|lpm_mux:Mux0|mux_aqc:auto_generated|_~314           ; out0             ;
; |Q|ALU_unit3:inst|lpm_mux:Mux0|mux_aqc:auto_generated|_~315           ; |Q|ALU_unit3:inst|lpm_mux:Mux0|mux_aqc:auto_generated|_~315           ; out0             ;
; |Q|ALU_unit3:inst|lpm_mux:Mux0|mux_aqc:auto_generated|_~318           ; |Q|ALU_unit3:inst|lpm_mux:Mux0|mux_aqc:auto_generated|_~318           ; out0             ;
; |Q|ALU_unit3:inst|lpm_mux:Mux0|mux_aqc:auto_generated|_~319           ; |Q|ALU_unit3:inst|lpm_mux:Mux0|mux_aqc:auto_generated|_~319           ; out0             ;
; |Q|ALU_unit3:inst|lpm_mux:Mux0|mux_aqc:auto_generated|_~320           ; |Q|ALU_unit3:inst|lpm_mux:Mux0|mux_aqc:auto_generated|_~320           ; out0             ;
; |Q|ALU_unit3:inst|lpm_mux:Mux0|mux_aqc:auto_generated|_~321           ; |Q|ALU_unit3:inst|lpm_mux:Mux0|mux_aqc:auto_generated|_~321           ; out0             ;
; |Q|ALU_unit3:inst|lpm_mux:Mux0|mux_aqc:auto_generated|_~323           ; |Q|ALU_unit3:inst|lpm_mux:Mux0|mux_aqc:auto_generated|_~323           ; out0             ;
; |Q|ALU_unit3:inst|lpm_mux:Mux0|mux_aqc:auto_generated|_~325           ; |Q|ALU_unit3:inst|lpm_mux:Mux0|mux_aqc:auto_generated|_~325           ; out0             ;
; |Q|ALU_unit3:inst|lpm_mux:Mux0|mux_aqc:auto_generated|_~327           ; |Q|ALU_unit3:inst|lpm_mux:Mux0|mux_aqc:auto_generated|_~327           ; out0             ;
; |Q|ALU_unit3:inst|lpm_mux:Mux0|mux_aqc:auto_generated|_~328           ; |Q|ALU_unit3:inst|lpm_mux:Mux0|mux_aqc:auto_generated|_~328           ; out0             ;
; |Q|ALU_unit3:inst|lpm_mux:Mux0|mux_aqc:auto_generated|_~329           ; |Q|ALU_unit3:inst|lpm_mux:Mux0|mux_aqc:auto_generated|_~329           ; out0             ;
; |Q|ALU_unit3:inst|lpm_mux:Mux0|mux_aqc:auto_generated|_~330           ; |Q|ALU_unit3:inst|lpm_mux:Mux0|mux_aqc:auto_generated|_~330           ; out0             ;
; |Q|ALU_unit3:inst|lpm_mux:Mux0|mux_aqc:auto_generated|_~332           ; |Q|ALU_unit3:inst|lpm_mux:Mux0|mux_aqc:auto_generated|_~332           ; out0             ;
; |Q|ALU_unit3:inst|lpm_mux:Mux0|mux_aqc:auto_generated|_~334           ; |Q|ALU_unit3:inst|lpm_mux:Mux0|mux_aqc:auto_generated|_~334           ; out0             ;
; |Q|ALU_unit3:inst|lpm_mux:Mux0|mux_aqc:auto_generated|_~336           ; |Q|ALU_unit3:inst|lpm_mux:Mux0|mux_aqc:auto_generated|_~336           ; out0             ;
; |Q|ALU_unit3:inst|lpm_mux:Mux0|mux_aqc:auto_generated|_~337           ; |Q|ALU_unit3:inst|lpm_mux:Mux0|mux_aqc:auto_generated|_~337           ; out0             ;
; |Q|ALU_unit3:inst|lpm_mux:Mux0|mux_aqc:auto_generated|_~340           ; |Q|ALU_unit3:inst|lpm_mux:Mux0|mux_aqc:auto_generated|_~340           ; out0             ;
; |Q|ALU_unit3:inst|lpm_mux:Mux0|mux_aqc:auto_generated|_~341           ; |Q|ALU_unit3:inst|lpm_mux:Mux0|mux_aqc:auto_generated|_~341           ; out0             ;
; |Q|ALU_unit3:inst|lpm_mux:Mux0|mux_aqc:auto_generated|_~343           ; |Q|ALU_unit3:inst|lpm_mux:Mux0|mux_aqc:auto_generated|_~343           ; out0             ;
; |Q|ALU_unit3:inst|lpm_mux:Mux0|mux_aqc:auto_generated|_~345           ; |Q|ALU_unit3:inst|lpm_mux:Mux0|mux_aqc:auto_generated|_~345           ; out0             ;
; |Q|ALU_unit3:inst|lpm_mux:Mux0|mux_aqc:auto_generated|_~346           ; |Q|ALU_unit3:inst|lpm_mux:Mux0|mux_aqc:auto_generated|_~346           ; out0             ;
; |Q|ALU_unit3:inst|lpm_mux:Mux0|mux_aqc:auto_generated|_~348           ; |Q|ALU_unit3:inst|lpm_mux:Mux0|mux_aqc:auto_generated|_~348           ; out0             ;
; |Q|ALU_unit3:inst|lpm_mux:Mux0|mux_aqc:auto_generated|_~350           ; |Q|ALU_unit3:inst|lpm_mux:Mux0|mux_aqc:auto_generated|_~350           ; out0             ;
; |Q|ALU_unit3:inst|lpm_mux:Mux0|mux_aqc:auto_generated|_~352           ; |Q|ALU_unit3:inst|lpm_mux:Mux0|mux_aqc:auto_generated|_~352           ; out0             ;
; |Q|ALU_unit3:inst|lpm_mux:Mux0|mux_aqc:auto_generated|_~353           ; |Q|ALU_unit3:inst|lpm_mux:Mux0|mux_aqc:auto_generated|_~353           ; out0             ;
; |Q|ALU_unit3:inst|lpm_mux:Mux0|mux_aqc:auto_generated|_~354           ; |Q|ALU_unit3:inst|lpm_mux:Mux0|mux_aqc:auto_generated|_~354           ; out0             ;
; |Q|ALU_unit3:inst|lpm_mux:Mux0|mux_aqc:auto_generated|_~355           ; |Q|ALU_unit3:inst|lpm_mux:Mux0|mux_aqc:auto_generated|_~355           ; out0             ;
; |Q|ALU_unit3:inst|lpm_mux:Mux0|mux_aqc:auto_generated|_~357           ; |Q|ALU_unit3:inst|lpm_mux:Mux0|mux_aqc:auto_generated|_~357           ; out0             ;
; |Q|ALU_unit3:inst|lpm_mux:Mux0|mux_aqc:auto_generated|_~359           ; |Q|ALU_unit3:inst|lpm_mux:Mux0|mux_aqc:auto_generated|_~359           ; out0             ;
; |Q|ALU_unit3:inst|lpm_mux:Mux0|mux_aqc:auto_generated|_~361           ; |Q|ALU_unit3:inst|lpm_mux:Mux0|mux_aqc:auto_generated|_~361           ; out0             ;
; |Q|ALU_unit3:inst|lpm_mux:Mux0|mux_aqc:auto_generated|_~362           ; |Q|ALU_unit3:inst|lpm_mux:Mux0|mux_aqc:auto_generated|_~362           ; out0             ;
; |Q|ALU_unit3:inst|lpm_mux:Mux0|mux_aqc:auto_generated|_~365           ; |Q|ALU_unit3:inst|lpm_mux:Mux0|mux_aqc:auto_generated|_~365           ; out0             ;
; |Q|ALU_unit3:inst|lpm_mux:Mux0|mux_aqc:auto_generated|_~366           ; |Q|ALU_unit3:inst|lpm_mux:Mux0|mux_aqc:auto_generated|_~366           ; out0             ;
; |Q|ALU_unit3:inst|lpm_mux:Mux0|mux_aqc:auto_generated|_~368           ; |Q|ALU_unit3:inst|lpm_mux:Mux0|mux_aqc:auto_generated|_~368           ; out0             ;
; |Q|ALU_unit3:inst|lpm_mux:Mux0|mux_aqc:auto_generated|_~369           ; |Q|ALU_unit3:inst|lpm_mux:Mux0|mux_aqc:auto_generated|_~369           ; out0             ;
; |Q|ALU_unit3:inst|lpm_mux:Mux0|mux_aqc:auto_generated|_~370           ; |Q|ALU_unit3:inst|lpm_mux:Mux0|mux_aqc:auto_generated|_~370           ; out0             ;
; |Q|ALU_unit3:inst|lpm_mux:Mux0|mux_aqc:auto_generated|_~371           ; |Q|ALU_unit3:inst|lpm_mux:Mux0|mux_aqc:auto_generated|_~371           ; out0             ;
; |Q|ALU_unit3:inst|lpm_mux:Mux0|mux_aqc:auto_generated|_~372           ; |Q|ALU_unit3:inst|lpm_mux:Mux0|mux_aqc:auto_generated|_~372           ; out0             ;
; |Q|ALU_unit3:inst|lpm_mux:Mux0|mux_aqc:auto_generated|_~374           ; |Q|ALU_unit3:inst|lpm_mux:Mux0|mux_aqc:auto_generated|_~374           ; out0             ;
; |Q|ALU_unit3:inst|lpm_mux:Mux0|mux_aqc:auto_generated|_~376           ; |Q|ALU_unit3:inst|lpm_mux:Mux0|mux_aqc:auto_generated|_~376           ; out0             ;
; |Q|ALU_unit3:inst|lpm_mux:Mux0|mux_aqc:auto_generated|_~378           ; |Q|ALU_unit3:inst|lpm_mux:Mux0|mux_aqc:auto_generated|_~378           ; out0             ;
; |Q|ALU_unit3:inst|lpm_mux:Mux0|mux_aqc:auto_generated|_~379           ; |Q|ALU_unit3:inst|lpm_mux:Mux0|mux_aqc:auto_generated|_~379           ; out0             ;
; |Q|ALU_unit3:inst|lpm_mux:Mux0|mux_aqc:auto_generated|_~380           ; |Q|ALU_unit3:inst|lpm_mux:Mux0|mux_aqc:auto_generated|_~380           ; out0             ;
; |Q|ALU_unit3:inst|lpm_mux:Mux0|mux_aqc:auto_generated|_~381           ; |Q|ALU_unit3:inst|lpm_mux:Mux0|mux_aqc:auto_generated|_~381           ; out0             ;
; |Q|ALU_unit3:inst|lpm_mux:Mux0|mux_aqc:auto_generated|_~383           ; |Q|ALU_unit3:inst|lpm_mux:Mux0|mux_aqc:auto_generated|_~383           ; out0             ;
; |Q|ALU_unit3:inst|lpm_mux:Mux0|mux_aqc:auto_generated|_~385           ; |Q|ALU_unit3:inst|lpm_mux:Mux0|mux_aqc:auto_generated|_~385           ; out0             ;
; |Q|ALU_unit3:inst|lpm_mux:Mux0|mux_aqc:auto_generated|_~387           ; |Q|ALU_unit3:inst|lpm_mux:Mux0|mux_aqc:auto_generated|_~387           ; out0             ;
; |Q|ALU_unit3:inst|lpm_mux:Mux0|mux_aqc:auto_generated|_~388           ; |Q|ALU_unit3:inst|lpm_mux:Mux0|mux_aqc:auto_generated|_~388           ; out0             ;
; |Q|ALU_unit3:inst|lpm_mux:Mux0|mux_aqc:auto_generated|_~391           ; |Q|ALU_unit3:inst|lpm_mux:Mux0|mux_aqc:auto_generated|_~391           ; out0             ;
; |Q|ALU_unit3:inst|lpm_mux:Mux0|mux_aqc:auto_generated|_~392           ; |Q|ALU_unit3:inst|lpm_mux:Mux0|mux_aqc:auto_generated|_~392           ; out0             ;
; |Q|ALU_unit3:inst|lpm_mux:Mux0|mux_aqc:auto_generated|_~394           ; |Q|ALU_unit3:inst|lpm_mux:Mux0|mux_aqc:auto_generated|_~394           ; out0             ;
; |Q|ALU_unit3:inst|lpm_mux:Mux0|mux_aqc:auto_generated|_~396           ; |Q|ALU_unit3:inst|lpm_mux:Mux0|mux_aqc:auto_generated|_~396           ; out0             ;
; |Q|ALU_unit3:inst|lpm_mux:Mux0|mux_aqc:auto_generated|_~397           ; |Q|ALU_unit3:inst|lpm_mux:Mux0|mux_aqc:auto_generated|_~397           ; out0             ;
; |Q|ALU_unit3:inst|lpm_mux:Mux0|mux_aqc:auto_generated|_~399           ; |Q|ALU_unit3:inst|lpm_mux:Mux0|mux_aqc:auto_generated|_~399           ; out0             ;
; |Q|ALU_unit3:inst|lpm_mux:Mux0|mux_aqc:auto_generated|_~401           ; |Q|ALU_unit3:inst|lpm_mux:Mux0|mux_aqc:auto_generated|_~401           ; out0             ;
; |Q|ALU_unit3:inst|lpm_mux:Mux0|mux_aqc:auto_generated|_~403           ; |Q|ALU_unit3:inst|lpm_mux:Mux0|mux_aqc:auto_generated|_~403           ; out0             ;
; |Q|ALU_unit3:inst|lpm_mux:Mux0|mux_aqc:auto_generated|_~404           ; |Q|ALU_unit3:inst|lpm_mux:Mux0|mux_aqc:auto_generated|_~404           ; out0             ;
; |Q|ALU_unit3:inst|lpm_mux:Mux0|mux_aqc:auto_generated|_~405           ; |Q|ALU_unit3:inst|lpm_mux:Mux0|mux_aqc:auto_generated|_~405           ; out0             ;
; |Q|ALU_unit3:inst|lpm_mux:Mux0|mux_aqc:auto_generated|_~406           ; |Q|ALU_unit3:inst|lpm_mux:Mux0|mux_aqc:auto_generated|_~406           ; out0             ;
; |Q|ALU_unit3:inst|lpm_mux:Mux0|mux_aqc:auto_generated|_~408           ; |Q|ALU_unit3:inst|lpm_mux:Mux0|mux_aqc:auto_generated|_~408           ; out0             ;
; |Q|ALU_unit3:inst|lpm_mux:Mux0|mux_aqc:auto_generated|_~410           ; |Q|ALU_unit3:inst|lpm_mux:Mux0|mux_aqc:auto_generated|_~410           ; out0             ;
; |Q|ALU_unit3:inst|lpm_mux:Mux0|mux_aqc:auto_generated|_~412           ; |Q|ALU_unit3:inst|lpm_mux:Mux0|mux_aqc:auto_generated|_~412           ; out0             ;
; |Q|ALU_unit3:inst|lpm_mux:Mux0|mux_aqc:auto_generated|_~413           ; |Q|ALU_unit3:inst|lpm_mux:Mux0|mux_aqc:auto_generated|_~413           ; out0             ;
; |Q|ALU_unit3:inst|lpm_mux:Mux0|mux_aqc:auto_generated|_~416           ; |Q|ALU_unit3:inst|lpm_mux:Mux0|mux_aqc:auto_generated|_~416           ; out0             ;
; |Q|ALU_unit3:inst|lpm_mux:Mux0|mux_aqc:auto_generated|_~417           ; |Q|ALU_unit3:inst|lpm_mux:Mux0|mux_aqc:auto_generated|_~417           ; out0             ;
; |Q|ALU_unit3:inst|lpm_mux:Mux0|mux_aqc:auto_generated|_~419           ; |Q|ALU_unit3:inst|lpm_mux:Mux0|mux_aqc:auto_generated|_~419           ; out0             ;
; |Q|ALU_unit3:inst|lpm_mux:Mux0|mux_aqc:auto_generated|_~420           ; |Q|ALU_unit3:inst|lpm_mux:Mux0|mux_aqc:auto_generated|_~420           ; out0             ;
; |Q|ALU_unit3:inst|lpm_mux:Mux0|mux_aqc:auto_generated|_~421           ; |Q|ALU_unit3:inst|lpm_mux:Mux0|mux_aqc:auto_generated|_~421           ; out0             ;
; |Q|ALU_unit3:inst|lpm_mux:Mux0|mux_aqc:auto_generated|_~423           ; |Q|ALU_unit3:inst|lpm_mux:Mux0|mux_aqc:auto_generated|_~423           ; out0             ;
; |Q|ALU_unit3:inst|lpm_mux:Mux0|mux_aqc:auto_generated|_~425           ; |Q|ALU_unit3:inst|lpm_mux:Mux0|mux_aqc:auto_generated|_~425           ; out0             ;
; |Q|ALU_unit3:inst|lpm_mux:Mux0|mux_aqc:auto_generated|_~427           ; |Q|ALU_unit3:inst|lpm_mux:Mux0|mux_aqc:auto_generated|_~427           ; out0             ;
; |Q|ALU_unit3:inst|lpm_mux:Mux0|mux_aqc:auto_generated|_~428           ; |Q|ALU_unit3:inst|lpm_mux:Mux0|mux_aqc:auto_generated|_~428           ; out0             ;
; |Q|ALU_unit3:inst|lpm_mux:Mux0|mux_aqc:auto_generated|_~429           ; |Q|ALU_unit3:inst|lpm_mux:Mux0|mux_aqc:auto_generated|_~429           ; out0             ;
; |Q|ALU_unit3:inst|lpm_mux:Mux0|mux_aqc:auto_generated|_~430           ; |Q|ALU_unit3:inst|lpm_mux:Mux0|mux_aqc:auto_generated|_~430           ; out0             ;
; |Q|ALU_unit3:inst|lpm_mux:Mux0|mux_aqc:auto_generated|_~432           ; |Q|ALU_unit3:inst|lpm_mux:Mux0|mux_aqc:auto_generated|_~432           ; out0             ;
; |Q|ALU_unit3:inst|lpm_mux:Mux0|mux_aqc:auto_generated|_~434           ; |Q|ALU_unit3:inst|lpm_mux:Mux0|mux_aqc:auto_generated|_~434           ; out0             ;
; |Q|ALU_unit3:inst|lpm_mux:Mux0|mux_aqc:auto_generated|_~436           ; |Q|ALU_unit3:inst|lpm_mux:Mux0|mux_aqc:auto_generated|_~436           ; out0             ;
; |Q|ALU_unit3:inst|lpm_mux:Mux0|mux_aqc:auto_generated|_~437           ; |Q|ALU_unit3:inst|lpm_mux:Mux0|mux_aqc:auto_generated|_~437           ; out0             ;
; |Q|ALU_unit3:inst|lpm_mux:Mux0|mux_aqc:auto_generated|_~440           ; |Q|ALU_unit3:inst|lpm_mux:Mux0|mux_aqc:auto_generated|_~440           ; out0             ;
; |Q|ALU_unit3:inst|lpm_mux:Mux0|mux_aqc:auto_generated|_~441           ; |Q|ALU_unit3:inst|lpm_mux:Mux0|mux_aqc:auto_generated|_~441           ; out0             ;
; |Q|ALU_unit3:inst|lpm_mux:Mux0|mux_aqc:auto_generated|_~444           ; |Q|ALU_unit3:inst|lpm_mux:Mux0|mux_aqc:auto_generated|_~444           ; out0             ;
; |Q|ALU_unit3:inst|lpm_mux:Mux0|mux_aqc:auto_generated|_~445           ; |Q|ALU_unit3:inst|lpm_mux:Mux0|mux_aqc:auto_generated|_~445           ; out0             ;
; |Q|ALU_unit3:inst|lpm_mux:Mux0|mux_aqc:auto_generated|_~447           ; |Q|ALU_unit3:inst|lpm_mux:Mux0|mux_aqc:auto_generated|_~447           ; out0             ;
; |Q|ALU_unit3:inst|lpm_mux:Mux0|mux_aqc:auto_generated|_~450           ; |Q|ALU_unit3:inst|lpm_mux:Mux0|mux_aqc:auto_generated|_~450           ; out0             ;
; |Q|ALU_unit3:inst|lpm_mux:Mux0|mux_aqc:auto_generated|_~451           ; |Q|ALU_unit3:inst|lpm_mux:Mux0|mux_aqc:auto_generated|_~451           ; out0             ;
; |Q|ALU_unit3:inst|lpm_mux:Mux0|mux_aqc:auto_generated|_~453           ; |Q|ALU_unit3:inst|lpm_mux:Mux0|mux_aqc:auto_generated|_~453           ; out0             ;
; |Q|ALU_unit3:inst|lpm_mux:Mux0|mux_aqc:auto_generated|_~455           ; |Q|ALU_unit3:inst|lpm_mux:Mux0|mux_aqc:auto_generated|_~455           ; out0             ;
; |Q|ALU_unit3:inst|lpm_mux:Mux0|mux_aqc:auto_generated|_~457           ; |Q|ALU_unit3:inst|lpm_mux:Mux0|mux_aqc:auto_generated|_~457           ; out0             ;
; |Q|ALU_unit3:inst|lpm_mux:Mux0|mux_aqc:auto_generated|_~458           ; |Q|ALU_unit3:inst|lpm_mux:Mux0|mux_aqc:auto_generated|_~458           ; out0             ;
; |Q|ALU_unit3:inst|lpm_mux:Mux0|mux_aqc:auto_generated|_~459           ; |Q|ALU_unit3:inst|lpm_mux:Mux0|mux_aqc:auto_generated|_~459           ; out0             ;
; |Q|ALU_unit3:inst|lpm_mux:Mux0|mux_aqc:auto_generated|_~460           ; |Q|ALU_unit3:inst|lpm_mux:Mux0|mux_aqc:auto_generated|_~460           ; out0             ;
; |Q|ALU_unit3:inst|lpm_mux:Mux0|mux_aqc:auto_generated|_~462           ; |Q|ALU_unit3:inst|lpm_mux:Mux0|mux_aqc:auto_generated|_~462           ; out0             ;
; |Q|ALU_unit3:inst|lpm_mux:Mux0|mux_aqc:auto_generated|_~464           ; |Q|ALU_unit3:inst|lpm_mux:Mux0|mux_aqc:auto_generated|_~464           ; out0             ;
; |Q|ALU_unit3:inst|lpm_mux:Mux0|mux_aqc:auto_generated|_~466           ; |Q|ALU_unit3:inst|lpm_mux:Mux0|mux_aqc:auto_generated|_~466           ; out0             ;
; |Q|ALU_unit3:inst|lpm_mux:Mux0|mux_aqc:auto_generated|_~467           ; |Q|ALU_unit3:inst|lpm_mux:Mux0|mux_aqc:auto_generated|_~467           ; out0             ;
; |Q|ALU_unit3:inst|lpm_mux:Mux0|mux_aqc:auto_generated|_~470           ; |Q|ALU_unit3:inst|lpm_mux:Mux0|mux_aqc:auto_generated|_~470           ; out0             ;
; |Q|ALU_unit3:inst|lpm_mux:Mux0|mux_aqc:auto_generated|_~471           ; |Q|ALU_unit3:inst|lpm_mux:Mux0|mux_aqc:auto_generated|_~471           ; out0             ;
; |Q|ALU_unit3:inst|lpm_mux:Mux0|mux_aqc:auto_generated|_~472           ; |Q|ALU_unit3:inst|lpm_mux:Mux0|mux_aqc:auto_generated|_~472           ; out0             ;
; |Q|ALU_unit3:inst|lpm_mux:Mux0|mux_aqc:auto_generated|_~473           ; |Q|ALU_unit3:inst|lpm_mux:Mux0|mux_aqc:auto_generated|_~473           ; out0             ;
; |Q|ALU_unit3:inst|lpm_mux:Mux0|mux_aqc:auto_generated|_~479           ; |Q|ALU_unit3:inst|lpm_mux:Mux0|mux_aqc:auto_generated|_~479           ; out0             ;
; |Q|ALU_unit3:inst|lpm_mux:Mux0|mux_aqc:auto_generated|_~482           ; |Q|ALU_unit3:inst|lpm_mux:Mux0|mux_aqc:auto_generated|_~482           ; out0             ;
; |Q|ALU_unit3:inst|lpm_mux:Mux0|mux_aqc:auto_generated|_~488           ; |Q|ALU_unit3:inst|lpm_mux:Mux0|mux_aqc:auto_generated|_~488           ; out0             ;
; |Q|ALU_unit3:inst|lpm_mux:Mux0|mux_aqc:auto_generated|_~498           ; |Q|ALU_unit3:inst|lpm_mux:Mux0|mux_aqc:auto_generated|_~498           ; out0             ;
; |Q|ALU_unit3:inst|lpm_mux:Mux0|mux_aqc:auto_generated|_~500           ; |Q|ALU_unit3:inst|lpm_mux:Mux0|mux_aqc:auto_generated|_~500           ; out0             ;
; |Q|ALU_unit3:inst|lpm_mux:Mux0|mux_aqc:auto_generated|_~502           ; |Q|ALU_unit3:inst|lpm_mux:Mux0|mux_aqc:auto_generated|_~502           ; out0             ;
; |Q|ALU_unit3:inst|lpm_mux:Mux0|mux_aqc:auto_generated|_~504           ; |Q|ALU_unit3:inst|lpm_mux:Mux0|mux_aqc:auto_generated|_~504           ; out0             ;
; |Q|ALU_unit3:inst|lpm_mux:Mux0|mux_aqc:auto_generated|_~505           ; |Q|ALU_unit3:inst|lpm_mux:Mux0|mux_aqc:auto_generated|_~505           ; out0             ;
; |Q|ALU_unit3:inst|lpm_mux:Mux0|mux_aqc:auto_generated|_~506           ; |Q|ALU_unit3:inst|lpm_mux:Mux0|mux_aqc:auto_generated|_~506           ; out0             ;
; |Q|ALU_unit3:inst|lpm_mux:Mux0|mux_aqc:auto_generated|_~507           ; |Q|ALU_unit3:inst|lpm_mux:Mux0|mux_aqc:auto_generated|_~507           ; out0             ;
; |Q|ALU_unit3:inst|lpm_mux:Mux0|mux_aqc:auto_generated|_~509           ; |Q|ALU_unit3:inst|lpm_mux:Mux0|mux_aqc:auto_generated|_~509           ; out0             ;
; |Q|ALU_unit3:inst|lpm_mux:Mux0|mux_aqc:auto_generated|_~511           ; |Q|ALU_unit3:inst|lpm_mux:Mux0|mux_aqc:auto_generated|_~511           ; out0             ;
; |Q|ALU_unit3:inst|lpm_mux:Mux0|mux_aqc:auto_generated|_~513           ; |Q|ALU_unit3:inst|lpm_mux:Mux0|mux_aqc:auto_generated|_~513           ; out0             ;
; |Q|ALU_unit3:inst|lpm_mux:Mux0|mux_aqc:auto_generated|_~514           ; |Q|ALU_unit3:inst|lpm_mux:Mux0|mux_aqc:auto_generated|_~514           ; out0             ;
; |Q|ALU_unit3:inst|lpm_mux:Mux0|mux_aqc:auto_generated|_~517           ; |Q|ALU_unit3:inst|lpm_mux:Mux0|mux_aqc:auto_generated|_~517           ; out0             ;
; |Q|ALU_unit3:inst|lpm_mux:Mux0|mux_aqc:auto_generated|_~518           ; |Q|ALU_unit3:inst|lpm_mux:Mux0|mux_aqc:auto_generated|_~518           ; out0             ;
; |Q|ALU_unit3:inst|lpm_mux:Mux0|mux_aqc:auto_generated|_~520           ; |Q|ALU_unit3:inst|lpm_mux:Mux0|mux_aqc:auto_generated|_~520           ; out0             ;
; |Q|ALU_unit3:inst|lpm_mux:Mux0|mux_aqc:auto_generated|_~523           ; |Q|ALU_unit3:inst|lpm_mux:Mux0|mux_aqc:auto_generated|_~523           ; out0             ;
; |Q|ALU_unit3:inst|lpm_mux:Mux0|mux_aqc:auto_generated|_~524           ; |Q|ALU_unit3:inst|lpm_mux:Mux0|mux_aqc:auto_generated|_~524           ; out0             ;
; |Q|ALU_unit3:inst|lpm_mux:Mux0|mux_aqc:auto_generated|_~530           ; |Q|ALU_unit3:inst|lpm_mux:Mux0|mux_aqc:auto_generated|_~530           ; out0             ;
; |Q|ALU_unit3:inst|lpm_mux:Mux0|mux_aqc:auto_generated|_~533           ; |Q|ALU_unit3:inst|lpm_mux:Mux0|mux_aqc:auto_generated|_~533           ; out0             ;
; |Q|ALU_unit3:inst|lpm_mux:Mux0|mux_aqc:auto_generated|_~539           ; |Q|ALU_unit3:inst|lpm_mux:Mux0|mux_aqc:auto_generated|_~539           ; out0             ;
; |Q|ALU_unit3:inst|lpm_mux:Mux0|mux_aqc:auto_generated|_~549           ; |Q|ALU_unit3:inst|lpm_mux:Mux0|mux_aqc:auto_generated|_~549           ; out0             ;
; |Q|ALU_unit3:inst|lpm_mux:Mux0|mux_aqc:auto_generated|_~551           ; |Q|ALU_unit3:inst|lpm_mux:Mux0|mux_aqc:auto_generated|_~551           ; out0             ;
; |Q|ALU_unit3:inst|lpm_mux:Mux0|mux_aqc:auto_generated|_~553           ; |Q|ALU_unit3:inst|lpm_mux:Mux0|mux_aqc:auto_generated|_~553           ; out0             ;
; |Q|ALU_unit3:inst|lpm_mux:Mux0|mux_aqc:auto_generated|_~555           ; |Q|ALU_unit3:inst|lpm_mux:Mux0|mux_aqc:auto_generated|_~555           ; out0             ;
; |Q|ALU_unit3:inst|lpm_mux:Mux0|mux_aqc:auto_generated|_~556           ; |Q|ALU_unit3:inst|lpm_mux:Mux0|mux_aqc:auto_generated|_~556           ; out0             ;
; |Q|ALU_unit3:inst|lpm_mux:Mux0|mux_aqc:auto_generated|_~557           ; |Q|ALU_unit3:inst|lpm_mux:Mux0|mux_aqc:auto_generated|_~557           ; out0             ;
; |Q|ALU_unit3:inst|lpm_mux:Mux0|mux_aqc:auto_generated|_~558           ; |Q|ALU_unit3:inst|lpm_mux:Mux0|mux_aqc:auto_generated|_~558           ; out0             ;
; |Q|ALU_unit3:inst|lpm_mux:Mux0|mux_aqc:auto_generated|_~560           ; |Q|ALU_unit3:inst|lpm_mux:Mux0|mux_aqc:auto_generated|_~560           ; out0             ;
; |Q|ALU_unit3:inst|lpm_mux:Mux0|mux_aqc:auto_generated|_~562           ; |Q|ALU_unit3:inst|lpm_mux:Mux0|mux_aqc:auto_generated|_~562           ; out0             ;
; |Q|ALU_unit3:inst|lpm_mux:Mux0|mux_aqc:auto_generated|_~564           ; |Q|ALU_unit3:inst|lpm_mux:Mux0|mux_aqc:auto_generated|_~564           ; out0             ;
; |Q|ALU_unit3:inst|lpm_mux:Mux0|mux_aqc:auto_generated|_~565           ; |Q|ALU_unit3:inst|lpm_mux:Mux0|mux_aqc:auto_generated|_~565           ; out0             ;
; |Q|ALU_unit3:inst|lpm_mux:Mux0|mux_aqc:auto_generated|_~568           ; |Q|ALU_unit3:inst|lpm_mux:Mux0|mux_aqc:auto_generated|_~568           ; out0             ;
; |Q|ALU_unit3:inst|lpm_mux:Mux0|mux_aqc:auto_generated|_~569           ; |Q|ALU_unit3:inst|lpm_mux:Mux0|mux_aqc:auto_generated|_~569           ; out0             ;
; |Q|ALU_unit3:inst|lpm_mux:Mux0|mux_aqc:auto_generated|_~571           ; |Q|ALU_unit3:inst|lpm_mux:Mux0|mux_aqc:auto_generated|_~571           ; out0             ;
; |Q|ALU_unit3:inst|lpm_mux:Mux0|mux_aqc:auto_generated|_~573           ; |Q|ALU_unit3:inst|lpm_mux:Mux0|mux_aqc:auto_generated|_~573           ; out0             ;
; |Q|ALU_unit3:inst|lpm_mux:Mux0|mux_aqc:auto_generated|_~575           ; |Q|ALU_unit3:inst|lpm_mux:Mux0|mux_aqc:auto_generated|_~575           ; out0             ;
; |Q|ALU_unit3:inst|lpm_mux:Mux0|mux_aqc:auto_generated|_~577           ; |Q|ALU_unit3:inst|lpm_mux:Mux0|mux_aqc:auto_generated|_~577           ; out0             ;
; |Q|ALU_unit3:inst|lpm_mux:Mux0|mux_aqc:auto_generated|_~579           ; |Q|ALU_unit3:inst|lpm_mux:Mux0|mux_aqc:auto_generated|_~579           ; out0             ;
; |Q|ALU_unit3:inst|lpm_mux:Mux0|mux_aqc:auto_generated|_~580           ; |Q|ALU_unit3:inst|lpm_mux:Mux0|mux_aqc:auto_generated|_~580           ; out0             ;
; |Q|ALU_unit3:inst|lpm_mux:Mux0|mux_aqc:auto_generated|_~581           ; |Q|ALU_unit3:inst|lpm_mux:Mux0|mux_aqc:auto_generated|_~581           ; out0             ;
; |Q|ALU_unit3:inst|lpm_mux:Mux0|mux_aqc:auto_generated|_~582           ; |Q|ALU_unit3:inst|lpm_mux:Mux0|mux_aqc:auto_generated|_~582           ; out0             ;
; |Q|ALU_unit3:inst|lpm_mux:Mux0|mux_aqc:auto_generated|_~584           ; |Q|ALU_unit3:inst|lpm_mux:Mux0|mux_aqc:auto_generated|_~584           ; out0             ;
; |Q|ALU_unit3:inst|lpm_mux:Mux0|mux_aqc:auto_generated|_~586           ; |Q|ALU_unit3:inst|lpm_mux:Mux0|mux_aqc:auto_generated|_~586           ; out0             ;
; |Q|ALU_unit3:inst|lpm_mux:Mux0|mux_aqc:auto_generated|_~588           ; |Q|ALU_unit3:inst|lpm_mux:Mux0|mux_aqc:auto_generated|_~588           ; out0             ;
; |Q|ALU_unit3:inst|lpm_mux:Mux0|mux_aqc:auto_generated|_~589           ; |Q|ALU_unit3:inst|lpm_mux:Mux0|mux_aqc:auto_generated|_~589           ; out0             ;
; |Q|ALU_unit3:inst|lpm_mux:Mux0|mux_aqc:auto_generated|_~592           ; |Q|ALU_unit3:inst|lpm_mux:Mux0|mux_aqc:auto_generated|_~592           ; out0             ;
; |Q|ALU_unit3:inst|lpm_mux:Mux0|mux_aqc:auto_generated|_~593           ; |Q|ALU_unit3:inst|lpm_mux:Mux0|mux_aqc:auto_generated|_~593           ; out0             ;
; |Q|ALU_unit3:inst|lpm_mux:Mux0|mux_aqc:auto_generated|_~602           ; |Q|ALU_unit3:inst|lpm_mux:Mux0|mux_aqc:auto_generated|_~602           ; out0             ;
; |Q|ALU_unit3:inst|lpm_mux:Mux0|mux_aqc:auto_generated|_~604           ; |Q|ALU_unit3:inst|lpm_mux:Mux0|mux_aqc:auto_generated|_~604           ; out0             ;
; |Q|ALU_unit3:inst|lpm_mux:Mux0|mux_aqc:auto_generated|_~606           ; |Q|ALU_unit3:inst|lpm_mux:Mux0|mux_aqc:auto_generated|_~606           ; out0             ;
; |Q|ALU_unit3:inst|lpm_mux:Mux0|mux_aqc:auto_generated|_~608           ; |Q|ALU_unit3:inst|lpm_mux:Mux0|mux_aqc:auto_generated|_~608           ; out0             ;
; |Q|ALU_unit3:inst|lpm_mux:Mux0|mux_aqc:auto_generated|_~609           ; |Q|ALU_unit3:inst|lpm_mux:Mux0|mux_aqc:auto_generated|_~609           ; out0             ;
; |Q|ALU_unit3:inst|lpm_mux:Mux0|mux_aqc:auto_generated|_~610           ; |Q|ALU_unit3:inst|lpm_mux:Mux0|mux_aqc:auto_generated|_~610           ; out0             ;
; |Q|ALU_unit3:inst|lpm_mux:Mux0|mux_aqc:auto_generated|_~611           ; |Q|ALU_unit3:inst|lpm_mux:Mux0|mux_aqc:auto_generated|_~611           ; out0             ;
; |Q|ALU_unit3:inst|lpm_mux:Mux0|mux_aqc:auto_generated|_~613           ; |Q|ALU_unit3:inst|lpm_mux:Mux0|mux_aqc:auto_generated|_~613           ; out0             ;
; |Q|ALU_unit3:inst|lpm_mux:Mux0|mux_aqc:auto_generated|_~615           ; |Q|ALU_unit3:inst|lpm_mux:Mux0|mux_aqc:auto_generated|_~615           ; out0             ;
; |Q|ALU_unit3:inst|lpm_mux:Mux0|mux_aqc:auto_generated|_~617           ; |Q|ALU_unit3:inst|lpm_mux:Mux0|mux_aqc:auto_generated|_~617           ; out0             ;
; |Q|ALU_unit3:inst|lpm_mux:Mux0|mux_aqc:auto_generated|_~618           ; |Q|ALU_unit3:inst|lpm_mux:Mux0|mux_aqc:auto_generated|_~618           ; out0             ;
; |Q|ALU_unit3:inst|lpm_mux:Mux0|mux_aqc:auto_generated|_~621           ; |Q|ALU_unit3:inst|lpm_mux:Mux0|mux_aqc:auto_generated|_~621           ; out0             ;
; |Q|ALU_unit3:inst|lpm_mux:Mux0|mux_aqc:auto_generated|_~622           ; |Q|ALU_unit3:inst|lpm_mux:Mux0|mux_aqc:auto_generated|_~622           ; out0             ;
; |Q|ALU_unit3:inst|lpm_mux:Mux0|mux_aqc:auto_generated|_~623           ; |Q|ALU_unit3:inst|lpm_mux:Mux0|mux_aqc:auto_generated|_~623           ; out0             ;
; |Q|ALU_unit3:inst|lpm_mux:Mux0|mux_aqc:auto_generated|_~624           ; |Q|ALU_unit3:inst|lpm_mux:Mux0|mux_aqc:auto_generated|_~624           ; out0             ;
; |Q|ALU_unit3:inst|lpm_mux:Mux0|mux_aqc:auto_generated|_~626           ; |Q|ALU_unit3:inst|lpm_mux:Mux0|mux_aqc:auto_generated|_~626           ; out0             ;
; |Q|ALU_unit3:inst|lpm_mux:Mux0|mux_aqc:auto_generated|_~628           ; |Q|ALU_unit3:inst|lpm_mux:Mux0|mux_aqc:auto_generated|_~628           ; out0             ;
; |Q|ALU_unit3:inst|lpm_mux:Mux0|mux_aqc:auto_generated|_~630           ; |Q|ALU_unit3:inst|lpm_mux:Mux0|mux_aqc:auto_generated|_~630           ; out0             ;
; |Q|ALU_unit3:inst|lpm_mux:Mux0|mux_aqc:auto_generated|_~631           ; |Q|ALU_unit3:inst|lpm_mux:Mux0|mux_aqc:auto_generated|_~631           ; out0             ;
; |Q|ALU_unit3:inst|lpm_mux:Mux0|mux_aqc:auto_generated|_~632           ; |Q|ALU_unit3:inst|lpm_mux:Mux0|mux_aqc:auto_generated|_~632           ; out0             ;
; |Q|ALU_unit3:inst|lpm_mux:Mux0|mux_aqc:auto_generated|_~633           ; |Q|ALU_unit3:inst|lpm_mux:Mux0|mux_aqc:auto_generated|_~633           ; out0             ;
; |Q|ALU_unit3:inst|lpm_mux:Mux0|mux_aqc:auto_generated|_~635           ; |Q|ALU_unit3:inst|lpm_mux:Mux0|mux_aqc:auto_generated|_~635           ; out0             ;
; |Q|ALU_unit3:inst|lpm_mux:Mux0|mux_aqc:auto_generated|_~637           ; |Q|ALU_unit3:inst|lpm_mux:Mux0|mux_aqc:auto_generated|_~637           ; out0             ;
; |Q|ALU_unit3:inst|lpm_mux:Mux0|mux_aqc:auto_generated|_~639           ; |Q|ALU_unit3:inst|lpm_mux:Mux0|mux_aqc:auto_generated|_~639           ; out0             ;
; |Q|ALU_unit3:inst|lpm_mux:Mux0|mux_aqc:auto_generated|_~640           ; |Q|ALU_unit3:inst|lpm_mux:Mux0|mux_aqc:auto_generated|_~640           ; out0             ;
; |Q|ALU_unit3:inst|lpm_mux:Mux0|mux_aqc:auto_generated|_~643           ; |Q|ALU_unit3:inst|lpm_mux:Mux0|mux_aqc:auto_generated|_~643           ; out0             ;
; |Q|ALU_unit3:inst|lpm_mux:Mux0|mux_aqc:auto_generated|_~644           ; |Q|ALU_unit3:inst|lpm_mux:Mux0|mux_aqc:auto_generated|_~644           ; out0             ;
; |Q|ALU_unit3:inst|lpm_mux:Mux0|mux_aqc:auto_generated|_~646           ; |Q|ALU_unit3:inst|lpm_mux:Mux0|mux_aqc:auto_generated|_~646           ; out0             ;
; |Q|ALU_unit3:inst|lpm_mux:Mux0|mux_aqc:auto_generated|_~648           ; |Q|ALU_unit3:inst|lpm_mux:Mux0|mux_aqc:auto_generated|_~648           ; out0             ;
; |Q|ALU_unit3:inst|lpm_mux:Mux0|mux_aqc:auto_generated|_~649           ; |Q|ALU_unit3:inst|lpm_mux:Mux0|mux_aqc:auto_generated|_~649           ; out0             ;
; |Q|ALU_unit3:inst|lpm_mux:Mux0|mux_aqc:auto_generated|_~651           ; |Q|ALU_unit3:inst|lpm_mux:Mux0|mux_aqc:auto_generated|_~651           ; out0             ;
; |Q|ALU_unit3:inst|lpm_mux:Mux0|mux_aqc:auto_generated|_~653           ; |Q|ALU_unit3:inst|lpm_mux:Mux0|mux_aqc:auto_generated|_~653           ; out0             ;
; |Q|ALU_unit3:inst|lpm_mux:Mux0|mux_aqc:auto_generated|_~655           ; |Q|ALU_unit3:inst|lpm_mux:Mux0|mux_aqc:auto_generated|_~655           ; out0             ;
; |Q|ALU_unit3:inst|lpm_mux:Mux0|mux_aqc:auto_generated|_~656           ; |Q|ALU_unit3:inst|lpm_mux:Mux0|mux_aqc:auto_generated|_~656           ; out0             ;
; |Q|ALU_unit3:inst|lpm_mux:Mux0|mux_aqc:auto_generated|_~657           ; |Q|ALU_unit3:inst|lpm_mux:Mux0|mux_aqc:auto_generated|_~657           ; out0             ;
; |Q|ALU_unit3:inst|lpm_mux:Mux0|mux_aqc:auto_generated|_~658           ; |Q|ALU_unit3:inst|lpm_mux:Mux0|mux_aqc:auto_generated|_~658           ; out0             ;
; |Q|ALU_unit3:inst|lpm_mux:Mux0|mux_aqc:auto_generated|_~660           ; |Q|ALU_unit3:inst|lpm_mux:Mux0|mux_aqc:auto_generated|_~660           ; out0             ;
; |Q|ALU_unit3:inst|lpm_mux:Mux0|mux_aqc:auto_generated|_~662           ; |Q|ALU_unit3:inst|lpm_mux:Mux0|mux_aqc:auto_generated|_~662           ; out0             ;
; |Q|ALU_unit3:inst|lpm_mux:Mux0|mux_aqc:auto_generated|_~664           ; |Q|ALU_unit3:inst|lpm_mux:Mux0|mux_aqc:auto_generated|_~664           ; out0             ;
; |Q|ALU_unit3:inst|lpm_mux:Mux0|mux_aqc:auto_generated|_~665           ; |Q|ALU_unit3:inst|lpm_mux:Mux0|mux_aqc:auto_generated|_~665           ; out0             ;
; |Q|ALU_unit3:inst|lpm_mux:Mux0|mux_aqc:auto_generated|_~668           ; |Q|ALU_unit3:inst|lpm_mux:Mux0|mux_aqc:auto_generated|_~668           ; out0             ;
; |Q|ALU_unit3:inst|lpm_mux:Mux0|mux_aqc:auto_generated|_~669           ; |Q|ALU_unit3:inst|lpm_mux:Mux0|mux_aqc:auto_generated|_~669           ; out0             ;
; |Q|ALU_unit3:inst|lpm_mux:Mux0|mux_aqc:auto_generated|_~671           ; |Q|ALU_unit3:inst|lpm_mux:Mux0|mux_aqc:auto_generated|_~671           ; out0             ;
; |Q|ALU_unit3:inst|lpm_mux:Mux0|mux_aqc:auto_generated|_~672           ; |Q|ALU_unit3:inst|lpm_mux:Mux0|mux_aqc:auto_generated|_~672           ; out0             ;
; |Q|ALU_unit3:inst|lpm_mux:Mux0|mux_aqc:auto_generated|_~673           ; |Q|ALU_unit3:inst|lpm_mux:Mux0|mux_aqc:auto_generated|_~673           ; out0             ;
; |Q|ALU_unit3:inst|lpm_mux:Mux0|mux_aqc:auto_generated|_~674           ; |Q|ALU_unit3:inst|lpm_mux:Mux0|mux_aqc:auto_generated|_~674           ; out0             ;
; |Q|ALU_unit3:inst|lpm_mux:Mux0|mux_aqc:auto_generated|_~675           ; |Q|ALU_unit3:inst|lpm_mux:Mux0|mux_aqc:auto_generated|_~675           ; out0             ;
; |Q|ALU_unit3:inst|lpm_mux:Mux0|mux_aqc:auto_generated|_~677           ; |Q|ALU_unit3:inst|lpm_mux:Mux0|mux_aqc:auto_generated|_~677           ; out0             ;
; |Q|ALU_unit3:inst|lpm_mux:Mux0|mux_aqc:auto_generated|_~679           ; |Q|ALU_unit3:inst|lpm_mux:Mux0|mux_aqc:auto_generated|_~679           ; out0             ;
; |Q|ALU_unit3:inst|lpm_mux:Mux0|mux_aqc:auto_generated|_~681           ; |Q|ALU_unit3:inst|lpm_mux:Mux0|mux_aqc:auto_generated|_~681           ; out0             ;
; |Q|ALU_unit3:inst|lpm_mux:Mux0|mux_aqc:auto_generated|_~682           ; |Q|ALU_unit3:inst|lpm_mux:Mux0|mux_aqc:auto_generated|_~682           ; out0             ;
; |Q|ALU_unit3:inst|lpm_mux:Mux0|mux_aqc:auto_generated|_~683           ; |Q|ALU_unit3:inst|lpm_mux:Mux0|mux_aqc:auto_generated|_~683           ; out0             ;
; |Q|ALU_unit3:inst|lpm_mux:Mux0|mux_aqc:auto_generated|_~684           ; |Q|ALU_unit3:inst|lpm_mux:Mux0|mux_aqc:auto_generated|_~684           ; out0             ;
; |Q|ALU_unit3:inst|lpm_mux:Mux0|mux_aqc:auto_generated|_~686           ; |Q|ALU_unit3:inst|lpm_mux:Mux0|mux_aqc:auto_generated|_~686           ; out0             ;
; |Q|ALU_unit3:inst|lpm_mux:Mux0|mux_aqc:auto_generated|_~688           ; |Q|ALU_unit3:inst|lpm_mux:Mux0|mux_aqc:auto_generated|_~688           ; out0             ;
; |Q|ALU_unit3:inst|lpm_mux:Mux0|mux_aqc:auto_generated|_~690           ; |Q|ALU_unit3:inst|lpm_mux:Mux0|mux_aqc:auto_generated|_~690           ; out0             ;
; |Q|ALU_unit3:inst|lpm_mux:Mux0|mux_aqc:auto_generated|_~691           ; |Q|ALU_unit3:inst|lpm_mux:Mux0|mux_aqc:auto_generated|_~691           ; out0             ;
; |Q|ALU_unit3:inst|lpm_mux:Mux0|mux_aqc:auto_generated|_~694           ; |Q|ALU_unit3:inst|lpm_mux:Mux0|mux_aqc:auto_generated|_~694           ; out0             ;
; |Q|ALU_unit3:inst|lpm_mux:Mux0|mux_aqc:auto_generated|_~695           ; |Q|ALU_unit3:inst|lpm_mux:Mux0|mux_aqc:auto_generated|_~695           ; out0             ;
; |Q|ALU_unit3:inst|lpm_mux:Mux0|mux_aqc:auto_generated|_~697           ; |Q|ALU_unit3:inst|lpm_mux:Mux0|mux_aqc:auto_generated|_~697           ; out0             ;
; |Q|ALU_unit3:inst|lpm_mux:Mux0|mux_aqc:auto_generated|_~699           ; |Q|ALU_unit3:inst|lpm_mux:Mux0|mux_aqc:auto_generated|_~699           ; out0             ;
; |Q|ALU_unit3:inst|lpm_mux:Mux0|mux_aqc:auto_generated|_~700           ; |Q|ALU_unit3:inst|lpm_mux:Mux0|mux_aqc:auto_generated|_~700           ; out0             ;
; |Q|ALU_unit3:inst|lpm_mux:Mux0|mux_aqc:auto_generated|_~702           ; |Q|ALU_unit3:inst|lpm_mux:Mux0|mux_aqc:auto_generated|_~702           ; out0             ;
; |Q|ALU_unit3:inst|lpm_mux:Mux0|mux_aqc:auto_generated|_~704           ; |Q|ALU_unit3:inst|lpm_mux:Mux0|mux_aqc:auto_generated|_~704           ; out0             ;
; |Q|ALU_unit3:inst|lpm_mux:Mux0|mux_aqc:auto_generated|_~706           ; |Q|ALU_unit3:inst|lpm_mux:Mux0|mux_aqc:auto_generated|_~706           ; out0             ;
; |Q|ALU_unit3:inst|lpm_mux:Mux0|mux_aqc:auto_generated|_~707           ; |Q|ALU_unit3:inst|lpm_mux:Mux0|mux_aqc:auto_generated|_~707           ; out0             ;
; |Q|ALU_unit3:inst|lpm_mux:Mux0|mux_aqc:auto_generated|_~708           ; |Q|ALU_unit3:inst|lpm_mux:Mux0|mux_aqc:auto_generated|_~708           ; out0             ;
; |Q|ALU_unit3:inst|lpm_mux:Mux0|mux_aqc:auto_generated|_~709           ; |Q|ALU_unit3:inst|lpm_mux:Mux0|mux_aqc:auto_generated|_~709           ; out0             ;
; |Q|ALU_unit3:inst|lpm_mux:Mux0|mux_aqc:auto_generated|_~711           ; |Q|ALU_unit3:inst|lpm_mux:Mux0|mux_aqc:auto_generated|_~711           ; out0             ;
; |Q|ALU_unit3:inst|lpm_mux:Mux0|mux_aqc:auto_generated|_~713           ; |Q|ALU_unit3:inst|lpm_mux:Mux0|mux_aqc:auto_generated|_~713           ; out0             ;
; |Q|ALU_unit3:inst|lpm_mux:Mux0|mux_aqc:auto_generated|_~715           ; |Q|ALU_unit3:inst|lpm_mux:Mux0|mux_aqc:auto_generated|_~715           ; out0             ;
; |Q|ALU_unit3:inst|lpm_mux:Mux0|mux_aqc:auto_generated|_~716           ; |Q|ALU_unit3:inst|lpm_mux:Mux0|mux_aqc:auto_generated|_~716           ; out0             ;
; |Q|ALU_unit3:inst|lpm_mux:Mux0|mux_aqc:auto_generated|_~719           ; |Q|ALU_unit3:inst|lpm_mux:Mux0|mux_aqc:auto_generated|_~719           ; out0             ;
; |Q|ALU_unit3:inst|lpm_mux:Mux0|mux_aqc:auto_generated|_~720           ; |Q|ALU_unit3:inst|lpm_mux:Mux0|mux_aqc:auto_generated|_~720           ; out0             ;
; |Q|ALU_unit3:inst|lpm_mux:Mux0|mux_aqc:auto_generated|_~722           ; |Q|ALU_unit3:inst|lpm_mux:Mux0|mux_aqc:auto_generated|_~722           ; out0             ;
; |Q|ALU_unit3:inst|lpm_mux:Mux0|mux_aqc:auto_generated|_~723           ; |Q|ALU_unit3:inst|lpm_mux:Mux0|mux_aqc:auto_generated|_~723           ; out0             ;
; |Q|ALU_unit3:inst|lpm_mux:Mux0|mux_aqc:auto_generated|_~724           ; |Q|ALU_unit3:inst|lpm_mux:Mux0|mux_aqc:auto_generated|_~724           ; out0             ;
; |Q|ALU_unit3:inst|lpm_mux:Mux0|mux_aqc:auto_generated|_~726           ; |Q|ALU_unit3:inst|lpm_mux:Mux0|mux_aqc:auto_generated|_~726           ; out0             ;
; |Q|ALU_unit3:inst|lpm_mux:Mux0|mux_aqc:auto_generated|_~728           ; |Q|ALU_unit3:inst|lpm_mux:Mux0|mux_aqc:auto_generated|_~728           ; out0             ;
; |Q|ALU_unit3:inst|lpm_mux:Mux0|mux_aqc:auto_generated|_~730           ; |Q|ALU_unit3:inst|lpm_mux:Mux0|mux_aqc:auto_generated|_~730           ; out0             ;
; |Q|ALU_unit3:inst|lpm_mux:Mux0|mux_aqc:auto_generated|_~731           ; |Q|ALU_unit3:inst|lpm_mux:Mux0|mux_aqc:auto_generated|_~731           ; out0             ;
; |Q|ALU_unit3:inst|lpm_mux:Mux0|mux_aqc:auto_generated|_~732           ; |Q|ALU_unit3:inst|lpm_mux:Mux0|mux_aqc:auto_generated|_~732           ; out0             ;
; |Q|ALU_unit3:inst|lpm_mux:Mux0|mux_aqc:auto_generated|_~733           ; |Q|ALU_unit3:inst|lpm_mux:Mux0|mux_aqc:auto_generated|_~733           ; out0             ;
; |Q|ALU_unit3:inst|lpm_mux:Mux0|mux_aqc:auto_generated|_~735           ; |Q|ALU_unit3:inst|lpm_mux:Mux0|mux_aqc:auto_generated|_~735           ; out0             ;
; |Q|ALU_unit3:inst|lpm_mux:Mux0|mux_aqc:auto_generated|_~737           ; |Q|ALU_unit3:inst|lpm_mux:Mux0|mux_aqc:auto_generated|_~737           ; out0             ;
; |Q|ALU_unit3:inst|lpm_mux:Mux0|mux_aqc:auto_generated|_~739           ; |Q|ALU_unit3:inst|lpm_mux:Mux0|mux_aqc:auto_generated|_~739           ; out0             ;
; |Q|ALU_unit3:inst|lpm_mux:Mux0|mux_aqc:auto_generated|_~740           ; |Q|ALU_unit3:inst|lpm_mux:Mux0|mux_aqc:auto_generated|_~740           ; out0             ;
; |Q|ALU_unit3:inst|lpm_mux:Mux0|mux_aqc:auto_generated|_~743           ; |Q|ALU_unit3:inst|lpm_mux:Mux0|mux_aqc:auto_generated|_~743           ; out0             ;
; |Q|ALU_unit3:inst|lpm_mux:Mux0|mux_aqc:auto_generated|_~744           ; |Q|ALU_unit3:inst|lpm_mux:Mux0|mux_aqc:auto_generated|_~744           ; out0             ;
; |Q|ALU_unit3:inst|lpm_mux:Mux0|mux_aqc:auto_generated|_~747           ; |Q|ALU_unit3:inst|lpm_mux:Mux0|mux_aqc:auto_generated|_~747           ; out0             ;
; |Q|ALU_unit3:inst|lpm_mux:Mux0|mux_aqc:auto_generated|_~748           ; |Q|ALU_unit3:inst|lpm_mux:Mux0|mux_aqc:auto_generated|_~748           ; out0             ;
; |Q|ALU_unit3:inst|lpm_mux:Mux0|mux_aqc:auto_generated|_~750           ; |Q|ALU_unit3:inst|lpm_mux:Mux0|mux_aqc:auto_generated|_~750           ; out0             ;
; |Q|ALU_unit3:inst|lpm_mux:Mux0|mux_aqc:auto_generated|_~752           ; |Q|ALU_unit3:inst|lpm_mux:Mux0|mux_aqc:auto_generated|_~752           ; out0             ;
; |Q|ALU_unit3:inst|lpm_mux:Mux0|mux_aqc:auto_generated|_~754           ; |Q|ALU_unit3:inst|lpm_mux:Mux0|mux_aqc:auto_generated|_~754           ; out0             ;
; |Q|ALU_unit3:inst|lpm_mux:Mux0|mux_aqc:auto_generated|_~756           ; |Q|ALU_unit3:inst|lpm_mux:Mux0|mux_aqc:auto_generated|_~756           ; out0             ;
; |Q|ALU_unit3:inst|lpm_mux:Mux0|mux_aqc:auto_generated|_~758           ; |Q|ALU_unit3:inst|lpm_mux:Mux0|mux_aqc:auto_generated|_~758           ; out0             ;
; |Q|ALU_unit3:inst|lpm_mux:Mux0|mux_aqc:auto_generated|_~759           ; |Q|ALU_unit3:inst|lpm_mux:Mux0|mux_aqc:auto_generated|_~759           ; out0             ;
; |Q|ALU_unit3:inst|lpm_mux:Mux0|mux_aqc:auto_generated|_~760           ; |Q|ALU_unit3:inst|lpm_mux:Mux0|mux_aqc:auto_generated|_~760           ; out0             ;
; |Q|ALU_unit3:inst|lpm_mux:Mux0|mux_aqc:auto_generated|_~761           ; |Q|ALU_unit3:inst|lpm_mux:Mux0|mux_aqc:auto_generated|_~761           ; out0             ;
; |Q|ALU_unit3:inst|lpm_mux:Mux0|mux_aqc:auto_generated|_~763           ; |Q|ALU_unit3:inst|lpm_mux:Mux0|mux_aqc:auto_generated|_~763           ; out0             ;
; |Q|ALU_unit3:inst|lpm_mux:Mux0|mux_aqc:auto_generated|_~765           ; |Q|ALU_unit3:inst|lpm_mux:Mux0|mux_aqc:auto_generated|_~765           ; out0             ;
; |Q|ALU_unit3:inst|lpm_mux:Mux0|mux_aqc:auto_generated|_~767           ; |Q|ALU_unit3:inst|lpm_mux:Mux0|mux_aqc:auto_generated|_~767           ; out0             ;
; |Q|ALU_unit3:inst|lpm_mux:Mux0|mux_aqc:auto_generated|_~768           ; |Q|ALU_unit3:inst|lpm_mux:Mux0|mux_aqc:auto_generated|_~768           ; out0             ;
; |Q|ALU_unit3:inst|lpm_mux:Mux0|mux_aqc:auto_generated|_~771           ; |Q|ALU_unit3:inst|lpm_mux:Mux0|mux_aqc:auto_generated|_~771           ; out0             ;
; |Q|ALU_unit3:inst|lpm_mux:Mux0|mux_aqc:auto_generated|_~772           ; |Q|ALU_unit3:inst|lpm_mux:Mux0|mux_aqc:auto_generated|_~772           ; out0             ;
; |Q|ALU_unit3:inst|lpm_mux:Mux0|mux_aqc:auto_generated|_~773           ; |Q|ALU_unit3:inst|lpm_mux:Mux0|mux_aqc:auto_generated|_~773           ; out0             ;
; |Q|ALU_unit3:inst|lpm_mux:Mux0|mux_aqc:auto_generated|_~774           ; |Q|ALU_unit3:inst|lpm_mux:Mux0|mux_aqc:auto_generated|_~774           ; out0             ;
; |Q|ALU_unit3:inst|lpm_mux:Mux0|mux_aqc:auto_generated|_~776           ; |Q|ALU_unit3:inst|lpm_mux:Mux0|mux_aqc:auto_generated|_~776           ; out0             ;
; |Q|ALU_unit3:inst|lpm_mux:Mux0|mux_aqc:auto_generated|_~778           ; |Q|ALU_unit3:inst|lpm_mux:Mux0|mux_aqc:auto_generated|_~778           ; out0             ;
; |Q|ALU_unit3:inst|lpm_mux:Mux0|mux_aqc:auto_generated|_~780           ; |Q|ALU_unit3:inst|lpm_mux:Mux0|mux_aqc:auto_generated|_~780           ; out0             ;
; |Q|ALU_unit3:inst|lpm_mux:Mux0|mux_aqc:auto_generated|_~781           ; |Q|ALU_unit3:inst|lpm_mux:Mux0|mux_aqc:auto_generated|_~781           ; out0             ;
; |Q|ALU_unit3:inst|lpm_mux:Mux0|mux_aqc:auto_generated|_~782           ; |Q|ALU_unit3:inst|lpm_mux:Mux0|mux_aqc:auto_generated|_~782           ; out0             ;
; |Q|ALU_unit3:inst|lpm_mux:Mux0|mux_aqc:auto_generated|_~783           ; |Q|ALU_unit3:inst|lpm_mux:Mux0|mux_aqc:auto_generated|_~783           ; out0             ;
; |Q|ALU_unit3:inst|lpm_mux:Mux0|mux_aqc:auto_generated|_~785           ; |Q|ALU_unit3:inst|lpm_mux:Mux0|mux_aqc:auto_generated|_~785           ; out0             ;
; |Q|ALU_unit3:inst|lpm_mux:Mux0|mux_aqc:auto_generated|_~787           ; |Q|ALU_unit3:inst|lpm_mux:Mux0|mux_aqc:auto_generated|_~787           ; out0             ;
; |Q|ALU_unit3:inst|lpm_mux:Mux0|mux_aqc:auto_generated|_~789           ; |Q|ALU_unit3:inst|lpm_mux:Mux0|mux_aqc:auto_generated|_~789           ; out0             ;
; |Q|ALU_unit3:inst|lpm_mux:Mux0|mux_aqc:auto_generated|_~790           ; |Q|ALU_unit3:inst|lpm_mux:Mux0|mux_aqc:auto_generated|_~790           ; out0             ;
; |Q|ALU_unit3:inst|lpm_mux:Mux0|mux_aqc:auto_generated|_~793           ; |Q|ALU_unit3:inst|lpm_mux:Mux0|mux_aqc:auto_generated|_~793           ; out0             ;
; |Q|ALU_unit3:inst|lpm_mux:Mux0|mux_aqc:auto_generated|_~794           ; |Q|ALU_unit3:inst|lpm_mux:Mux0|mux_aqc:auto_generated|_~794           ; out0             ;
; |Q|ALU_unit3:inst|lpm_mux:Mux0|mux_aqc:auto_generated|_~796           ; |Q|ALU_unit3:inst|lpm_mux:Mux0|mux_aqc:auto_generated|_~796           ; out0             ;
; |Q|ALU_unit3:inst|lpm_mux:Mux0|mux_aqc:auto_generated|_~798           ; |Q|ALU_unit3:inst|lpm_mux:Mux0|mux_aqc:auto_generated|_~798           ; out0             ;
; |Q|ALU_unit3:inst|lpm_mux:Mux0|mux_aqc:auto_generated|_~799           ; |Q|ALU_unit3:inst|lpm_mux:Mux0|mux_aqc:auto_generated|_~799           ; out0             ;
; |Q|ALU_unit3:inst|lpm_mux:Mux0|mux_aqc:auto_generated|_~801           ; |Q|ALU_unit3:inst|lpm_mux:Mux0|mux_aqc:auto_generated|_~801           ; out0             ;
; |Q|ALU_unit3:inst|lpm_mux:Mux0|mux_aqc:auto_generated|_~803           ; |Q|ALU_unit3:inst|lpm_mux:Mux0|mux_aqc:auto_generated|_~803           ; out0             ;
; |Q|ALU_unit3:inst|lpm_mux:Mux0|mux_aqc:auto_generated|_~805           ; |Q|ALU_unit3:inst|lpm_mux:Mux0|mux_aqc:auto_generated|_~805           ; out0             ;
; |Q|ALU_unit3:inst|lpm_mux:Mux0|mux_aqc:auto_generated|_~806           ; |Q|ALU_unit3:inst|lpm_mux:Mux0|mux_aqc:auto_generated|_~806           ; out0             ;
; |Q|ALU_unit3:inst|lpm_mux:Mux0|mux_aqc:auto_generated|_~807           ; |Q|ALU_unit3:inst|lpm_mux:Mux0|mux_aqc:auto_generated|_~807           ; out0             ;
; |Q|ALU_unit3:inst|lpm_mux:Mux0|mux_aqc:auto_generated|_~808           ; |Q|ALU_unit3:inst|lpm_mux:Mux0|mux_aqc:auto_generated|_~808           ; out0             ;
; |Q|ALU_unit3:inst|lpm_mux:Mux0|mux_aqc:auto_generated|_~810           ; |Q|ALU_unit3:inst|lpm_mux:Mux0|mux_aqc:auto_generated|_~810           ; out0             ;
; |Q|ALU_unit3:inst|lpm_mux:Mux0|mux_aqc:auto_generated|_~812           ; |Q|ALU_unit3:inst|lpm_mux:Mux0|mux_aqc:auto_generated|_~812           ; out0             ;
; |Q|ALU_unit3:inst|lpm_mux:Mux0|mux_aqc:auto_generated|_~814           ; |Q|ALU_unit3:inst|lpm_mux:Mux0|mux_aqc:auto_generated|_~814           ; out0             ;
; |Q|ALU_unit3:inst|lpm_mux:Mux0|mux_aqc:auto_generated|_~815           ; |Q|ALU_unit3:inst|lpm_mux:Mux0|mux_aqc:auto_generated|_~815           ; out0             ;
; |Q|ALU_unit3:inst|lpm_mux:Mux0|mux_aqc:auto_generated|_~818           ; |Q|ALU_unit3:inst|lpm_mux:Mux0|mux_aqc:auto_generated|_~818           ; out0             ;
; |Q|ALU_unit3:inst|lpm_mux:Mux0|mux_aqc:auto_generated|_~819           ; |Q|ALU_unit3:inst|lpm_mux:Mux0|mux_aqc:auto_generated|_~819           ; out0             ;
; |Q|ALU_unit3:inst|lpm_mux:Mux0|mux_aqc:auto_generated|_~821           ; |Q|ALU_unit3:inst|lpm_mux:Mux0|mux_aqc:auto_generated|_~821           ; out0             ;
; |Q|ALU_unit3:inst|lpm_mux:Mux0|mux_aqc:auto_generated|_~822           ; |Q|ALU_unit3:inst|lpm_mux:Mux0|mux_aqc:auto_generated|_~822           ; out0             ;
; |Q|ALU_unit3:inst|lpm_mux:Mux0|mux_aqc:auto_generated|_~823           ; |Q|ALU_unit3:inst|lpm_mux:Mux0|mux_aqc:auto_generated|_~823           ; out0             ;
; |Q|ALU_unit3:inst|lpm_mux:Mux0|mux_aqc:auto_generated|_~824           ; |Q|ALU_unit3:inst|lpm_mux:Mux0|mux_aqc:auto_generated|_~824           ; out0             ;
; |Q|ALU_unit3:inst|lpm_mux:Mux0|mux_aqc:auto_generated|_~825           ; |Q|ALU_unit3:inst|lpm_mux:Mux0|mux_aqc:auto_generated|_~825           ; out0             ;
; |Q|ALU_unit3:inst|lpm_mux:Mux0|mux_aqc:auto_generated|_~827           ; |Q|ALU_unit3:inst|lpm_mux:Mux0|mux_aqc:auto_generated|_~827           ; out0             ;
; |Q|ALU_unit3:inst|lpm_mux:Mux0|mux_aqc:auto_generated|_~829           ; |Q|ALU_unit3:inst|lpm_mux:Mux0|mux_aqc:auto_generated|_~829           ; out0             ;
; |Q|ALU_unit3:inst|lpm_mux:Mux0|mux_aqc:auto_generated|_~831           ; |Q|ALU_unit3:inst|lpm_mux:Mux0|mux_aqc:auto_generated|_~831           ; out0             ;
; |Q|ALU_unit3:inst|lpm_mux:Mux0|mux_aqc:auto_generated|_~832           ; |Q|ALU_unit3:inst|lpm_mux:Mux0|mux_aqc:auto_generated|_~832           ; out0             ;
; |Q|ALU_unit3:inst|lpm_mux:Mux0|mux_aqc:auto_generated|_~833           ; |Q|ALU_unit3:inst|lpm_mux:Mux0|mux_aqc:auto_generated|_~833           ; out0             ;
; |Q|ALU_unit3:inst|lpm_mux:Mux0|mux_aqc:auto_generated|_~834           ; |Q|ALU_unit3:inst|lpm_mux:Mux0|mux_aqc:auto_generated|_~834           ; out0             ;
; |Q|ALU_unit3:inst|lpm_mux:Mux0|mux_aqc:auto_generated|_~836           ; |Q|ALU_unit3:inst|lpm_mux:Mux0|mux_aqc:auto_generated|_~836           ; out0             ;
; |Q|ALU_unit3:inst|lpm_mux:Mux0|mux_aqc:auto_generated|_~838           ; |Q|ALU_unit3:inst|lpm_mux:Mux0|mux_aqc:auto_generated|_~838           ; out0             ;
; |Q|ALU_unit3:inst|lpm_mux:Mux0|mux_aqc:auto_generated|_~840           ; |Q|ALU_unit3:inst|lpm_mux:Mux0|mux_aqc:auto_generated|_~840           ; out0             ;
; |Q|ALU_unit3:inst|lpm_mux:Mux0|mux_aqc:auto_generated|_~841           ; |Q|ALU_unit3:inst|lpm_mux:Mux0|mux_aqc:auto_generated|_~841           ; out0             ;
; |Q|ALU_unit3:inst|lpm_mux:Mux0|mux_aqc:auto_generated|_~844           ; |Q|ALU_unit3:inst|lpm_mux:Mux0|mux_aqc:auto_generated|_~844           ; out0             ;
; |Q|ALU_unit3:inst|lpm_mux:Mux0|mux_aqc:auto_generated|_~845           ; |Q|ALU_unit3:inst|lpm_mux:Mux0|mux_aqc:auto_generated|_~845           ; out0             ;
; |Q|ALU_unit3:inst|lpm_mux:Mux0|mux_aqc:auto_generated|_~847           ; |Q|ALU_unit3:inst|lpm_mux:Mux0|mux_aqc:auto_generated|_~847           ; out0             ;
; |Q|ALU_unit3:inst|lpm_mux:Mux0|mux_aqc:auto_generated|_~849           ; |Q|ALU_unit3:inst|lpm_mux:Mux0|mux_aqc:auto_generated|_~849           ; out0             ;
; |Q|ALU_unit3:inst|lpm_mux:Mux0|mux_aqc:auto_generated|_~850           ; |Q|ALU_unit3:inst|lpm_mux:Mux0|mux_aqc:auto_generated|_~850           ; out0             ;
; |Q|ALU_unit3:inst|lpm_mux:Mux0|mux_aqc:auto_generated|_~852           ; |Q|ALU_unit3:inst|lpm_mux:Mux0|mux_aqc:auto_generated|_~852           ; out0             ;
; |Q|ALU_unit3:inst|lpm_mux:Mux0|mux_aqc:auto_generated|_~854           ; |Q|ALU_unit3:inst|lpm_mux:Mux0|mux_aqc:auto_generated|_~854           ; out0             ;
; |Q|ALU_unit3:inst|lpm_mux:Mux0|mux_aqc:auto_generated|_~856           ; |Q|ALU_unit3:inst|lpm_mux:Mux0|mux_aqc:auto_generated|_~856           ; out0             ;
; |Q|ALU_unit3:inst|lpm_mux:Mux0|mux_aqc:auto_generated|_~857           ; |Q|ALU_unit3:inst|lpm_mux:Mux0|mux_aqc:auto_generated|_~857           ; out0             ;
; |Q|ALU_unit3:inst|lpm_mux:Mux0|mux_aqc:auto_generated|_~858           ; |Q|ALU_unit3:inst|lpm_mux:Mux0|mux_aqc:auto_generated|_~858           ; out0             ;
; |Q|ALU_unit3:inst|lpm_mux:Mux0|mux_aqc:auto_generated|_~859           ; |Q|ALU_unit3:inst|lpm_mux:Mux0|mux_aqc:auto_generated|_~859           ; out0             ;
; |Q|ALU_unit3:inst|lpm_mux:Mux0|mux_aqc:auto_generated|_~861           ; |Q|ALU_unit3:inst|lpm_mux:Mux0|mux_aqc:auto_generated|_~861           ; out0             ;
; |Q|ALU_unit3:inst|lpm_mux:Mux0|mux_aqc:auto_generated|_~863           ; |Q|ALU_unit3:inst|lpm_mux:Mux0|mux_aqc:auto_generated|_~863           ; out0             ;
; |Q|ALU_unit3:inst|lpm_mux:Mux0|mux_aqc:auto_generated|_~865           ; |Q|ALU_unit3:inst|lpm_mux:Mux0|mux_aqc:auto_generated|_~865           ; out0             ;
; |Q|ALU_unit3:inst|lpm_mux:Mux0|mux_aqc:auto_generated|_~866           ; |Q|ALU_unit3:inst|lpm_mux:Mux0|mux_aqc:auto_generated|_~866           ; out0             ;
; |Q|ALU_unit3:inst|lpm_mux:Mux0|mux_aqc:auto_generated|_~869           ; |Q|ALU_unit3:inst|lpm_mux:Mux0|mux_aqc:auto_generated|_~869           ; out0             ;
; |Q|ALU_unit3:inst|lpm_mux:Mux0|mux_aqc:auto_generated|_~870           ; |Q|ALU_unit3:inst|lpm_mux:Mux0|mux_aqc:auto_generated|_~870           ; out0             ;
; |Q|ALU_unit3:inst|lpm_mux:Mux0|mux_aqc:auto_generated|_~872           ; |Q|ALU_unit3:inst|lpm_mux:Mux0|mux_aqc:auto_generated|_~872           ; out0             ;
; |Q|ALU_unit3:inst|lpm_mux:Mux0|mux_aqc:auto_generated|_~873           ; |Q|ALU_unit3:inst|lpm_mux:Mux0|mux_aqc:auto_generated|_~873           ; out0             ;
; |Q|ALU_unit3:inst|lpm_mux:Mux0|mux_aqc:auto_generated|_~874           ; |Q|ALU_unit3:inst|lpm_mux:Mux0|mux_aqc:auto_generated|_~874           ; out0             ;
; |Q|ALU_unit3:inst|lpm_mux:Mux0|mux_aqc:auto_generated|_~876           ; |Q|ALU_unit3:inst|lpm_mux:Mux0|mux_aqc:auto_generated|_~876           ; out0             ;
; |Q|ALU_unit3:inst|lpm_mux:Mux0|mux_aqc:auto_generated|_~878           ; |Q|ALU_unit3:inst|lpm_mux:Mux0|mux_aqc:auto_generated|_~878           ; out0             ;
; |Q|ALU_unit3:inst|lpm_mux:Mux0|mux_aqc:auto_generated|_~880           ; |Q|ALU_unit3:inst|lpm_mux:Mux0|mux_aqc:auto_generated|_~880           ; out0             ;
; |Q|ALU_unit3:inst|lpm_mux:Mux0|mux_aqc:auto_generated|_~881           ; |Q|ALU_unit3:inst|lpm_mux:Mux0|mux_aqc:auto_generated|_~881           ; out0             ;
; |Q|ALU_unit3:inst|lpm_mux:Mux0|mux_aqc:auto_generated|_~882           ; |Q|ALU_unit3:inst|lpm_mux:Mux0|mux_aqc:auto_generated|_~882           ; out0             ;
; |Q|ALU_unit3:inst|lpm_mux:Mux0|mux_aqc:auto_generated|_~883           ; |Q|ALU_unit3:inst|lpm_mux:Mux0|mux_aqc:auto_generated|_~883           ; out0             ;
; |Q|ALU_unit3:inst|lpm_mux:Mux0|mux_aqc:auto_generated|_~885           ; |Q|ALU_unit3:inst|lpm_mux:Mux0|mux_aqc:auto_generated|_~885           ; out0             ;
; |Q|ALU_unit3:inst|lpm_mux:Mux0|mux_aqc:auto_generated|_~887           ; |Q|ALU_unit3:inst|lpm_mux:Mux0|mux_aqc:auto_generated|_~887           ; out0             ;
; |Q|ALU_unit3:inst|lpm_mux:Mux0|mux_aqc:auto_generated|_~889           ; |Q|ALU_unit3:inst|lpm_mux:Mux0|mux_aqc:auto_generated|_~889           ; out0             ;
; |Q|ALU_unit3:inst|lpm_mux:Mux0|mux_aqc:auto_generated|_~890           ; |Q|ALU_unit3:inst|lpm_mux:Mux0|mux_aqc:auto_generated|_~890           ; out0             ;
; |Q|ALU_unit3:inst|lpm_mux:Mux0|mux_aqc:auto_generated|_~893           ; |Q|ALU_unit3:inst|lpm_mux:Mux0|mux_aqc:auto_generated|_~893           ; out0             ;
; |Q|ALU_unit3:inst|lpm_mux:Mux0|mux_aqc:auto_generated|_~894           ; |Q|ALU_unit3:inst|lpm_mux:Mux0|mux_aqc:auto_generated|_~894           ; out0             ;
; |Q|ALU_unit3:inst|lpm_mux:Mux0|mux_aqc:auto_generated|_~897           ; |Q|ALU_unit3:inst|lpm_mux:Mux0|mux_aqc:auto_generated|_~897           ; out0             ;
; |Q|ALU_unit3:inst|lpm_mux:Mux0|mux_aqc:auto_generated|_~898           ; |Q|ALU_unit3:inst|lpm_mux:Mux0|mux_aqc:auto_generated|_~898           ; out0             ;
; |Q|ALU_unit3:inst|lpm_mux:Mux0|mux_aqc:auto_generated|_~904           ; |Q|ALU_unit3:inst|lpm_mux:Mux0|mux_aqc:auto_generated|_~904           ; out0             ;
; |Q|ALU_unit3:inst|lpm_mux:Mux0|mux_aqc:auto_generated|_~906           ; |Q|ALU_unit3:inst|lpm_mux:Mux0|mux_aqc:auto_generated|_~906           ; out0             ;
; |Q|ALU_unit3:inst|lpm_mux:Mux0|mux_aqc:auto_generated|_~908           ; |Q|ALU_unit3:inst|lpm_mux:Mux0|mux_aqc:auto_generated|_~908           ; out0             ;
; |Q|ALU_unit3:inst|lpm_mux:Mux0|mux_aqc:auto_generated|_~910           ; |Q|ALU_unit3:inst|lpm_mux:Mux0|mux_aqc:auto_generated|_~910           ; out0             ;
; |Q|ALU_unit3:inst|lpm_mux:Mux0|mux_aqc:auto_generated|_~911           ; |Q|ALU_unit3:inst|lpm_mux:Mux0|mux_aqc:auto_generated|_~911           ; out0             ;
; |Q|ALU_unit3:inst|lpm_mux:Mux0|mux_aqc:auto_generated|_~912           ; |Q|ALU_unit3:inst|lpm_mux:Mux0|mux_aqc:auto_generated|_~912           ; out0             ;
; |Q|ALU_unit3:inst|lpm_mux:Mux0|mux_aqc:auto_generated|_~913           ; |Q|ALU_unit3:inst|lpm_mux:Mux0|mux_aqc:auto_generated|_~913           ; out0             ;
; |Q|ALU_unit3:inst|lpm_mux:Mux0|mux_aqc:auto_generated|_~915           ; |Q|ALU_unit3:inst|lpm_mux:Mux0|mux_aqc:auto_generated|_~915           ; out0             ;
; |Q|ALU_unit3:inst|lpm_mux:Mux0|mux_aqc:auto_generated|_~917           ; |Q|ALU_unit3:inst|lpm_mux:Mux0|mux_aqc:auto_generated|_~917           ; out0             ;
; |Q|ALU_unit3:inst|lpm_mux:Mux0|mux_aqc:auto_generated|_~919           ; |Q|ALU_unit3:inst|lpm_mux:Mux0|mux_aqc:auto_generated|_~919           ; out0             ;
; |Q|ALU_unit3:inst|lpm_mux:Mux0|mux_aqc:auto_generated|_~920           ; |Q|ALU_unit3:inst|lpm_mux:Mux0|mux_aqc:auto_generated|_~920           ; out0             ;
; |Q|ALU_unit3:inst|lpm_mux:Mux0|mux_aqc:auto_generated|_~923           ; |Q|ALU_unit3:inst|lpm_mux:Mux0|mux_aqc:auto_generated|_~923           ; out0             ;
; |Q|ALU_unit3:inst|lpm_mux:Mux0|mux_aqc:auto_generated|_~924           ; |Q|ALU_unit3:inst|lpm_mux:Mux0|mux_aqc:auto_generated|_~924           ; out0             ;
; |Q|ALU_unit3:inst|lpm_mux:Mux0|mux_aqc:auto_generated|_~925           ; |Q|ALU_unit3:inst|lpm_mux:Mux0|mux_aqc:auto_generated|_~925           ; out0             ;
; |Q|ALU_unit3:inst|lpm_mux:Mux0|mux_aqc:auto_generated|_~926           ; |Q|ALU_unit3:inst|lpm_mux:Mux0|mux_aqc:auto_generated|_~926           ; out0             ;
; |Q|ALU_unit3:inst|lpm_mux:Mux0|mux_aqc:auto_generated|_~932           ; |Q|ALU_unit3:inst|lpm_mux:Mux0|mux_aqc:auto_generated|_~932           ; out0             ;
; |Q|ALU_unit3:inst|lpm_mux:Mux0|mux_aqc:auto_generated|_~935           ; |Q|ALU_unit3:inst|lpm_mux:Mux0|mux_aqc:auto_generated|_~935           ; out0             ;
; |Q|ALU_unit3:inst|lpm_mux:Mux0|mux_aqc:auto_generated|_~941           ; |Q|ALU_unit3:inst|lpm_mux:Mux0|mux_aqc:auto_generated|_~941           ; out0             ;
; |Q|ALU_unit3:inst|lpm_mux:Mux0|mux_aqc:auto_generated|_~951           ; |Q|ALU_unit3:inst|lpm_mux:Mux0|mux_aqc:auto_generated|_~951           ; out0             ;
; |Q|ALU_unit3:inst|lpm_mux:Mux0|mux_aqc:auto_generated|_~953           ; |Q|ALU_unit3:inst|lpm_mux:Mux0|mux_aqc:auto_generated|_~953           ; out0             ;
; |Q|ALU_unit3:inst|lpm_mux:Mux0|mux_aqc:auto_generated|_~955           ; |Q|ALU_unit3:inst|lpm_mux:Mux0|mux_aqc:auto_generated|_~955           ; out0             ;
; |Q|ALU_unit3:inst|lpm_mux:Mux0|mux_aqc:auto_generated|_~957           ; |Q|ALU_unit3:inst|lpm_mux:Mux0|mux_aqc:auto_generated|_~957           ; out0             ;
; |Q|ALU_unit3:inst|lpm_mux:Mux0|mux_aqc:auto_generated|_~958           ; |Q|ALU_unit3:inst|lpm_mux:Mux0|mux_aqc:auto_generated|_~958           ; out0             ;
; |Q|ALU_unit3:inst|lpm_mux:Mux0|mux_aqc:auto_generated|_~959           ; |Q|ALU_unit3:inst|lpm_mux:Mux0|mux_aqc:auto_generated|_~959           ; out0             ;
; |Q|ALU_unit3:inst|lpm_mux:Mux0|mux_aqc:auto_generated|_~960           ; |Q|ALU_unit3:inst|lpm_mux:Mux0|mux_aqc:auto_generated|_~960           ; out0             ;
; |Q|ALU_unit3:inst|lpm_mux:Mux0|mux_aqc:auto_generated|_~962           ; |Q|ALU_unit3:inst|lpm_mux:Mux0|mux_aqc:auto_generated|_~962           ; out0             ;
; |Q|ALU_unit3:inst|lpm_mux:Mux0|mux_aqc:auto_generated|_~964           ; |Q|ALU_unit3:inst|lpm_mux:Mux0|mux_aqc:auto_generated|_~964           ; out0             ;
; |Q|ALU_unit3:inst|lpm_mux:Mux0|mux_aqc:auto_generated|_~966           ; |Q|ALU_unit3:inst|lpm_mux:Mux0|mux_aqc:auto_generated|_~966           ; out0             ;
; |Q|ALU_unit3:inst|lpm_mux:Mux0|mux_aqc:auto_generated|_~967           ; |Q|ALU_unit3:inst|lpm_mux:Mux0|mux_aqc:auto_generated|_~967           ; out0             ;
; |Q|ALU_unit3:inst|lpm_mux:Mux0|mux_aqc:auto_generated|_~970           ; |Q|ALU_unit3:inst|lpm_mux:Mux0|mux_aqc:auto_generated|_~970           ; out0             ;
; |Q|ALU_unit3:inst|lpm_mux:Mux0|mux_aqc:auto_generated|_~971           ; |Q|ALU_unit3:inst|lpm_mux:Mux0|mux_aqc:auto_generated|_~971           ; out0             ;
; |Q|ALU_unit3:inst|lpm_mux:Mux0|mux_aqc:auto_generated|_~973           ; |Q|ALU_unit3:inst|lpm_mux:Mux0|mux_aqc:auto_generated|_~973           ; out0             ;
; |Q|ALU_unit3:inst|lpm_mux:Mux0|mux_aqc:auto_generated|_~976           ; |Q|ALU_unit3:inst|lpm_mux:Mux0|mux_aqc:auto_generated|_~976           ; out0             ;
; |Q|ALU_unit3:inst|lpm_mux:Mux0|mux_aqc:auto_generated|_~977           ; |Q|ALU_unit3:inst|lpm_mux:Mux0|mux_aqc:auto_generated|_~977           ; out0             ;
; |Q|ALU_unit3:inst|lpm_mux:Mux0|mux_aqc:auto_generated|_~983           ; |Q|ALU_unit3:inst|lpm_mux:Mux0|mux_aqc:auto_generated|_~983           ; out0             ;
; |Q|ALU_unit3:inst|lpm_mux:Mux0|mux_aqc:auto_generated|_~986           ; |Q|ALU_unit3:inst|lpm_mux:Mux0|mux_aqc:auto_generated|_~986           ; out0             ;
; |Q|ALU_unit3:inst|lpm_mux:Mux0|mux_aqc:auto_generated|_~992           ; |Q|ALU_unit3:inst|lpm_mux:Mux0|mux_aqc:auto_generated|_~992           ; out0             ;
; |Q|ALU_unit3:inst|lpm_mux:Mux0|mux_aqc:auto_generated|_~1002          ; |Q|ALU_unit3:inst|lpm_mux:Mux0|mux_aqc:auto_generated|_~1002          ; out0             ;
; |Q|ALU_unit3:inst|lpm_mux:Mux0|mux_aqc:auto_generated|_~1004          ; |Q|ALU_unit3:inst|lpm_mux:Mux0|mux_aqc:auto_generated|_~1004          ; out0             ;
; |Q|ALU_unit3:inst|lpm_mux:Mux0|mux_aqc:auto_generated|_~1006          ; |Q|ALU_unit3:inst|lpm_mux:Mux0|mux_aqc:auto_generated|_~1006          ; out0             ;
; |Q|ALU_unit3:inst|lpm_mux:Mux0|mux_aqc:auto_generated|_~1008          ; |Q|ALU_unit3:inst|lpm_mux:Mux0|mux_aqc:auto_generated|_~1008          ; out0             ;
; |Q|ALU_unit3:inst|lpm_mux:Mux0|mux_aqc:auto_generated|_~1009          ; |Q|ALU_unit3:inst|lpm_mux:Mux0|mux_aqc:auto_generated|_~1009          ; out0             ;
; |Q|ALU_unit3:inst|lpm_mux:Mux0|mux_aqc:auto_generated|_~1010          ; |Q|ALU_unit3:inst|lpm_mux:Mux0|mux_aqc:auto_generated|_~1010          ; out0             ;
; |Q|ALU_unit3:inst|lpm_mux:Mux0|mux_aqc:auto_generated|_~1011          ; |Q|ALU_unit3:inst|lpm_mux:Mux0|mux_aqc:auto_generated|_~1011          ; out0             ;
; |Q|ALU_unit3:inst|lpm_mux:Mux0|mux_aqc:auto_generated|_~1013          ; |Q|ALU_unit3:inst|lpm_mux:Mux0|mux_aqc:auto_generated|_~1013          ; out0             ;
; |Q|ALU_unit3:inst|lpm_mux:Mux0|mux_aqc:auto_generated|_~1015          ; |Q|ALU_unit3:inst|lpm_mux:Mux0|mux_aqc:auto_generated|_~1015          ; out0             ;
; |Q|ALU_unit3:inst|lpm_mux:Mux0|mux_aqc:auto_generated|_~1017          ; |Q|ALU_unit3:inst|lpm_mux:Mux0|mux_aqc:auto_generated|_~1017          ; out0             ;
; |Q|ALU_unit3:inst|lpm_mux:Mux0|mux_aqc:auto_generated|_~1018          ; |Q|ALU_unit3:inst|lpm_mux:Mux0|mux_aqc:auto_generated|_~1018          ; out0             ;
; |Q|ALU_unit3:inst|lpm_mux:Mux0|mux_aqc:auto_generated|_~1021          ; |Q|ALU_unit3:inst|lpm_mux:Mux0|mux_aqc:auto_generated|_~1021          ; out0             ;
; |Q|ALU_unit3:inst|lpm_mux:Mux0|mux_aqc:auto_generated|_~1022          ; |Q|ALU_unit3:inst|lpm_mux:Mux0|mux_aqc:auto_generated|_~1022          ; out0             ;
; |Q|ALU_unit3:inst|lpm_mux:Mux0|mux_aqc:auto_generated|_~1024          ; |Q|ALU_unit3:inst|lpm_mux:Mux0|mux_aqc:auto_generated|_~1024          ; out0             ;
; |Q|ALU_unit3:inst|lpm_mux:Mux0|mux_aqc:auto_generated|_~1026          ; |Q|ALU_unit3:inst|lpm_mux:Mux0|mux_aqc:auto_generated|_~1026          ; out0             ;
; |Q|ALU_unit3:inst|lpm_mux:Mux0|mux_aqc:auto_generated|_~1028          ; |Q|ALU_unit3:inst|lpm_mux:Mux0|mux_aqc:auto_generated|_~1028          ; out0             ;
; |Q|ALU_unit3:inst|lpm_mux:Mux0|mux_aqc:auto_generated|_~1030          ; |Q|ALU_unit3:inst|lpm_mux:Mux0|mux_aqc:auto_generated|_~1030          ; out0             ;
; |Q|ALU_unit3:inst|lpm_mux:Mux0|mux_aqc:auto_generated|_~1032          ; |Q|ALU_unit3:inst|lpm_mux:Mux0|mux_aqc:auto_generated|_~1032          ; out0             ;
; |Q|ALU_unit3:inst|lpm_mux:Mux0|mux_aqc:auto_generated|_~1033          ; |Q|ALU_unit3:inst|lpm_mux:Mux0|mux_aqc:auto_generated|_~1033          ; out0             ;
; |Q|ALU_unit3:inst|lpm_mux:Mux0|mux_aqc:auto_generated|_~1034          ; |Q|ALU_unit3:inst|lpm_mux:Mux0|mux_aqc:auto_generated|_~1034          ; out0             ;
; |Q|ALU_unit3:inst|lpm_mux:Mux0|mux_aqc:auto_generated|_~1035          ; |Q|ALU_unit3:inst|lpm_mux:Mux0|mux_aqc:auto_generated|_~1035          ; out0             ;
; |Q|ALU_unit3:inst|lpm_mux:Mux0|mux_aqc:auto_generated|_~1037          ; |Q|ALU_unit3:inst|lpm_mux:Mux0|mux_aqc:auto_generated|_~1037          ; out0             ;
; |Q|ALU_unit3:inst|lpm_mux:Mux0|mux_aqc:auto_generated|_~1039          ; |Q|ALU_unit3:inst|lpm_mux:Mux0|mux_aqc:auto_generated|_~1039          ; out0             ;
; |Q|ALU_unit3:inst|lpm_mux:Mux0|mux_aqc:auto_generated|_~1041          ; |Q|ALU_unit3:inst|lpm_mux:Mux0|mux_aqc:auto_generated|_~1041          ; out0             ;
; |Q|ALU_unit3:inst|lpm_mux:Mux0|mux_aqc:auto_generated|_~1042          ; |Q|ALU_unit3:inst|lpm_mux:Mux0|mux_aqc:auto_generated|_~1042          ; out0             ;
; |Q|ALU_unit3:inst|lpm_mux:Mux0|mux_aqc:auto_generated|_~1045          ; |Q|ALU_unit3:inst|lpm_mux:Mux0|mux_aqc:auto_generated|_~1045          ; out0             ;
; |Q|ALU_unit3:inst|lpm_mux:Mux0|mux_aqc:auto_generated|_~1046          ; |Q|ALU_unit3:inst|lpm_mux:Mux0|mux_aqc:auto_generated|_~1046          ; out0             ;
; |Q|ALU_unit3:inst|lpm_mux:Mux0|mux_aqc:auto_generated|_~1052          ; |Q|ALU_unit3:inst|lpm_mux:Mux0|mux_aqc:auto_generated|_~1052          ; out0             ;
; |Q|ALU_unit3:inst|lpm_mux:Mux0|mux_aqc:auto_generated|_~1058          ; |Q|ALU_unit3:inst|lpm_mux:Mux0|mux_aqc:auto_generated|_~1058          ; out0             ;
; |Q|ALU_unit3:inst|lpm_mux:Mux0|mux_aqc:auto_generated|_~1061          ; |Q|ALU_unit3:inst|lpm_mux:Mux0|mux_aqc:auto_generated|_~1061          ; out0             ;
; |Q|ALU_unit3:inst|lpm_mux:Mux0|mux_aqc:auto_generated|_~1067          ; |Q|ALU_unit3:inst|lpm_mux:Mux0|mux_aqc:auto_generated|_~1067          ; out0             ;
; |Q|ALU_unit3:inst|lpm_mux:Mux0|mux_aqc:auto_generated|_~1099          ; |Q|ALU_unit3:inst|lpm_mux:Mux0|mux_aqc:auto_generated|_~1099          ; out0             ;
; |Q|ALU_unit3:inst|lpm_mux:Mux0|mux_aqc:auto_generated|_~1105          ; |Q|ALU_unit3:inst|lpm_mux:Mux0|mux_aqc:auto_generated|_~1105          ; out0             ;
; |Q|ALU_unit3:inst|lpm_mux:Mux0|mux_aqc:auto_generated|_~1108          ; |Q|ALU_unit3:inst|lpm_mux:Mux0|mux_aqc:auto_generated|_~1108          ; out0             ;
; |Q|ALU_unit3:inst|lpm_mux:Mux0|mux_aqc:auto_generated|_~1114          ; |Q|ALU_unit3:inst|lpm_mux:Mux0|mux_aqc:auto_generated|_~1114          ; out0             ;
; |Q|ALU_unit3:inst|lpm_mux:Mux0|mux_aqc:auto_generated|_~1150          ; |Q|ALU_unit3:inst|lpm_mux:Mux0|mux_aqc:auto_generated|_~1150          ; out0             ;
; |Q|ALU_unit3:inst|lpm_mux:Mux0|mux_aqc:auto_generated|_~1156          ; |Q|ALU_unit3:inst|lpm_mux:Mux0|mux_aqc:auto_generated|_~1156          ; out0             ;
; |Q|ALU_unit3:inst|lpm_mux:Mux0|mux_aqc:auto_generated|_~1159          ; |Q|ALU_unit3:inst|lpm_mux:Mux0|mux_aqc:auto_generated|_~1159          ; out0             ;
; |Q|ALU_unit3:inst|lpm_mux:Mux0|mux_aqc:auto_generated|_~1165          ; |Q|ALU_unit3:inst|lpm_mux:Mux0|mux_aqc:auto_generated|_~1165          ; out0             ;
; |Q|ALU_unit3:inst|lpm_mux:Mux0|mux_aqc:auto_generated|_~1174          ; |Q|ALU_unit3:inst|lpm_mux:Mux0|mux_aqc:auto_generated|_~1174          ; out0             ;
; |Q|ALU_unit3:inst|lpm_mux:Mux0|mux_aqc:auto_generated|_~1176          ; |Q|ALU_unit3:inst|lpm_mux:Mux0|mux_aqc:auto_generated|_~1176          ; out0             ;
; |Q|ALU_unit3:inst|lpm_mux:Mux0|mux_aqc:auto_generated|_~1178          ; |Q|ALU_unit3:inst|lpm_mux:Mux0|mux_aqc:auto_generated|_~1178          ; out0             ;
; |Q|ALU_unit3:inst|lpm_mux:Mux0|mux_aqc:auto_generated|_~1180          ; |Q|ALU_unit3:inst|lpm_mux:Mux0|mux_aqc:auto_generated|_~1180          ; out0             ;
; |Q|ALU_unit3:inst|lpm_mux:Mux0|mux_aqc:auto_generated|_~1181          ; |Q|ALU_unit3:inst|lpm_mux:Mux0|mux_aqc:auto_generated|_~1181          ; out0             ;
; |Q|ALU_unit3:inst|lpm_mux:Mux0|mux_aqc:auto_generated|_~1182          ; |Q|ALU_unit3:inst|lpm_mux:Mux0|mux_aqc:auto_generated|_~1182          ; out0             ;
; |Q|ALU_unit3:inst|lpm_mux:Mux0|mux_aqc:auto_generated|_~1183          ; |Q|ALU_unit3:inst|lpm_mux:Mux0|mux_aqc:auto_generated|_~1183          ; out0             ;
; |Q|ALU_unit3:inst|lpm_mux:Mux0|mux_aqc:auto_generated|_~1185          ; |Q|ALU_unit3:inst|lpm_mux:Mux0|mux_aqc:auto_generated|_~1185          ; out0             ;
; |Q|ALU_unit3:inst|lpm_mux:Mux0|mux_aqc:auto_generated|_~1187          ; |Q|ALU_unit3:inst|lpm_mux:Mux0|mux_aqc:auto_generated|_~1187          ; out0             ;
; |Q|ALU_unit3:inst|lpm_mux:Mux0|mux_aqc:auto_generated|_~1189          ; |Q|ALU_unit3:inst|lpm_mux:Mux0|mux_aqc:auto_generated|_~1189          ; out0             ;
; |Q|ALU_unit3:inst|lpm_mux:Mux0|mux_aqc:auto_generated|_~1190          ; |Q|ALU_unit3:inst|lpm_mux:Mux0|mux_aqc:auto_generated|_~1190          ; out0             ;
; |Q|ALU_unit3:inst|lpm_mux:Mux0|mux_aqc:auto_generated|_~1193          ; |Q|ALU_unit3:inst|lpm_mux:Mux0|mux_aqc:auto_generated|_~1193          ; out0             ;
; |Q|ALU_unit3:inst|lpm_mux:Mux0|mux_aqc:auto_generated|_~1194          ; |Q|ALU_unit3:inst|lpm_mux:Mux0|mux_aqc:auto_generated|_~1194          ; out0             ;
; |Q|ALU_unit3:inst|lpm_mux:Mux0|mux_aqc:auto_generated|_~1203          ; |Q|ALU_unit3:inst|lpm_mux:Mux0|mux_aqc:auto_generated|_~1203          ; out0             ;
; |Q|ALU_unit3:inst|lpm_mux:Mux0|mux_aqc:auto_generated|_~1205          ; |Q|ALU_unit3:inst|lpm_mux:Mux0|mux_aqc:auto_generated|_~1205          ; out0             ;
; |Q|ALU_unit3:inst|lpm_mux:Mux0|mux_aqc:auto_generated|_~1207          ; |Q|ALU_unit3:inst|lpm_mux:Mux0|mux_aqc:auto_generated|_~1207          ; out0             ;
; |Q|ALU_unit3:inst|lpm_mux:Mux0|mux_aqc:auto_generated|_~1209          ; |Q|ALU_unit3:inst|lpm_mux:Mux0|mux_aqc:auto_generated|_~1209          ; out0             ;
; |Q|ALU_unit3:inst|lpm_mux:Mux0|mux_aqc:auto_generated|_~1210          ; |Q|ALU_unit3:inst|lpm_mux:Mux0|mux_aqc:auto_generated|_~1210          ; out0             ;
; |Q|ALU_unit3:inst|lpm_mux:Mux0|mux_aqc:auto_generated|_~1211          ; |Q|ALU_unit3:inst|lpm_mux:Mux0|mux_aqc:auto_generated|_~1211          ; out0             ;
; |Q|ALU_unit3:inst|lpm_mux:Mux0|mux_aqc:auto_generated|_~1212          ; |Q|ALU_unit3:inst|lpm_mux:Mux0|mux_aqc:auto_generated|_~1212          ; out0             ;
; |Q|ALU_unit3:inst|lpm_mux:Mux0|mux_aqc:auto_generated|_~1214          ; |Q|ALU_unit3:inst|lpm_mux:Mux0|mux_aqc:auto_generated|_~1214          ; out0             ;
; |Q|ALU_unit3:inst|lpm_mux:Mux0|mux_aqc:auto_generated|_~1216          ; |Q|ALU_unit3:inst|lpm_mux:Mux0|mux_aqc:auto_generated|_~1216          ; out0             ;
; |Q|ALU_unit3:inst|lpm_mux:Mux0|mux_aqc:auto_generated|_~1218          ; |Q|ALU_unit3:inst|lpm_mux:Mux0|mux_aqc:auto_generated|_~1218          ; out0             ;
; |Q|ALU_unit3:inst|lpm_mux:Mux0|mux_aqc:auto_generated|_~1219          ; |Q|ALU_unit3:inst|lpm_mux:Mux0|mux_aqc:auto_generated|_~1219          ; out0             ;
; |Q|ALU_unit3:inst|lpm_mux:Mux0|mux_aqc:auto_generated|_~1222          ; |Q|ALU_unit3:inst|lpm_mux:Mux0|mux_aqc:auto_generated|_~1222          ; out0             ;
; |Q|ALU_unit3:inst|lpm_mux:Mux0|mux_aqc:auto_generated|_~1223          ; |Q|ALU_unit3:inst|lpm_mux:Mux0|mux_aqc:auto_generated|_~1223          ; out0             ;
; |Q|ALU_unit3:inst|lpm_mux:Mux0|mux_aqc:auto_generated|_~1224          ; |Q|ALU_unit3:inst|lpm_mux:Mux0|mux_aqc:auto_generated|_~1224          ; out0             ;
; |Q|ALU_unit3:inst|lpm_mux:Mux0|mux_aqc:auto_generated|_~1225          ; |Q|ALU_unit3:inst|lpm_mux:Mux0|mux_aqc:auto_generated|_~1225          ; out0             ;
; |Q|ALU_unit3:inst|lpm_mux:Mux0|mux_aqc:auto_generated|_~1231          ; |Q|ALU_unit3:inst|lpm_mux:Mux0|mux_aqc:auto_generated|_~1231          ; out0             ;
; |Q|ALU_unit3:inst|lpm_mux:Mux0|mux_aqc:auto_generated|_~1234          ; |Q|ALU_unit3:inst|lpm_mux:Mux0|mux_aqc:auto_generated|_~1234          ; out0             ;
; |Q|ALU_unit3:inst|lpm_mux:Mux0|mux_aqc:auto_generated|_~1240          ; |Q|ALU_unit3:inst|lpm_mux:Mux0|mux_aqc:auto_generated|_~1240          ; out0             ;
; |Q|ALU_unit3:inst|lpm_mux:Mux0|mux_aqc:auto_generated|_~1250          ; |Q|ALU_unit3:inst|lpm_mux:Mux0|mux_aqc:auto_generated|_~1250          ; out0             ;
; |Q|ALU_unit3:inst|lpm_mux:Mux0|mux_aqc:auto_generated|_~1252          ; |Q|ALU_unit3:inst|lpm_mux:Mux0|mux_aqc:auto_generated|_~1252          ; out0             ;
; |Q|ALU_unit3:inst|lpm_mux:Mux0|mux_aqc:auto_generated|_~1254          ; |Q|ALU_unit3:inst|lpm_mux:Mux0|mux_aqc:auto_generated|_~1254          ; out0             ;
; |Q|ALU_unit3:inst|lpm_mux:Mux0|mux_aqc:auto_generated|_~1256          ; |Q|ALU_unit3:inst|lpm_mux:Mux0|mux_aqc:auto_generated|_~1256          ; out0             ;
; |Q|ALU_unit3:inst|lpm_mux:Mux0|mux_aqc:auto_generated|_~1257          ; |Q|ALU_unit3:inst|lpm_mux:Mux0|mux_aqc:auto_generated|_~1257          ; out0             ;
; |Q|ALU_unit3:inst|lpm_mux:Mux0|mux_aqc:auto_generated|_~1258          ; |Q|ALU_unit3:inst|lpm_mux:Mux0|mux_aqc:auto_generated|_~1258          ; out0             ;
; |Q|ALU_unit3:inst|lpm_mux:Mux0|mux_aqc:auto_generated|_~1259          ; |Q|ALU_unit3:inst|lpm_mux:Mux0|mux_aqc:auto_generated|_~1259          ; out0             ;
; |Q|ALU_unit3:inst|lpm_mux:Mux0|mux_aqc:auto_generated|_~1261          ; |Q|ALU_unit3:inst|lpm_mux:Mux0|mux_aqc:auto_generated|_~1261          ; out0             ;
; |Q|ALU_unit3:inst|lpm_mux:Mux0|mux_aqc:auto_generated|_~1263          ; |Q|ALU_unit3:inst|lpm_mux:Mux0|mux_aqc:auto_generated|_~1263          ; out0             ;
; |Q|ALU_unit3:inst|lpm_mux:Mux0|mux_aqc:auto_generated|_~1265          ; |Q|ALU_unit3:inst|lpm_mux:Mux0|mux_aqc:auto_generated|_~1265          ; out0             ;
; |Q|ALU_unit3:inst|lpm_mux:Mux0|mux_aqc:auto_generated|_~1266          ; |Q|ALU_unit3:inst|lpm_mux:Mux0|mux_aqc:auto_generated|_~1266          ; out0             ;
; |Q|ALU_unit3:inst|lpm_mux:Mux0|mux_aqc:auto_generated|_~1269          ; |Q|ALU_unit3:inst|lpm_mux:Mux0|mux_aqc:auto_generated|_~1269          ; out0             ;
; |Q|ALU_unit3:inst|lpm_mux:Mux0|mux_aqc:auto_generated|_~1270          ; |Q|ALU_unit3:inst|lpm_mux:Mux0|mux_aqc:auto_generated|_~1270          ; out0             ;
; |Q|ALU_unit3:inst|lpm_mux:Mux0|mux_aqc:auto_generated|_~1272          ; |Q|ALU_unit3:inst|lpm_mux:Mux0|mux_aqc:auto_generated|_~1272          ; out0             ;
; |Q|ALU_unit3:inst|lpm_mux:Mux0|mux_aqc:auto_generated|_~1275          ; |Q|ALU_unit3:inst|lpm_mux:Mux0|mux_aqc:auto_generated|_~1275          ; out0             ;
; |Q|ALU_unit3:inst|lpm_mux:Mux0|mux_aqc:auto_generated|_~1276          ; |Q|ALU_unit3:inst|lpm_mux:Mux0|mux_aqc:auto_generated|_~1276          ; out0             ;
; |Q|ALU_unit3:inst|lpm_mux:Mux0|mux_aqc:auto_generated|_~1282          ; |Q|ALU_unit3:inst|lpm_mux:Mux0|mux_aqc:auto_generated|_~1282          ; out0             ;
; |Q|ALU_unit3:inst|lpm_mux:Mux0|mux_aqc:auto_generated|_~1285          ; |Q|ALU_unit3:inst|lpm_mux:Mux0|mux_aqc:auto_generated|_~1285          ; out0             ;
; |Q|ALU_unit3:inst|lpm_mux:Mux0|mux_aqc:auto_generated|_~1291          ; |Q|ALU_unit3:inst|lpm_mux:Mux0|mux_aqc:auto_generated|_~1291          ; out0             ;
; |Q|ALU_unit3:inst|lpm_mux:Mux0|mux_aqc:auto_generated|_~1301          ; |Q|ALU_unit3:inst|lpm_mux:Mux0|mux_aqc:auto_generated|_~1301          ; out0             ;
; |Q|ALU_unit3:inst|lpm_mux:Mux0|mux_aqc:auto_generated|_~1303          ; |Q|ALU_unit3:inst|lpm_mux:Mux0|mux_aqc:auto_generated|_~1303          ; out0             ;
; |Q|ALU_unit3:inst|lpm_mux:Mux0|mux_aqc:auto_generated|_~1305          ; |Q|ALU_unit3:inst|lpm_mux:Mux0|mux_aqc:auto_generated|_~1305          ; out0             ;
; |Q|ALU_unit3:inst|lpm_mux:Mux0|mux_aqc:auto_generated|_~1307          ; |Q|ALU_unit3:inst|lpm_mux:Mux0|mux_aqc:auto_generated|_~1307          ; out0             ;
; |Q|ALU_unit3:inst|lpm_mux:Mux0|mux_aqc:auto_generated|_~1308          ; |Q|ALU_unit3:inst|lpm_mux:Mux0|mux_aqc:auto_generated|_~1308          ; out0             ;
; |Q|ALU_unit3:inst|lpm_mux:Mux0|mux_aqc:auto_generated|_~1309          ; |Q|ALU_unit3:inst|lpm_mux:Mux0|mux_aqc:auto_generated|_~1309          ; out0             ;
; |Q|ALU_unit3:inst|lpm_mux:Mux0|mux_aqc:auto_generated|_~1310          ; |Q|ALU_unit3:inst|lpm_mux:Mux0|mux_aqc:auto_generated|_~1310          ; out0             ;
; |Q|ALU_unit3:inst|lpm_mux:Mux0|mux_aqc:auto_generated|_~1312          ; |Q|ALU_unit3:inst|lpm_mux:Mux0|mux_aqc:auto_generated|_~1312          ; out0             ;
; |Q|ALU_unit3:inst|lpm_mux:Mux0|mux_aqc:auto_generated|_~1314          ; |Q|ALU_unit3:inst|lpm_mux:Mux0|mux_aqc:auto_generated|_~1314          ; out0             ;
; |Q|ALU_unit3:inst|lpm_mux:Mux0|mux_aqc:auto_generated|_~1316          ; |Q|ALU_unit3:inst|lpm_mux:Mux0|mux_aqc:auto_generated|_~1316          ; out0             ;
; |Q|ALU_unit3:inst|lpm_mux:Mux0|mux_aqc:auto_generated|_~1317          ; |Q|ALU_unit3:inst|lpm_mux:Mux0|mux_aqc:auto_generated|_~1317          ; out0             ;
; |Q|ALU_unit3:inst|lpm_mux:Mux0|mux_aqc:auto_generated|_~1320          ; |Q|ALU_unit3:inst|lpm_mux:Mux0|mux_aqc:auto_generated|_~1320          ; out0             ;
; |Q|ALU_unit3:inst|lpm_mux:Mux0|mux_aqc:auto_generated|_~1321          ; |Q|ALU_unit3:inst|lpm_mux:Mux0|mux_aqc:auto_generated|_~1321          ; out0             ;
; |Q|ALU_unit3:inst|lpm_mux:Mux0|mux_aqc:auto_generated|_~1323          ; |Q|ALU_unit3:inst|lpm_mux:Mux0|mux_aqc:auto_generated|_~1323          ; out0             ;
; |Q|ALU_unit3:inst|lpm_mux:Mux0|mux_aqc:auto_generated|_~1325          ; |Q|ALU_unit3:inst|lpm_mux:Mux0|mux_aqc:auto_generated|_~1325          ; out0             ;
; |Q|ALU_unit3:inst|lpm_mux:Mux0|mux_aqc:auto_generated|_~1327          ; |Q|ALU_unit3:inst|lpm_mux:Mux0|mux_aqc:auto_generated|_~1327          ; out0             ;
; |Q|ALU_unit3:inst|lpm_mux:Mux0|mux_aqc:auto_generated|_~1329          ; |Q|ALU_unit3:inst|lpm_mux:Mux0|mux_aqc:auto_generated|_~1329          ; out0             ;
; |Q|ALU_unit3:inst|lpm_mux:Mux0|mux_aqc:auto_generated|_~1331          ; |Q|ALU_unit3:inst|lpm_mux:Mux0|mux_aqc:auto_generated|_~1331          ; out0             ;
; |Q|ALU_unit3:inst|lpm_mux:Mux0|mux_aqc:auto_generated|_~1332          ; |Q|ALU_unit3:inst|lpm_mux:Mux0|mux_aqc:auto_generated|_~1332          ; out0             ;
; |Q|ALU_unit3:inst|lpm_mux:Mux0|mux_aqc:auto_generated|_~1333          ; |Q|ALU_unit3:inst|lpm_mux:Mux0|mux_aqc:auto_generated|_~1333          ; out0             ;
; |Q|ALU_unit3:inst|lpm_mux:Mux0|mux_aqc:auto_generated|_~1334          ; |Q|ALU_unit3:inst|lpm_mux:Mux0|mux_aqc:auto_generated|_~1334          ; out0             ;
; |Q|ALU_unit3:inst|lpm_mux:Mux0|mux_aqc:auto_generated|_~1336          ; |Q|ALU_unit3:inst|lpm_mux:Mux0|mux_aqc:auto_generated|_~1336          ; out0             ;
; |Q|ALU_unit3:inst|lpm_mux:Mux0|mux_aqc:auto_generated|_~1338          ; |Q|ALU_unit3:inst|lpm_mux:Mux0|mux_aqc:auto_generated|_~1338          ; out0             ;
; |Q|ALU_unit3:inst|lpm_mux:Mux0|mux_aqc:auto_generated|_~1340          ; |Q|ALU_unit3:inst|lpm_mux:Mux0|mux_aqc:auto_generated|_~1340          ; out0             ;
; |Q|ALU_unit3:inst|lpm_mux:Mux0|mux_aqc:auto_generated|_~1341          ; |Q|ALU_unit3:inst|lpm_mux:Mux0|mux_aqc:auto_generated|_~1341          ; out0             ;
; |Q|ALU_unit3:inst|lpm_mux:Mux0|mux_aqc:auto_generated|_~1344          ; |Q|ALU_unit3:inst|lpm_mux:Mux0|mux_aqc:auto_generated|_~1344          ; out0             ;
; |Q|ALU_unit3:inst|lpm_mux:Mux0|mux_aqc:auto_generated|_~1345          ; |Q|ALU_unit3:inst|lpm_mux:Mux0|mux_aqc:auto_generated|_~1345          ; out0             ;
; |Q|ALU_unit3:inst|lpm_mux:Mux0|mux_aqc:auto_generated|_~1355          ; |Q|ALU_unit3:inst|lpm_mux:Mux0|mux_aqc:auto_generated|_~1355          ; out0             ;
; |Q|ALU_unit3:inst|lpm_mux:Mux0|mux_aqc:auto_generated|_~1361          ; |Q|ALU_unit3:inst|lpm_mux:Mux0|mux_aqc:auto_generated|_~1361          ; out0             ;
; |Q|ALU_unit3:inst|lpm_mux:Mux0|mux_aqc:auto_generated|_~1364          ; |Q|ALU_unit3:inst|lpm_mux:Mux0|mux_aqc:auto_generated|_~1364          ; out0             ;
; |Q|ALU_unit3:inst|lpm_mux:Mux0|mux_aqc:auto_generated|_~1370          ; |Q|ALU_unit3:inst|lpm_mux:Mux0|mux_aqc:auto_generated|_~1370          ; out0             ;
; |Q|ALU_unit3:inst|lpm_mux:Mux0|mux_aqc:auto_generated|_~1402          ; |Q|ALU_unit3:inst|lpm_mux:Mux0|mux_aqc:auto_generated|_~1402          ; out0             ;
; |Q|ALU_unit3:inst|lpm_mux:Mux0|mux_aqc:auto_generated|_~1408          ; |Q|ALU_unit3:inst|lpm_mux:Mux0|mux_aqc:auto_generated|_~1408          ; out0             ;
; |Q|ALU_unit3:inst|lpm_mux:Mux0|mux_aqc:auto_generated|_~1411          ; |Q|ALU_unit3:inst|lpm_mux:Mux0|mux_aqc:auto_generated|_~1411          ; out0             ;
; |Q|ALU_unit3:inst|lpm_mux:Mux0|mux_aqc:auto_generated|_~1417          ; |Q|ALU_unit3:inst|lpm_mux:Mux0|mux_aqc:auto_generated|_~1417          ; out0             ;
; |Q|ALU_unit3:inst|lpm_mux:Mux0|mux_aqc:auto_generated|_~1453          ; |Q|ALU_unit3:inst|lpm_mux:Mux0|mux_aqc:auto_generated|_~1453          ; out0             ;
; |Q|ALU_unit3:inst|lpm_mux:Mux0|mux_aqc:auto_generated|_~1459          ; |Q|ALU_unit3:inst|lpm_mux:Mux0|mux_aqc:auto_generated|_~1459          ; out0             ;
; |Q|ALU_unit3:inst|lpm_mux:Mux0|mux_aqc:auto_generated|_~1462          ; |Q|ALU_unit3:inst|lpm_mux:Mux0|mux_aqc:auto_generated|_~1462          ; out0             ;
; |Q|ALU_unit3:inst|lpm_mux:Mux0|mux_aqc:auto_generated|_~1468          ; |Q|ALU_unit3:inst|lpm_mux:Mux0|mux_aqc:auto_generated|_~1468          ; out0             ;
; |Q|ALU_unit3:inst|lpm_mux:Mux0|mux_aqc:auto_generated|_~1477          ; |Q|ALU_unit3:inst|lpm_mux:Mux0|mux_aqc:auto_generated|_~1477          ; out0             ;
; |Q|ALU_unit3:inst|lpm_mux:Mux0|mux_aqc:auto_generated|_~1479          ; |Q|ALU_unit3:inst|lpm_mux:Mux0|mux_aqc:auto_generated|_~1479          ; out0             ;
; |Q|ALU_unit3:inst|lpm_mux:Mux0|mux_aqc:auto_generated|_~1481          ; |Q|ALU_unit3:inst|lpm_mux:Mux0|mux_aqc:auto_generated|_~1481          ; out0             ;
; |Q|ALU_unit3:inst|lpm_mux:Mux0|mux_aqc:auto_generated|_~1483          ; |Q|ALU_unit3:inst|lpm_mux:Mux0|mux_aqc:auto_generated|_~1483          ; out0             ;
; |Q|ALU_unit3:inst|lpm_mux:Mux0|mux_aqc:auto_generated|_~1484          ; |Q|ALU_unit3:inst|lpm_mux:Mux0|mux_aqc:auto_generated|_~1484          ; out0             ;
; |Q|ALU_unit3:inst|lpm_mux:Mux0|mux_aqc:auto_generated|_~1485          ; |Q|ALU_unit3:inst|lpm_mux:Mux0|mux_aqc:auto_generated|_~1485          ; out0             ;
; |Q|ALU_unit3:inst|lpm_mux:Mux0|mux_aqc:auto_generated|_~1486          ; |Q|ALU_unit3:inst|lpm_mux:Mux0|mux_aqc:auto_generated|_~1486          ; out0             ;
; |Q|ALU_unit3:inst|lpm_mux:Mux0|mux_aqc:auto_generated|_~1488          ; |Q|ALU_unit3:inst|lpm_mux:Mux0|mux_aqc:auto_generated|_~1488          ; out0             ;
; |Q|ALU_unit3:inst|lpm_mux:Mux0|mux_aqc:auto_generated|_~1490          ; |Q|ALU_unit3:inst|lpm_mux:Mux0|mux_aqc:auto_generated|_~1490          ; out0             ;
; |Q|ALU_unit3:inst|lpm_mux:Mux0|mux_aqc:auto_generated|_~1492          ; |Q|ALU_unit3:inst|lpm_mux:Mux0|mux_aqc:auto_generated|_~1492          ; out0             ;
; |Q|ALU_unit3:inst|lpm_mux:Mux0|mux_aqc:auto_generated|_~1493          ; |Q|ALU_unit3:inst|lpm_mux:Mux0|mux_aqc:auto_generated|_~1493          ; out0             ;
; |Q|ALU_unit3:inst|lpm_mux:Mux0|mux_aqc:auto_generated|_~1496          ; |Q|ALU_unit3:inst|lpm_mux:Mux0|mux_aqc:auto_generated|_~1496          ; out0             ;
; |Q|ALU_unit3:inst|lpm_mux:Mux0|mux_aqc:auto_generated|_~1497          ; |Q|ALU_unit3:inst|lpm_mux:Mux0|mux_aqc:auto_generated|_~1497          ; out0             ;
; |Q|ALU_unit3:inst|lpm_mux:Mux0|mux_aqc:auto_generated|_~1506          ; |Q|ALU_unit3:inst|lpm_mux:Mux0|mux_aqc:auto_generated|_~1506          ; out0             ;
; |Q|ALU_unit3:inst|lpm_mux:Mux0|mux_aqc:auto_generated|_~1508          ; |Q|ALU_unit3:inst|lpm_mux:Mux0|mux_aqc:auto_generated|_~1508          ; out0             ;
; |Q|ALU_unit3:inst|lpm_mux:Mux0|mux_aqc:auto_generated|_~1510          ; |Q|ALU_unit3:inst|lpm_mux:Mux0|mux_aqc:auto_generated|_~1510          ; out0             ;
; |Q|ALU_unit3:inst|lpm_mux:Mux0|mux_aqc:auto_generated|_~1512          ; |Q|ALU_unit3:inst|lpm_mux:Mux0|mux_aqc:auto_generated|_~1512          ; out0             ;
; |Q|ALU_unit3:inst|lpm_mux:Mux0|mux_aqc:auto_generated|_~1513          ; |Q|ALU_unit3:inst|lpm_mux:Mux0|mux_aqc:auto_generated|_~1513          ; out0             ;
; |Q|ALU_unit3:inst|lpm_mux:Mux0|mux_aqc:auto_generated|_~1514          ; |Q|ALU_unit3:inst|lpm_mux:Mux0|mux_aqc:auto_generated|_~1514          ; out0             ;
; |Q|ALU_unit3:inst|lpm_mux:Mux0|mux_aqc:auto_generated|_~1515          ; |Q|ALU_unit3:inst|lpm_mux:Mux0|mux_aqc:auto_generated|_~1515          ; out0             ;
; |Q|ALU_unit3:inst|lpm_mux:Mux0|mux_aqc:auto_generated|_~1517          ; |Q|ALU_unit3:inst|lpm_mux:Mux0|mux_aqc:auto_generated|_~1517          ; out0             ;
; |Q|ALU_unit3:inst|lpm_mux:Mux0|mux_aqc:auto_generated|_~1519          ; |Q|ALU_unit3:inst|lpm_mux:Mux0|mux_aqc:auto_generated|_~1519          ; out0             ;
; |Q|ALU_unit3:inst|lpm_mux:Mux0|mux_aqc:auto_generated|_~1521          ; |Q|ALU_unit3:inst|lpm_mux:Mux0|mux_aqc:auto_generated|_~1521          ; out0             ;
; |Q|ALU_unit3:inst|lpm_mux:Mux0|mux_aqc:auto_generated|_~1522          ; |Q|ALU_unit3:inst|lpm_mux:Mux0|mux_aqc:auto_generated|_~1522          ; out0             ;
; |Q|ALU_unit3:inst|lpm_mux:Mux0|mux_aqc:auto_generated|_~1525          ; |Q|ALU_unit3:inst|lpm_mux:Mux0|mux_aqc:auto_generated|_~1525          ; out0             ;
; |Q|ALU_unit3:inst|lpm_mux:Mux0|mux_aqc:auto_generated|_~1526          ; |Q|ALU_unit3:inst|lpm_mux:Mux0|mux_aqc:auto_generated|_~1526          ; out0             ;
; |Q|ALU_unit3:inst|lpm_mux:Mux0|mux_aqc:auto_generated|_~1527          ; |Q|ALU_unit3:inst|lpm_mux:Mux0|mux_aqc:auto_generated|_~1527          ; out0             ;
; |Q|ALU_unit3:inst|lpm_mux:Mux0|mux_aqc:auto_generated|_~1528          ; |Q|ALU_unit3:inst|lpm_mux:Mux0|mux_aqc:auto_generated|_~1528          ; out0             ;
; |Q|ALU_unit3:inst|lpm_mux:Mux0|mux_aqc:auto_generated|_~1534          ; |Q|ALU_unit3:inst|lpm_mux:Mux0|mux_aqc:auto_generated|_~1534          ; out0             ;
; |Q|ALU_unit3:inst|lpm_mux:Mux0|mux_aqc:auto_generated|_~1537          ; |Q|ALU_unit3:inst|lpm_mux:Mux0|mux_aqc:auto_generated|_~1537          ; out0             ;
; |Q|ALU_unit3:inst|lpm_mux:Mux0|mux_aqc:auto_generated|_~1543          ; |Q|ALU_unit3:inst|lpm_mux:Mux0|mux_aqc:auto_generated|_~1543          ; out0             ;
; |Q|ALU_unit3:inst|lpm_mux:Mux0|mux_aqc:auto_generated|_~1553          ; |Q|ALU_unit3:inst|lpm_mux:Mux0|mux_aqc:auto_generated|_~1553          ; out0             ;
; |Q|ALU_unit3:inst|lpm_mux:Mux0|mux_aqc:auto_generated|_~1555          ; |Q|ALU_unit3:inst|lpm_mux:Mux0|mux_aqc:auto_generated|_~1555          ; out0             ;
; |Q|ALU_unit3:inst|lpm_mux:Mux0|mux_aqc:auto_generated|_~1557          ; |Q|ALU_unit3:inst|lpm_mux:Mux0|mux_aqc:auto_generated|_~1557          ; out0             ;
; |Q|ALU_unit3:inst|lpm_mux:Mux0|mux_aqc:auto_generated|_~1559          ; |Q|ALU_unit3:inst|lpm_mux:Mux0|mux_aqc:auto_generated|_~1559          ; out0             ;
; |Q|ALU_unit3:inst|lpm_mux:Mux0|mux_aqc:auto_generated|_~1560          ; |Q|ALU_unit3:inst|lpm_mux:Mux0|mux_aqc:auto_generated|_~1560          ; out0             ;
; |Q|ALU_unit3:inst|lpm_mux:Mux0|mux_aqc:auto_generated|_~1561          ; |Q|ALU_unit3:inst|lpm_mux:Mux0|mux_aqc:auto_generated|_~1561          ; out0             ;
; |Q|ALU_unit3:inst|lpm_mux:Mux0|mux_aqc:auto_generated|_~1562          ; |Q|ALU_unit3:inst|lpm_mux:Mux0|mux_aqc:auto_generated|_~1562          ; out0             ;
; |Q|ALU_unit3:inst|lpm_mux:Mux0|mux_aqc:auto_generated|_~1564          ; |Q|ALU_unit3:inst|lpm_mux:Mux0|mux_aqc:auto_generated|_~1564          ; out0             ;
; |Q|ALU_unit3:inst|lpm_mux:Mux0|mux_aqc:auto_generated|_~1566          ; |Q|ALU_unit3:inst|lpm_mux:Mux0|mux_aqc:auto_generated|_~1566          ; out0             ;
; |Q|ALU_unit3:inst|lpm_mux:Mux0|mux_aqc:auto_generated|_~1568          ; |Q|ALU_unit3:inst|lpm_mux:Mux0|mux_aqc:auto_generated|_~1568          ; out0             ;
; |Q|ALU_unit3:inst|lpm_mux:Mux0|mux_aqc:auto_generated|_~1569          ; |Q|ALU_unit3:inst|lpm_mux:Mux0|mux_aqc:auto_generated|_~1569          ; out0             ;
; |Q|ALU_unit3:inst|lpm_mux:Mux0|mux_aqc:auto_generated|_~1572          ; |Q|ALU_unit3:inst|lpm_mux:Mux0|mux_aqc:auto_generated|_~1572          ; out0             ;
; |Q|ALU_unit3:inst|lpm_mux:Mux0|mux_aqc:auto_generated|_~1573          ; |Q|ALU_unit3:inst|lpm_mux:Mux0|mux_aqc:auto_generated|_~1573          ; out0             ;
; |Q|ALU_unit3:inst|lpm_mux:Mux0|mux_aqc:auto_generated|_~1575          ; |Q|ALU_unit3:inst|lpm_mux:Mux0|mux_aqc:auto_generated|_~1575          ; out0             ;
; |Q|ALU_unit3:inst|lpm_mux:Mux0|mux_aqc:auto_generated|_~1578          ; |Q|ALU_unit3:inst|lpm_mux:Mux0|mux_aqc:auto_generated|_~1578          ; out0             ;
; |Q|ALU_unit3:inst|lpm_mux:Mux0|mux_aqc:auto_generated|_~1579          ; |Q|ALU_unit3:inst|lpm_mux:Mux0|mux_aqc:auto_generated|_~1579          ; out0             ;
; |Q|ALU_unit3:inst|lpm_mux:Mux0|mux_aqc:auto_generated|_~1585          ; |Q|ALU_unit3:inst|lpm_mux:Mux0|mux_aqc:auto_generated|_~1585          ; out0             ;
; |Q|ALU_unit3:inst|lpm_mux:Mux0|mux_aqc:auto_generated|_~1588          ; |Q|ALU_unit3:inst|lpm_mux:Mux0|mux_aqc:auto_generated|_~1588          ; out0             ;
; |Q|ALU_unit3:inst|lpm_mux:Mux0|mux_aqc:auto_generated|_~1594          ; |Q|ALU_unit3:inst|lpm_mux:Mux0|mux_aqc:auto_generated|_~1594          ; out0             ;
; |Q|ALU_unit3:inst|lpm_mux:Mux0|mux_aqc:auto_generated|_~1604          ; |Q|ALU_unit3:inst|lpm_mux:Mux0|mux_aqc:auto_generated|_~1604          ; out0             ;
; |Q|ALU_unit3:inst|lpm_mux:Mux0|mux_aqc:auto_generated|_~1606          ; |Q|ALU_unit3:inst|lpm_mux:Mux0|mux_aqc:auto_generated|_~1606          ; out0             ;
; |Q|ALU_unit3:inst|lpm_mux:Mux0|mux_aqc:auto_generated|_~1608          ; |Q|ALU_unit3:inst|lpm_mux:Mux0|mux_aqc:auto_generated|_~1608          ; out0             ;
; |Q|ALU_unit3:inst|lpm_mux:Mux0|mux_aqc:auto_generated|_~1610          ; |Q|ALU_unit3:inst|lpm_mux:Mux0|mux_aqc:auto_generated|_~1610          ; out0             ;
; |Q|ALU_unit3:inst|lpm_mux:Mux0|mux_aqc:auto_generated|_~1611          ; |Q|ALU_unit3:inst|lpm_mux:Mux0|mux_aqc:auto_generated|_~1611          ; out0             ;
; |Q|ALU_unit3:inst|lpm_mux:Mux0|mux_aqc:auto_generated|_~1612          ; |Q|ALU_unit3:inst|lpm_mux:Mux0|mux_aqc:auto_generated|_~1612          ; out0             ;
; |Q|ALU_unit3:inst|lpm_mux:Mux0|mux_aqc:auto_generated|_~1613          ; |Q|ALU_unit3:inst|lpm_mux:Mux0|mux_aqc:auto_generated|_~1613          ; out0             ;
; |Q|ALU_unit3:inst|lpm_mux:Mux0|mux_aqc:auto_generated|_~1615          ; |Q|ALU_unit3:inst|lpm_mux:Mux0|mux_aqc:auto_generated|_~1615          ; out0             ;
; |Q|ALU_unit3:inst|lpm_mux:Mux0|mux_aqc:auto_generated|_~1617          ; |Q|ALU_unit3:inst|lpm_mux:Mux0|mux_aqc:auto_generated|_~1617          ; out0             ;
; |Q|ALU_unit3:inst|lpm_mux:Mux0|mux_aqc:auto_generated|_~1619          ; |Q|ALU_unit3:inst|lpm_mux:Mux0|mux_aqc:auto_generated|_~1619          ; out0             ;
; |Q|ALU_unit3:inst|lpm_mux:Mux0|mux_aqc:auto_generated|_~1620          ; |Q|ALU_unit3:inst|lpm_mux:Mux0|mux_aqc:auto_generated|_~1620          ; out0             ;
; |Q|ALU_unit3:inst|lpm_mux:Mux0|mux_aqc:auto_generated|_~1623          ; |Q|ALU_unit3:inst|lpm_mux:Mux0|mux_aqc:auto_generated|_~1623          ; out0             ;
; |Q|ALU_unit3:inst|lpm_mux:Mux0|mux_aqc:auto_generated|_~1624          ; |Q|ALU_unit3:inst|lpm_mux:Mux0|mux_aqc:auto_generated|_~1624          ; out0             ;
; |Q|ALU_unit3:inst|lpm_mux:Mux0|mux_aqc:auto_generated|_~1626          ; |Q|ALU_unit3:inst|lpm_mux:Mux0|mux_aqc:auto_generated|_~1626          ; out0             ;
; |Q|ALU_unit3:inst|lpm_mux:Mux0|mux_aqc:auto_generated|_~1628          ; |Q|ALU_unit3:inst|lpm_mux:Mux0|mux_aqc:auto_generated|_~1628          ; out0             ;
; |Q|ALU_unit3:inst|lpm_mux:Mux0|mux_aqc:auto_generated|_~1630          ; |Q|ALU_unit3:inst|lpm_mux:Mux0|mux_aqc:auto_generated|_~1630          ; out0             ;
; |Q|ALU_unit3:inst|lpm_mux:Mux0|mux_aqc:auto_generated|_~1632          ; |Q|ALU_unit3:inst|lpm_mux:Mux0|mux_aqc:auto_generated|_~1632          ; out0             ;
; |Q|ALU_unit3:inst|lpm_mux:Mux0|mux_aqc:auto_generated|_~1634          ; |Q|ALU_unit3:inst|lpm_mux:Mux0|mux_aqc:auto_generated|_~1634          ; out0             ;
; |Q|ALU_unit3:inst|lpm_mux:Mux0|mux_aqc:auto_generated|_~1635          ; |Q|ALU_unit3:inst|lpm_mux:Mux0|mux_aqc:auto_generated|_~1635          ; out0             ;
; |Q|ALU_unit3:inst|lpm_mux:Mux0|mux_aqc:auto_generated|_~1636          ; |Q|ALU_unit3:inst|lpm_mux:Mux0|mux_aqc:auto_generated|_~1636          ; out0             ;
; |Q|ALU_unit3:inst|lpm_mux:Mux0|mux_aqc:auto_generated|_~1637          ; |Q|ALU_unit3:inst|lpm_mux:Mux0|mux_aqc:auto_generated|_~1637          ; out0             ;
; |Q|ALU_unit3:inst|lpm_mux:Mux0|mux_aqc:auto_generated|_~1639          ; |Q|ALU_unit3:inst|lpm_mux:Mux0|mux_aqc:auto_generated|_~1639          ; out0             ;
; |Q|ALU_unit3:inst|lpm_mux:Mux0|mux_aqc:auto_generated|_~1641          ; |Q|ALU_unit3:inst|lpm_mux:Mux0|mux_aqc:auto_generated|_~1641          ; out0             ;
; |Q|ALU_unit3:inst|lpm_mux:Mux0|mux_aqc:auto_generated|_~1643          ; |Q|ALU_unit3:inst|lpm_mux:Mux0|mux_aqc:auto_generated|_~1643          ; out0             ;
; |Q|ALU_unit3:inst|lpm_mux:Mux0|mux_aqc:auto_generated|_~1644          ; |Q|ALU_unit3:inst|lpm_mux:Mux0|mux_aqc:auto_generated|_~1644          ; out0             ;
; |Q|ALU_unit3:inst|lpm_mux:Mux0|mux_aqc:auto_generated|_~1647          ; |Q|ALU_unit3:inst|lpm_mux:Mux0|mux_aqc:auto_generated|_~1647          ; out0             ;
; |Q|ALU_unit3:inst|lpm_mux:Mux0|mux_aqc:auto_generated|_~1648          ; |Q|ALU_unit3:inst|lpm_mux:Mux0|mux_aqc:auto_generated|_~1648          ; out0             ;
; |Q|ALU_unit3:inst|lpm_mux:Mux0|mux_aqc:auto_generated|_~1656          ; |Q|ALU_unit3:inst|lpm_mux:Mux0|mux_aqc:auto_generated|_~1656          ; out0             ;
; |Q|ALU_unit3:inst|lpm_mux:Mux0|mux_aqc:auto_generated|_~1658          ; |Q|ALU_unit3:inst|lpm_mux:Mux0|mux_aqc:auto_generated|_~1658          ; out0             ;
; |Q|ALU_unit3:inst|lpm_mux:Mux0|mux_aqc:auto_generated|_~1660          ; |Q|ALU_unit3:inst|lpm_mux:Mux0|mux_aqc:auto_generated|_~1660          ; out0             ;
; |Q|ALU_unit3:inst|lpm_mux:Mux0|mux_aqc:auto_generated|_~1662          ; |Q|ALU_unit3:inst|lpm_mux:Mux0|mux_aqc:auto_generated|_~1662          ; out0             ;
; |Q|ALU_unit3:inst|lpm_mux:Mux0|mux_aqc:auto_generated|_~1663          ; |Q|ALU_unit3:inst|lpm_mux:Mux0|mux_aqc:auto_generated|_~1663          ; out0             ;
; |Q|ALU_unit3:inst|lpm_mux:Mux0|mux_aqc:auto_generated|_~1664          ; |Q|ALU_unit3:inst|lpm_mux:Mux0|mux_aqc:auto_generated|_~1664          ; out0             ;
; |Q|ALU_unit3:inst|lpm_mux:Mux0|mux_aqc:auto_generated|_~1665          ; |Q|ALU_unit3:inst|lpm_mux:Mux0|mux_aqc:auto_generated|_~1665          ; out0             ;
; |Q|ALU_unit3:inst|lpm_mux:Mux0|mux_aqc:auto_generated|_~1667          ; |Q|ALU_unit3:inst|lpm_mux:Mux0|mux_aqc:auto_generated|_~1667          ; out0             ;
; |Q|ALU_unit3:inst|lpm_mux:Mux0|mux_aqc:auto_generated|_~1669          ; |Q|ALU_unit3:inst|lpm_mux:Mux0|mux_aqc:auto_generated|_~1669          ; out0             ;
; |Q|ALU_unit3:inst|lpm_mux:Mux0|mux_aqc:auto_generated|_~1671          ; |Q|ALU_unit3:inst|lpm_mux:Mux0|mux_aqc:auto_generated|_~1671          ; out0             ;
; |Q|ALU_unit3:inst|lpm_mux:Mux0|mux_aqc:auto_generated|_~1672          ; |Q|ALU_unit3:inst|lpm_mux:Mux0|mux_aqc:auto_generated|_~1672          ; out0             ;
; |Q|ALU_unit3:inst|lpm_mux:Mux0|mux_aqc:auto_generated|_~1675          ; |Q|ALU_unit3:inst|lpm_mux:Mux0|mux_aqc:auto_generated|_~1675          ; out0             ;
; |Q|ALU_unit3:inst|lpm_mux:Mux0|mux_aqc:auto_generated|_~1676          ; |Q|ALU_unit3:inst|lpm_mux:Mux0|mux_aqc:auto_generated|_~1676          ; out0             ;
; |Q|ALU_unit3:inst|lpm_mux:Mux0|mux_aqc:auto_generated|_~1677          ; |Q|ALU_unit3:inst|lpm_mux:Mux0|mux_aqc:auto_generated|_~1677          ; out0             ;
; |Q|ALU_unit3:inst|lpm_mux:Mux0|mux_aqc:auto_generated|_~1678          ; |Q|ALU_unit3:inst|lpm_mux:Mux0|mux_aqc:auto_generated|_~1678          ; out0             ;
; |Q|ALU_unit3:inst|lpm_mux:Mux0|mux_aqc:auto_generated|_~1680          ; |Q|ALU_unit3:inst|lpm_mux:Mux0|mux_aqc:auto_generated|_~1680          ; out0             ;
; |Q|ALU_unit3:inst|lpm_mux:Mux0|mux_aqc:auto_generated|_~1682          ; |Q|ALU_unit3:inst|lpm_mux:Mux0|mux_aqc:auto_generated|_~1682          ; out0             ;
; |Q|ALU_unit3:inst|lpm_mux:Mux0|mux_aqc:auto_generated|_~1684          ; |Q|ALU_unit3:inst|lpm_mux:Mux0|mux_aqc:auto_generated|_~1684          ; out0             ;
; |Q|ALU_unit3:inst|lpm_mux:Mux0|mux_aqc:auto_generated|_~1685          ; |Q|ALU_unit3:inst|lpm_mux:Mux0|mux_aqc:auto_generated|_~1685          ; out0             ;
; |Q|ALU_unit3:inst|lpm_mux:Mux0|mux_aqc:auto_generated|_~1686          ; |Q|ALU_unit3:inst|lpm_mux:Mux0|mux_aqc:auto_generated|_~1686          ; out0             ;
; |Q|ALU_unit3:inst|lpm_mux:Mux0|mux_aqc:auto_generated|_~1687          ; |Q|ALU_unit3:inst|lpm_mux:Mux0|mux_aqc:auto_generated|_~1687          ; out0             ;
; |Q|ALU_unit3:inst|lpm_mux:Mux0|mux_aqc:auto_generated|_~1689          ; |Q|ALU_unit3:inst|lpm_mux:Mux0|mux_aqc:auto_generated|_~1689          ; out0             ;
; |Q|ALU_unit3:inst|lpm_mux:Mux0|mux_aqc:auto_generated|_~1691          ; |Q|ALU_unit3:inst|lpm_mux:Mux0|mux_aqc:auto_generated|_~1691          ; out0             ;
; |Q|ALU_unit3:inst|lpm_mux:Mux0|mux_aqc:auto_generated|_~1693          ; |Q|ALU_unit3:inst|lpm_mux:Mux0|mux_aqc:auto_generated|_~1693          ; out0             ;
; |Q|ALU_unit3:inst|lpm_mux:Mux0|mux_aqc:auto_generated|_~1694          ; |Q|ALU_unit3:inst|lpm_mux:Mux0|mux_aqc:auto_generated|_~1694          ; out0             ;
; |Q|ALU_unit3:inst|lpm_mux:Mux0|mux_aqc:auto_generated|_~1697          ; |Q|ALU_unit3:inst|lpm_mux:Mux0|mux_aqc:auto_generated|_~1697          ; out0             ;
; |Q|ALU_unit3:inst|lpm_mux:Mux0|mux_aqc:auto_generated|_~1698          ; |Q|ALU_unit3:inst|lpm_mux:Mux0|mux_aqc:auto_generated|_~1698          ; out0             ;
; |Q|ALU_unit3:inst|lpm_mux:Mux0|mux_aqc:auto_generated|_~1700          ; |Q|ALU_unit3:inst|lpm_mux:Mux0|mux_aqc:auto_generated|_~1700          ; out0             ;
; |Q|ALU_unit3:inst|lpm_mux:Mux0|mux_aqc:auto_generated|_~1702          ; |Q|ALU_unit3:inst|lpm_mux:Mux0|mux_aqc:auto_generated|_~1702          ; out0             ;
; |Q|ALU_unit3:inst|lpm_mux:Mux0|mux_aqc:auto_generated|_~1703          ; |Q|ALU_unit3:inst|lpm_mux:Mux0|mux_aqc:auto_generated|_~1703          ; out0             ;
; |Q|ALU_unit3:inst|lpm_mux:Mux0|mux_aqc:auto_generated|_~1705          ; |Q|ALU_unit3:inst|lpm_mux:Mux0|mux_aqc:auto_generated|_~1705          ; out0             ;
; |Q|ALU_unit3:inst|lpm_mux:Mux0|mux_aqc:auto_generated|_~1707          ; |Q|ALU_unit3:inst|lpm_mux:Mux0|mux_aqc:auto_generated|_~1707          ; out0             ;
; |Q|ALU_unit3:inst|lpm_mux:Mux0|mux_aqc:auto_generated|_~1709          ; |Q|ALU_unit3:inst|lpm_mux:Mux0|mux_aqc:auto_generated|_~1709          ; out0             ;
; |Q|ALU_unit3:inst|lpm_mux:Mux0|mux_aqc:auto_generated|_~1710          ; |Q|ALU_unit3:inst|lpm_mux:Mux0|mux_aqc:auto_generated|_~1710          ; out0             ;
; |Q|ALU_unit3:inst|lpm_mux:Mux0|mux_aqc:auto_generated|_~1711          ; |Q|ALU_unit3:inst|lpm_mux:Mux0|mux_aqc:auto_generated|_~1711          ; out0             ;
; |Q|ALU_unit3:inst|lpm_mux:Mux0|mux_aqc:auto_generated|_~1712          ; |Q|ALU_unit3:inst|lpm_mux:Mux0|mux_aqc:auto_generated|_~1712          ; out0             ;
; |Q|ALU_unit3:inst|lpm_mux:Mux0|mux_aqc:auto_generated|_~1714          ; |Q|ALU_unit3:inst|lpm_mux:Mux0|mux_aqc:auto_generated|_~1714          ; out0             ;
; |Q|ALU_unit3:inst|lpm_mux:Mux0|mux_aqc:auto_generated|_~1716          ; |Q|ALU_unit3:inst|lpm_mux:Mux0|mux_aqc:auto_generated|_~1716          ; out0             ;
; |Q|ALU_unit3:inst|lpm_mux:Mux0|mux_aqc:auto_generated|_~1718          ; |Q|ALU_unit3:inst|lpm_mux:Mux0|mux_aqc:auto_generated|_~1718          ; out0             ;
; |Q|ALU_unit3:inst|lpm_mux:Mux0|mux_aqc:auto_generated|_~1719          ; |Q|ALU_unit3:inst|lpm_mux:Mux0|mux_aqc:auto_generated|_~1719          ; out0             ;
; |Q|ALU_unit3:inst|lpm_mux:Mux0|mux_aqc:auto_generated|_~1722          ; |Q|ALU_unit3:inst|lpm_mux:Mux0|mux_aqc:auto_generated|_~1722          ; out0             ;
; |Q|ALU_unit3:inst|lpm_mux:Mux0|mux_aqc:auto_generated|_~1723          ; |Q|ALU_unit3:inst|lpm_mux:Mux0|mux_aqc:auto_generated|_~1723          ; out0             ;
; |Q|ALU_unit3:inst|lpm_mux:Mux0|mux_aqc:auto_generated|_~1725          ; |Q|ALU_unit3:inst|lpm_mux:Mux0|mux_aqc:auto_generated|_~1725          ; out0             ;
; |Q|ALU_unit3:inst|lpm_mux:Mux0|mux_aqc:auto_generated|_~1726          ; |Q|ALU_unit3:inst|lpm_mux:Mux0|mux_aqc:auto_generated|_~1726          ; out0             ;
; |Q|ALU_unit3:inst|lpm_mux:Mux0|mux_aqc:auto_generated|_~1727          ; |Q|ALU_unit3:inst|lpm_mux:Mux0|mux_aqc:auto_generated|_~1727          ; out0             ;
; |Q|ALU_unit3:inst|lpm_mux:Mux0|mux_aqc:auto_generated|_~1728          ; |Q|ALU_unit3:inst|lpm_mux:Mux0|mux_aqc:auto_generated|_~1728          ; out0             ;
; |Q|ALU_unit3:inst|lpm_mux:Mux0|mux_aqc:auto_generated|_~1729          ; |Q|ALU_unit3:inst|lpm_mux:Mux0|mux_aqc:auto_generated|_~1729          ; out0             ;
; |Q|ALU_unit3:inst|lpm_mux:Mux0|mux_aqc:auto_generated|_~1731          ; |Q|ALU_unit3:inst|lpm_mux:Mux0|mux_aqc:auto_generated|_~1731          ; out0             ;
; |Q|ALU_unit3:inst|lpm_mux:Mux0|mux_aqc:auto_generated|_~1733          ; |Q|ALU_unit3:inst|lpm_mux:Mux0|mux_aqc:auto_generated|_~1733          ; out0             ;
; |Q|ALU_unit3:inst|lpm_mux:Mux0|mux_aqc:auto_generated|_~1735          ; |Q|ALU_unit3:inst|lpm_mux:Mux0|mux_aqc:auto_generated|_~1735          ; out0             ;
; |Q|ALU_unit3:inst|lpm_mux:Mux0|mux_aqc:auto_generated|_~1736          ; |Q|ALU_unit3:inst|lpm_mux:Mux0|mux_aqc:auto_generated|_~1736          ; out0             ;
; |Q|ALU_unit3:inst|lpm_mux:Mux0|mux_aqc:auto_generated|_~1737          ; |Q|ALU_unit3:inst|lpm_mux:Mux0|mux_aqc:auto_generated|_~1737          ; out0             ;
; |Q|ALU_unit3:inst|lpm_mux:Mux0|mux_aqc:auto_generated|_~1738          ; |Q|ALU_unit3:inst|lpm_mux:Mux0|mux_aqc:auto_generated|_~1738          ; out0             ;
; |Q|ALU_unit3:inst|lpm_mux:Mux0|mux_aqc:auto_generated|_~1740          ; |Q|ALU_unit3:inst|lpm_mux:Mux0|mux_aqc:auto_generated|_~1740          ; out0             ;
; |Q|ALU_unit3:inst|lpm_mux:Mux0|mux_aqc:auto_generated|_~1742          ; |Q|ALU_unit3:inst|lpm_mux:Mux0|mux_aqc:auto_generated|_~1742          ; out0             ;
; |Q|ALU_unit3:inst|lpm_mux:Mux0|mux_aqc:auto_generated|_~1744          ; |Q|ALU_unit3:inst|lpm_mux:Mux0|mux_aqc:auto_generated|_~1744          ; out0             ;
; |Q|ALU_unit3:inst|lpm_mux:Mux0|mux_aqc:auto_generated|_~1745          ; |Q|ALU_unit3:inst|lpm_mux:Mux0|mux_aqc:auto_generated|_~1745          ; out0             ;
; |Q|ALU_unit3:inst|lpm_mux:Mux0|mux_aqc:auto_generated|_~1748          ; |Q|ALU_unit3:inst|lpm_mux:Mux0|mux_aqc:auto_generated|_~1748          ; out0             ;
; |Q|ALU_unit3:inst|lpm_mux:Mux0|mux_aqc:auto_generated|_~1749          ; |Q|ALU_unit3:inst|lpm_mux:Mux0|mux_aqc:auto_generated|_~1749          ; out0             ;
; |Q|ALU_unit3:inst|lpm_mux:Mux0|mux_aqc:auto_generated|_~1751          ; |Q|ALU_unit3:inst|lpm_mux:Mux0|mux_aqc:auto_generated|_~1751          ; out0             ;
; |Q|ALU_unit3:inst|lpm_mux:Mux0|mux_aqc:auto_generated|_~1753          ; |Q|ALU_unit3:inst|lpm_mux:Mux0|mux_aqc:auto_generated|_~1753          ; out0             ;
; |Q|ALU_unit3:inst|lpm_mux:Mux0|mux_aqc:auto_generated|_~1754          ; |Q|ALU_unit3:inst|lpm_mux:Mux0|mux_aqc:auto_generated|_~1754          ; out0             ;
; |Q|ALU_unit3:inst|lpm_mux:Mux0|mux_aqc:auto_generated|_~1756          ; |Q|ALU_unit3:inst|lpm_mux:Mux0|mux_aqc:auto_generated|_~1756          ; out0             ;
; |Q|ALU_unit3:inst|lpm_mux:Mux0|mux_aqc:auto_generated|_~1758          ; |Q|ALU_unit3:inst|lpm_mux:Mux0|mux_aqc:auto_generated|_~1758          ; out0             ;
; |Q|ALU_unit3:inst|lpm_mux:Mux0|mux_aqc:auto_generated|_~1760          ; |Q|ALU_unit3:inst|lpm_mux:Mux0|mux_aqc:auto_generated|_~1760          ; out0             ;
; |Q|ALU_unit3:inst|lpm_mux:Mux0|mux_aqc:auto_generated|_~1761          ; |Q|ALU_unit3:inst|lpm_mux:Mux0|mux_aqc:auto_generated|_~1761          ; out0             ;
; |Q|ALU_unit3:inst|lpm_mux:Mux0|mux_aqc:auto_generated|_~1762          ; |Q|ALU_unit3:inst|lpm_mux:Mux0|mux_aqc:auto_generated|_~1762          ; out0             ;
; |Q|ALU_unit3:inst|lpm_mux:Mux0|mux_aqc:auto_generated|_~1763          ; |Q|ALU_unit3:inst|lpm_mux:Mux0|mux_aqc:auto_generated|_~1763          ; out0             ;
; |Q|ALU_unit3:inst|lpm_mux:Mux0|mux_aqc:auto_generated|_~1765          ; |Q|ALU_unit3:inst|lpm_mux:Mux0|mux_aqc:auto_generated|_~1765          ; out0             ;
; |Q|ALU_unit3:inst|lpm_mux:Mux0|mux_aqc:auto_generated|_~1767          ; |Q|ALU_unit3:inst|lpm_mux:Mux0|mux_aqc:auto_generated|_~1767          ; out0             ;
; |Q|ALU_unit3:inst|lpm_mux:Mux0|mux_aqc:auto_generated|_~1769          ; |Q|ALU_unit3:inst|lpm_mux:Mux0|mux_aqc:auto_generated|_~1769          ; out0             ;
; |Q|ALU_unit3:inst|lpm_mux:Mux0|mux_aqc:auto_generated|_~1770          ; |Q|ALU_unit3:inst|lpm_mux:Mux0|mux_aqc:auto_generated|_~1770          ; out0             ;
; |Q|ALU_unit3:inst|lpm_mux:Mux0|mux_aqc:auto_generated|_~1773          ; |Q|ALU_unit3:inst|lpm_mux:Mux0|mux_aqc:auto_generated|_~1773          ; out0             ;
; |Q|ALU_unit3:inst|lpm_mux:Mux0|mux_aqc:auto_generated|_~1774          ; |Q|ALU_unit3:inst|lpm_mux:Mux0|mux_aqc:auto_generated|_~1774          ; out0             ;
; |Q|ALU_unit3:inst|lpm_mux:Mux0|mux_aqc:auto_generated|_~1776          ; |Q|ALU_unit3:inst|lpm_mux:Mux0|mux_aqc:auto_generated|_~1776          ; out0             ;
; |Q|ALU_unit3:inst|lpm_mux:Mux0|mux_aqc:auto_generated|_~1777          ; |Q|ALU_unit3:inst|lpm_mux:Mux0|mux_aqc:auto_generated|_~1777          ; out0             ;
; |Q|ALU_unit3:inst|lpm_mux:Mux0|mux_aqc:auto_generated|_~1778          ; |Q|ALU_unit3:inst|lpm_mux:Mux0|mux_aqc:auto_generated|_~1778          ; out0             ;
; |Q|ALU_unit3:inst|lpm_mux:Mux0|mux_aqc:auto_generated|_~1780          ; |Q|ALU_unit3:inst|lpm_mux:Mux0|mux_aqc:auto_generated|_~1780          ; out0             ;
; |Q|ALU_unit3:inst|lpm_mux:Mux0|mux_aqc:auto_generated|_~1782          ; |Q|ALU_unit3:inst|lpm_mux:Mux0|mux_aqc:auto_generated|_~1782          ; out0             ;
; |Q|ALU_unit3:inst|lpm_mux:Mux0|mux_aqc:auto_generated|_~1784          ; |Q|ALU_unit3:inst|lpm_mux:Mux0|mux_aqc:auto_generated|_~1784          ; out0             ;
; |Q|ALU_unit3:inst|lpm_mux:Mux0|mux_aqc:auto_generated|_~1785          ; |Q|ALU_unit3:inst|lpm_mux:Mux0|mux_aqc:auto_generated|_~1785          ; out0             ;
; |Q|ALU_unit3:inst|lpm_mux:Mux0|mux_aqc:auto_generated|_~1786          ; |Q|ALU_unit3:inst|lpm_mux:Mux0|mux_aqc:auto_generated|_~1786          ; out0             ;
; |Q|ALU_unit3:inst|lpm_mux:Mux0|mux_aqc:auto_generated|_~1787          ; |Q|ALU_unit3:inst|lpm_mux:Mux0|mux_aqc:auto_generated|_~1787          ; out0             ;
; |Q|ALU_unit3:inst|lpm_mux:Mux0|mux_aqc:auto_generated|_~1789          ; |Q|ALU_unit3:inst|lpm_mux:Mux0|mux_aqc:auto_generated|_~1789          ; out0             ;
; |Q|ALU_unit3:inst|lpm_mux:Mux0|mux_aqc:auto_generated|_~1791          ; |Q|ALU_unit3:inst|lpm_mux:Mux0|mux_aqc:auto_generated|_~1791          ; out0             ;
; |Q|ALU_unit3:inst|lpm_mux:Mux0|mux_aqc:auto_generated|_~1793          ; |Q|ALU_unit3:inst|lpm_mux:Mux0|mux_aqc:auto_generated|_~1793          ; out0             ;
; |Q|ALU_unit3:inst|lpm_mux:Mux0|mux_aqc:auto_generated|_~1794          ; |Q|ALU_unit3:inst|lpm_mux:Mux0|mux_aqc:auto_generated|_~1794          ; out0             ;
; |Q|ALU_unit3:inst|lpm_mux:Mux0|mux_aqc:auto_generated|_~1797          ; |Q|ALU_unit3:inst|lpm_mux:Mux0|mux_aqc:auto_generated|_~1797          ; out0             ;
; |Q|ALU_unit3:inst|lpm_mux:Mux0|mux_aqc:auto_generated|_~1798          ; |Q|ALU_unit3:inst|lpm_mux:Mux0|mux_aqc:auto_generated|_~1798          ; out0             ;
; |Q|ALU_unit3:inst|lpm_mux:Mux0|mux_aqc:auto_generated|_~1801          ; |Q|ALU_unit3:inst|lpm_mux:Mux0|mux_aqc:auto_generated|_~1801          ; out0             ;
; |Q|ALU_unit3:inst|lpm_mux:Mux0|mux_aqc:auto_generated|_~1802          ; |Q|ALU_unit3:inst|lpm_mux:Mux0|mux_aqc:auto_generated|_~1802          ; out0             ;
; |Q|seg7:inst7|lpm_mux:Mux6|mux_joc:auto_generated|_~0                 ; |Q|seg7:inst7|lpm_mux:Mux6|mux_joc:auto_generated|_~0                 ; out0             ;
; |Q|seg7:inst7|lpm_mux:Mux6|mux_joc:auto_generated|_~2                 ; |Q|seg7:inst7|lpm_mux:Mux6|mux_joc:auto_generated|_~2                 ; out0             ;
; |Q|seg7:inst7|lpm_mux:Mux6|mux_joc:auto_generated|_~4                 ; |Q|seg7:inst7|lpm_mux:Mux6|mux_joc:auto_generated|_~4                 ; out0             ;
; |Q|seg7:inst7|lpm_mux:Mux6|mux_joc:auto_generated|_~9                 ; |Q|seg7:inst7|lpm_mux:Mux6|mux_joc:auto_generated|_~9                 ; out0             ;
; |Q|seg7:inst7|lpm_mux:Mux6|mux_joc:auto_generated|_~11                ; |Q|seg7:inst7|lpm_mux:Mux6|mux_joc:auto_generated|_~11                ; out0             ;
; |Q|seg7:inst7|lpm_mux:Mux6|mux_joc:auto_generated|_~13                ; |Q|seg7:inst7|lpm_mux:Mux6|mux_joc:auto_generated|_~13                ; out0             ;
; |Q|seg7:inst7|lpm_mux:Mux6|mux_joc:auto_generated|_~18                ; |Q|seg7:inst7|lpm_mux:Mux6|mux_joc:auto_generated|_~18                ; out0             ;
; |Q|seg7:inst7|lpm_mux:Mux6|mux_joc:auto_generated|_~21                ; |Q|seg7:inst7|lpm_mux:Mux6|mux_joc:auto_generated|_~21                ; out0             ;
; |Q|seg7:inst7|lpm_mux:Mux6|mux_joc:auto_generated|_~47                ; |Q|seg7:inst7|lpm_mux:Mux6|mux_joc:auto_generated|_~47                ; out0             ;
; |Q|seg7:inst7|lpm_mux:Mux6|mux_joc:auto_generated|_~49                ; |Q|seg7:inst7|lpm_mux:Mux6|mux_joc:auto_generated|_~49                ; out0             ;
; |Q|seg7:inst7|lpm_mux:Mux6|mux_joc:auto_generated|_~51                ; |Q|seg7:inst7|lpm_mux:Mux6|mux_joc:auto_generated|_~51                ; out0             ;
; |Q|seg7:inst7|lpm_mux:Mux6|mux_joc:auto_generated|_~56                ; |Q|seg7:inst7|lpm_mux:Mux6|mux_joc:auto_generated|_~56                ; out0             ;
; |Q|seg7:inst7|lpm_mux:Mux6|mux_joc:auto_generated|_~58                ; |Q|seg7:inst7|lpm_mux:Mux6|mux_joc:auto_generated|_~58                ; out0             ;
; |Q|seg7:inst7|lpm_mux:Mux6|mux_joc:auto_generated|_~60                ; |Q|seg7:inst7|lpm_mux:Mux6|mux_joc:auto_generated|_~60                ; out0             ;
; |Q|seg7:inst7|lpm_mux:Mux6|mux_joc:auto_generated|_~66                ; |Q|seg7:inst7|lpm_mux:Mux6|mux_joc:auto_generated|_~66                ; out0             ;
; |Q|seg7:inst7|lpm_mux:Mux6|mux_joc:auto_generated|_~67                ; |Q|seg7:inst7|lpm_mux:Mux6|mux_joc:auto_generated|_~67                ; out0             ;
; |Q|seg7:inst7|lpm_mux:Mux6|mux_joc:auto_generated|_~69                ; |Q|seg7:inst7|lpm_mux:Mux6|mux_joc:auto_generated|_~69                ; out0             ;
; |Q|seg7:inst7|lpm_mux:Mux6|mux_joc:auto_generated|result_node[0]~0    ; |Q|seg7:inst7|lpm_mux:Mux6|mux_joc:auto_generated|result_node[0]~0    ; out0             ;
; |Q|seg7:inst7|lpm_mux:Mux6|mux_joc:auto_generated|_~97                ; |Q|seg7:inst7|lpm_mux:Mux6|mux_joc:auto_generated|_~97                ; out0             ;
; |Q|seg7:inst7|lpm_mux:Mux6|mux_joc:auto_generated|_~99                ; |Q|seg7:inst7|lpm_mux:Mux6|mux_joc:auto_generated|_~99                ; out0             ;
; |Q|seg7:inst7|lpm_mux:Mux6|mux_joc:auto_generated|_~101               ; |Q|seg7:inst7|lpm_mux:Mux6|mux_joc:auto_generated|_~101               ; out0             ;
; |Q|seg7:inst7|lpm_mux:Mux6|mux_joc:auto_generated|_~106               ; |Q|seg7:inst7|lpm_mux:Mux6|mux_joc:auto_generated|_~106               ; out0             ;
; |Q|seg7:inst7|lpm_mux:Mux6|mux_joc:auto_generated|_~108               ; |Q|seg7:inst7|lpm_mux:Mux6|mux_joc:auto_generated|_~108               ; out0             ;
; |Q|seg7:inst7|lpm_mux:Mux6|mux_joc:auto_generated|_~110               ; |Q|seg7:inst7|lpm_mux:Mux6|mux_joc:auto_generated|_~110               ; out0             ;
; |Q|seg7:inst7|lpm_mux:Mux6|mux_joc:auto_generated|_~116               ; |Q|seg7:inst7|lpm_mux:Mux6|mux_joc:auto_generated|_~116               ; out0             ;
; |Q|seg7:inst7|lpm_mux:Mux6|mux_joc:auto_generated|_~117               ; |Q|seg7:inst7|lpm_mux:Mux6|mux_joc:auto_generated|_~117               ; out0             ;
; |Q|seg7:inst7|lpm_mux:Mux6|mux_joc:auto_generated|_~119               ; |Q|seg7:inst7|lpm_mux:Mux6|mux_joc:auto_generated|_~119               ; out0             ;
; |Q|seg7:inst7|lpm_mux:Mux6|mux_joc:auto_generated|_~121               ; |Q|seg7:inst7|lpm_mux:Mux6|mux_joc:auto_generated|_~121               ; out0             ;
; |Q|seg7:inst7|lpm_mux:Mux6|mux_joc:auto_generated|_~130               ; |Q|seg7:inst7|lpm_mux:Mux6|mux_joc:auto_generated|_~130               ; out0             ;
; |Q|seg7:inst7|lpm_mux:Mux5|mux_joc:auto_generated|_~0                 ; |Q|seg7:inst7|lpm_mux:Mux5|mux_joc:auto_generated|_~0                 ; out0             ;
; |Q|seg7:inst7|lpm_mux:Mux5|mux_joc:auto_generated|_~2                 ; |Q|seg7:inst7|lpm_mux:Mux5|mux_joc:auto_generated|_~2                 ; out0             ;
; |Q|seg7:inst7|lpm_mux:Mux5|mux_joc:auto_generated|_~4                 ; |Q|seg7:inst7|lpm_mux:Mux5|mux_joc:auto_generated|_~4                 ; out0             ;
; |Q|seg7:inst7|lpm_mux:Mux5|mux_joc:auto_generated|_~9                 ; |Q|seg7:inst7|lpm_mux:Mux5|mux_joc:auto_generated|_~9                 ; out0             ;
; |Q|seg7:inst7|lpm_mux:Mux5|mux_joc:auto_generated|_~11                ; |Q|seg7:inst7|lpm_mux:Mux5|mux_joc:auto_generated|_~11                ; out0             ;
; |Q|seg7:inst7|lpm_mux:Mux5|mux_joc:auto_generated|_~13                ; |Q|seg7:inst7|lpm_mux:Mux5|mux_joc:auto_generated|_~13                ; out0             ;
; |Q|seg7:inst7|lpm_mux:Mux5|mux_joc:auto_generated|_~18                ; |Q|seg7:inst7|lpm_mux:Mux5|mux_joc:auto_generated|_~18                ; out0             ;
; |Q|seg7:inst7|lpm_mux:Mux5|mux_joc:auto_generated|_~21                ; |Q|seg7:inst7|lpm_mux:Mux5|mux_joc:auto_generated|_~21                ; out0             ;
; |Q|seg7:inst7|lpm_mux:Mux5|mux_joc:auto_generated|_~24                ; |Q|seg7:inst7|lpm_mux:Mux5|mux_joc:auto_generated|_~24                ; out0             ;
; |Q|seg7:inst7|lpm_mux:Mux5|mux_joc:auto_generated|_~26                ; |Q|seg7:inst7|lpm_mux:Mux5|mux_joc:auto_generated|_~26                ; out0             ;
; |Q|seg7:inst7|lpm_mux:Mux5|mux_joc:auto_generated|_~27                ; |Q|seg7:inst7|lpm_mux:Mux5|mux_joc:auto_generated|_~27                ; out0             ;
; |Q|seg7:inst7|lpm_mux:Mux5|mux_joc:auto_generated|_~33                ; |Q|seg7:inst7|lpm_mux:Mux5|mux_joc:auto_generated|_~33                ; out0             ;
; |Q|seg7:inst7|lpm_mux:Mux5|mux_joc:auto_generated|_~35                ; |Q|seg7:inst7|lpm_mux:Mux5|mux_joc:auto_generated|_~35                ; out0             ;
; |Q|seg7:inst7|lpm_mux:Mux5|mux_joc:auto_generated|_~36                ; |Q|seg7:inst7|lpm_mux:Mux5|mux_joc:auto_generated|_~36                ; out0             ;
; |Q|seg7:inst7|lpm_mux:Mux5|mux_joc:auto_generated|_~40                ; |Q|seg7:inst7|lpm_mux:Mux5|mux_joc:auto_generated|_~40                ; out0             ;
; |Q|seg7:inst7|lpm_mux:Mux5|mux_joc:auto_generated|_~47                ; |Q|seg7:inst7|lpm_mux:Mux5|mux_joc:auto_generated|_~47                ; out0             ;
; |Q|seg7:inst7|lpm_mux:Mux5|mux_joc:auto_generated|_~49                ; |Q|seg7:inst7|lpm_mux:Mux5|mux_joc:auto_generated|_~49                ; out0             ;
; |Q|seg7:inst7|lpm_mux:Mux5|mux_joc:auto_generated|_~51                ; |Q|seg7:inst7|lpm_mux:Mux5|mux_joc:auto_generated|_~51                ; out0             ;
; |Q|seg7:inst7|lpm_mux:Mux5|mux_joc:auto_generated|_~56                ; |Q|seg7:inst7|lpm_mux:Mux5|mux_joc:auto_generated|_~56                ; out0             ;
; |Q|seg7:inst7|lpm_mux:Mux5|mux_joc:auto_generated|_~58                ; |Q|seg7:inst7|lpm_mux:Mux5|mux_joc:auto_generated|_~58                ; out0             ;
; |Q|seg7:inst7|lpm_mux:Mux5|mux_joc:auto_generated|_~60                ; |Q|seg7:inst7|lpm_mux:Mux5|mux_joc:auto_generated|_~60                ; out0             ;
; |Q|seg7:inst7|lpm_mux:Mux5|mux_joc:auto_generated|_~66                ; |Q|seg7:inst7|lpm_mux:Mux5|mux_joc:auto_generated|_~66                ; out0             ;
; |Q|seg7:inst7|lpm_mux:Mux5|mux_joc:auto_generated|_~67                ; |Q|seg7:inst7|lpm_mux:Mux5|mux_joc:auto_generated|_~67                ; out0             ;
; |Q|seg7:inst7|lpm_mux:Mux5|mux_joc:auto_generated|_~69                ; |Q|seg7:inst7|lpm_mux:Mux5|mux_joc:auto_generated|_~69                ; out0             ;
; |Q|seg7:inst7|lpm_mux:Mux5|mux_joc:auto_generated|result_node[0]~0    ; |Q|seg7:inst7|lpm_mux:Mux5|mux_joc:auto_generated|result_node[0]~0    ; out0             ;
; |Q|seg7:inst7|lpm_mux:Mux5|mux_joc:auto_generated|_~74                ; |Q|seg7:inst7|lpm_mux:Mux5|mux_joc:auto_generated|_~74                ; out0             ;
; |Q|seg7:inst7|lpm_mux:Mux5|mux_joc:auto_generated|_~76                ; |Q|seg7:inst7|lpm_mux:Mux5|mux_joc:auto_generated|_~76                ; out0             ;
; |Q|seg7:inst7|lpm_mux:Mux5|mux_joc:auto_generated|_~77                ; |Q|seg7:inst7|lpm_mux:Mux5|mux_joc:auto_generated|_~77                ; out0             ;
; |Q|seg7:inst7|lpm_mux:Mux5|mux_joc:auto_generated|_~83                ; |Q|seg7:inst7|lpm_mux:Mux5|mux_joc:auto_generated|_~83                ; out0             ;
; |Q|seg7:inst7|lpm_mux:Mux5|mux_joc:auto_generated|_~85                ; |Q|seg7:inst7|lpm_mux:Mux5|mux_joc:auto_generated|_~85                ; out0             ;
; |Q|seg7:inst7|lpm_mux:Mux5|mux_joc:auto_generated|_~86                ; |Q|seg7:inst7|lpm_mux:Mux5|mux_joc:auto_generated|_~86                ; out0             ;
; |Q|seg7:inst7|lpm_mux:Mux5|mux_joc:auto_generated|_~90                ; |Q|seg7:inst7|lpm_mux:Mux5|mux_joc:auto_generated|_~90                ; out0             ;
; |Q|seg7:inst7|lpm_mux:Mux5|mux_joc:auto_generated|_~97                ; |Q|seg7:inst7|lpm_mux:Mux5|mux_joc:auto_generated|_~97                ; out0             ;
; |Q|seg7:inst7|lpm_mux:Mux5|mux_joc:auto_generated|_~99                ; |Q|seg7:inst7|lpm_mux:Mux5|mux_joc:auto_generated|_~99                ; out0             ;
; |Q|seg7:inst7|lpm_mux:Mux5|mux_joc:auto_generated|_~101               ; |Q|seg7:inst7|lpm_mux:Mux5|mux_joc:auto_generated|_~101               ; out0             ;
; |Q|seg7:inst7|lpm_mux:Mux5|mux_joc:auto_generated|_~106               ; |Q|seg7:inst7|lpm_mux:Mux5|mux_joc:auto_generated|_~106               ; out0             ;
; |Q|seg7:inst7|lpm_mux:Mux5|mux_joc:auto_generated|_~108               ; |Q|seg7:inst7|lpm_mux:Mux5|mux_joc:auto_generated|_~108               ; out0             ;
; |Q|seg7:inst7|lpm_mux:Mux5|mux_joc:auto_generated|_~110               ; |Q|seg7:inst7|lpm_mux:Mux5|mux_joc:auto_generated|_~110               ; out0             ;
; |Q|seg7:inst7|lpm_mux:Mux5|mux_joc:auto_generated|_~116               ; |Q|seg7:inst7|lpm_mux:Mux5|mux_joc:auto_generated|_~116               ; out0             ;
; |Q|seg7:inst7|lpm_mux:Mux5|mux_joc:auto_generated|_~117               ; |Q|seg7:inst7|lpm_mux:Mux5|mux_joc:auto_generated|_~117               ; out0             ;
; |Q|seg7:inst7|lpm_mux:Mux5|mux_joc:auto_generated|_~119               ; |Q|seg7:inst7|lpm_mux:Mux5|mux_joc:auto_generated|_~119               ; out0             ;
; |Q|seg7:inst7|lpm_mux:Mux5|mux_joc:auto_generated|_~123               ; |Q|seg7:inst7|lpm_mux:Mux5|mux_joc:auto_generated|_~123               ; out0             ;
; |Q|seg7:inst7|lpm_mux:Mux5|mux_joc:auto_generated|_~125               ; |Q|seg7:inst7|lpm_mux:Mux5|mux_joc:auto_generated|_~125               ; out0             ;
; |Q|seg7:inst7|lpm_mux:Mux5|mux_joc:auto_generated|_~132               ; |Q|seg7:inst7|lpm_mux:Mux5|mux_joc:auto_generated|_~132               ; out0             ;
; |Q|seg7:inst7|lpm_mux:Mux5|mux_joc:auto_generated|_~134               ; |Q|seg7:inst7|lpm_mux:Mux5|mux_joc:auto_generated|_~134               ; out0             ;
; |Q|seg7:inst7|lpm_mux:Mux5|mux_joc:auto_generated|_~140               ; |Q|seg7:inst7|lpm_mux:Mux5|mux_joc:auto_generated|_~140               ; out0             ;
; |Q|seg7:inst7|lpm_mux:Mux4|mux_joc:auto_generated|_~18                ; |Q|seg7:inst7|lpm_mux:Mux4|mux_joc:auto_generated|_~18                ; out0             ;
; |Q|seg7:inst7|lpm_mux:Mux4|mux_joc:auto_generated|_~24                ; |Q|seg7:inst7|lpm_mux:Mux4|mux_joc:auto_generated|_~24                ; out0             ;
; |Q|seg7:inst7|lpm_mux:Mux4|mux_joc:auto_generated|_~26                ; |Q|seg7:inst7|lpm_mux:Mux4|mux_joc:auto_generated|_~26                ; out0             ;
; |Q|seg7:inst7|lpm_mux:Mux4|mux_joc:auto_generated|_~33                ; |Q|seg7:inst7|lpm_mux:Mux4|mux_joc:auto_generated|_~33                ; out0             ;
; |Q|seg7:inst7|lpm_mux:Mux4|mux_joc:auto_generated|_~35                ; |Q|seg7:inst7|lpm_mux:Mux4|mux_joc:auto_generated|_~35                ; out0             ;
; |Q|seg7:inst7|lpm_mux:Mux4|mux_joc:auto_generated|_~40                ; |Q|seg7:inst7|lpm_mux:Mux4|mux_joc:auto_generated|_~40                ; out0             ;
; |Q|seg7:inst7|lpm_mux:Mux4|mux_joc:auto_generated|_~49                ; |Q|seg7:inst7|lpm_mux:Mux4|mux_joc:auto_generated|_~49                ; out0             ;
; |Q|seg7:inst7|lpm_mux:Mux4|mux_joc:auto_generated|_~51                ; |Q|seg7:inst7|lpm_mux:Mux4|mux_joc:auto_generated|_~51                ; out0             ;
; |Q|seg7:inst7|lpm_mux:Mux4|mux_joc:auto_generated|_~58                ; |Q|seg7:inst7|lpm_mux:Mux4|mux_joc:auto_generated|_~58                ; out0             ;
; |Q|seg7:inst7|lpm_mux:Mux4|mux_joc:auto_generated|_~60                ; |Q|seg7:inst7|lpm_mux:Mux4|mux_joc:auto_generated|_~60                ; out0             ;
; |Q|seg7:inst7|lpm_mux:Mux4|mux_joc:auto_generated|_~66                ; |Q|seg7:inst7|lpm_mux:Mux4|mux_joc:auto_generated|_~66                ; out0             ;
; |Q|seg7:inst7|lpm_mux:Mux4|mux_joc:auto_generated|_~74                ; |Q|seg7:inst7|lpm_mux:Mux4|mux_joc:auto_generated|_~74                ; out0             ;
; |Q|seg7:inst7|lpm_mux:Mux4|mux_joc:auto_generated|_~76                ; |Q|seg7:inst7|lpm_mux:Mux4|mux_joc:auto_generated|_~76                ; out0             ;
; |Q|seg7:inst7|lpm_mux:Mux4|mux_joc:auto_generated|_~83                ; |Q|seg7:inst7|lpm_mux:Mux4|mux_joc:auto_generated|_~83                ; out0             ;
; |Q|seg7:inst7|lpm_mux:Mux4|mux_joc:auto_generated|_~85                ; |Q|seg7:inst7|lpm_mux:Mux4|mux_joc:auto_generated|_~85                ; out0             ;
; |Q|seg7:inst7|lpm_mux:Mux4|mux_joc:auto_generated|_~90                ; |Q|seg7:inst7|lpm_mux:Mux4|mux_joc:auto_generated|_~90                ; out0             ;
; |Q|seg7:inst7|lpm_mux:Mux4|mux_joc:auto_generated|_~99                ; |Q|seg7:inst7|lpm_mux:Mux4|mux_joc:auto_generated|_~99                ; out0             ;
; |Q|seg7:inst7|lpm_mux:Mux4|mux_joc:auto_generated|_~101               ; |Q|seg7:inst7|lpm_mux:Mux4|mux_joc:auto_generated|_~101               ; out0             ;
; |Q|seg7:inst7|lpm_mux:Mux4|mux_joc:auto_generated|_~108               ; |Q|seg7:inst7|lpm_mux:Mux4|mux_joc:auto_generated|_~108               ; out0             ;
; |Q|seg7:inst7|lpm_mux:Mux4|mux_joc:auto_generated|_~110               ; |Q|seg7:inst7|lpm_mux:Mux4|mux_joc:auto_generated|_~110               ; out0             ;
; |Q|seg7:inst7|lpm_mux:Mux4|mux_joc:auto_generated|_~116               ; |Q|seg7:inst7|lpm_mux:Mux4|mux_joc:auto_generated|_~116               ; out0             ;
; |Q|seg7:inst7|lpm_mux:Mux4|mux_joc:auto_generated|_~121               ; |Q|seg7:inst7|lpm_mux:Mux4|mux_joc:auto_generated|_~121               ; out0             ;
; |Q|seg7:inst7|lpm_mux:Mux4|mux_joc:auto_generated|_~123               ; |Q|seg7:inst7|lpm_mux:Mux4|mux_joc:auto_generated|_~123               ; out0             ;
; |Q|seg7:inst7|lpm_mux:Mux4|mux_joc:auto_generated|_~125               ; |Q|seg7:inst7|lpm_mux:Mux4|mux_joc:auto_generated|_~125               ; out0             ;
; |Q|seg7:inst7|lpm_mux:Mux4|mux_joc:auto_generated|_~130               ; |Q|seg7:inst7|lpm_mux:Mux4|mux_joc:auto_generated|_~130               ; out0             ;
; |Q|seg7:inst7|lpm_mux:Mux4|mux_joc:auto_generated|_~132               ; |Q|seg7:inst7|lpm_mux:Mux4|mux_joc:auto_generated|_~132               ; out0             ;
; |Q|seg7:inst7|lpm_mux:Mux4|mux_joc:auto_generated|_~134               ; |Q|seg7:inst7|lpm_mux:Mux4|mux_joc:auto_generated|_~134               ; out0             ;
; |Q|seg7:inst7|lpm_mux:Mux4|mux_joc:auto_generated|_~140               ; |Q|seg7:inst7|lpm_mux:Mux4|mux_joc:auto_generated|_~140               ; out0             ;
; |Q|seg7:inst7|lpm_mux:Mux4|mux_joc:auto_generated|_~141               ; |Q|seg7:inst7|lpm_mux:Mux4|mux_joc:auto_generated|_~141               ; out0             ;
; |Q|seg7:inst7|lpm_mux:Mux3|mux_joc:auto_generated|_~0                 ; |Q|seg7:inst7|lpm_mux:Mux3|mux_joc:auto_generated|_~0                 ; out0             ;
; |Q|seg7:inst7|lpm_mux:Mux3|mux_joc:auto_generated|_~9                 ; |Q|seg7:inst7|lpm_mux:Mux3|mux_joc:auto_generated|_~9                 ; out0             ;
; |Q|seg7:inst7|lpm_mux:Mux3|mux_joc:auto_generated|_~18                ; |Q|seg7:inst7|lpm_mux:Mux3|mux_joc:auto_generated|_~18                ; out0             ;
; |Q|seg7:inst7|lpm_mux:Mux3|mux_joc:auto_generated|_~24                ; |Q|seg7:inst7|lpm_mux:Mux3|mux_joc:auto_generated|_~24                ; out0             ;
; |Q|seg7:inst7|lpm_mux:Mux3|mux_joc:auto_generated|_~26                ; |Q|seg7:inst7|lpm_mux:Mux3|mux_joc:auto_generated|_~26                ; out0             ;
; |Q|seg7:inst7|lpm_mux:Mux3|mux_joc:auto_generated|_~33                ; |Q|seg7:inst7|lpm_mux:Mux3|mux_joc:auto_generated|_~33                ; out0             ;
; |Q|seg7:inst7|lpm_mux:Mux3|mux_joc:auto_generated|_~35                ; |Q|seg7:inst7|lpm_mux:Mux3|mux_joc:auto_generated|_~35                ; out0             ;
; |Q|seg7:inst7|lpm_mux:Mux3|mux_joc:auto_generated|_~41                ; |Q|seg7:inst7|lpm_mux:Mux3|mux_joc:auto_generated|_~41                ; out0             ;
; |Q|seg7:inst7|lpm_mux:Mux3|mux_joc:auto_generated|_~49                ; |Q|seg7:inst7|lpm_mux:Mux3|mux_joc:auto_generated|_~49                ; out0             ;
; |Q|seg7:inst7|lpm_mux:Mux3|mux_joc:auto_generated|_~51                ; |Q|seg7:inst7|lpm_mux:Mux3|mux_joc:auto_generated|_~51                ; out0             ;
; |Q|seg7:inst7|lpm_mux:Mux3|mux_joc:auto_generated|_~52                ; |Q|seg7:inst7|lpm_mux:Mux3|mux_joc:auto_generated|_~52                ; out0             ;
; |Q|seg7:inst7|lpm_mux:Mux3|mux_joc:auto_generated|_~58                ; |Q|seg7:inst7|lpm_mux:Mux3|mux_joc:auto_generated|_~58                ; out0             ;
; |Q|seg7:inst7|lpm_mux:Mux3|mux_joc:auto_generated|_~60                ; |Q|seg7:inst7|lpm_mux:Mux3|mux_joc:auto_generated|_~60                ; out0             ;
; |Q|seg7:inst7|lpm_mux:Mux3|mux_joc:auto_generated|_~61                ; |Q|seg7:inst7|lpm_mux:Mux3|mux_joc:auto_generated|_~61                ; out0             ;
; |Q|seg7:inst7|lpm_mux:Mux3|mux_joc:auto_generated|_~74                ; |Q|seg7:inst7|lpm_mux:Mux3|mux_joc:auto_generated|_~74                ; out0             ;
; |Q|seg7:inst7|lpm_mux:Mux3|mux_joc:auto_generated|_~76                ; |Q|seg7:inst7|lpm_mux:Mux3|mux_joc:auto_generated|_~76                ; out0             ;
; |Q|seg7:inst7|lpm_mux:Mux3|mux_joc:auto_generated|_~83                ; |Q|seg7:inst7|lpm_mux:Mux3|mux_joc:auto_generated|_~83                ; out0             ;
; |Q|seg7:inst7|lpm_mux:Mux3|mux_joc:auto_generated|_~85                ; |Q|seg7:inst7|lpm_mux:Mux3|mux_joc:auto_generated|_~85                ; out0             ;
; |Q|seg7:inst7|lpm_mux:Mux3|mux_joc:auto_generated|_~91                ; |Q|seg7:inst7|lpm_mux:Mux3|mux_joc:auto_generated|_~91                ; out0             ;
; |Q|seg7:inst7|lpm_mux:Mux3|mux_joc:auto_generated|_~99                ; |Q|seg7:inst7|lpm_mux:Mux3|mux_joc:auto_generated|_~99                ; out0             ;
; |Q|seg7:inst7|lpm_mux:Mux3|mux_joc:auto_generated|_~101               ; |Q|seg7:inst7|lpm_mux:Mux3|mux_joc:auto_generated|_~101               ; out0             ;
; |Q|seg7:inst7|lpm_mux:Mux3|mux_joc:auto_generated|_~102               ; |Q|seg7:inst7|lpm_mux:Mux3|mux_joc:auto_generated|_~102               ; out0             ;
; |Q|seg7:inst7|lpm_mux:Mux3|mux_joc:auto_generated|_~108               ; |Q|seg7:inst7|lpm_mux:Mux3|mux_joc:auto_generated|_~108               ; out0             ;
; |Q|seg7:inst7|lpm_mux:Mux3|mux_joc:auto_generated|_~110               ; |Q|seg7:inst7|lpm_mux:Mux3|mux_joc:auto_generated|_~110               ; out0             ;
; |Q|seg7:inst7|lpm_mux:Mux3|mux_joc:auto_generated|_~111               ; |Q|seg7:inst7|lpm_mux:Mux3|mux_joc:auto_generated|_~111               ; out0             ;
; |Q|seg7:inst7|lpm_mux:Mux3|mux_joc:auto_generated|_~121               ; |Q|seg7:inst7|lpm_mux:Mux3|mux_joc:auto_generated|_~121               ; out0             ;
; |Q|seg7:inst7|lpm_mux:Mux3|mux_joc:auto_generated|_~123               ; |Q|seg7:inst7|lpm_mux:Mux3|mux_joc:auto_generated|_~123               ; out0             ;
; |Q|seg7:inst7|lpm_mux:Mux3|mux_joc:auto_generated|_~125               ; |Q|seg7:inst7|lpm_mux:Mux3|mux_joc:auto_generated|_~125               ; out0             ;
; |Q|seg7:inst7|lpm_mux:Mux3|mux_joc:auto_generated|_~130               ; |Q|seg7:inst7|lpm_mux:Mux3|mux_joc:auto_generated|_~130               ; out0             ;
; |Q|seg7:inst7|lpm_mux:Mux3|mux_joc:auto_generated|_~132               ; |Q|seg7:inst7|lpm_mux:Mux3|mux_joc:auto_generated|_~132               ; out0             ;
; |Q|seg7:inst7|lpm_mux:Mux3|mux_joc:auto_generated|_~134               ; |Q|seg7:inst7|lpm_mux:Mux3|mux_joc:auto_generated|_~134               ; out0             ;
; |Q|seg7:inst7|lpm_mux:Mux3|mux_joc:auto_generated|_~139               ; |Q|seg7:inst7|lpm_mux:Mux3|mux_joc:auto_generated|_~139               ; out0             ;
; |Q|seg7:inst7|lpm_mux:Mux2|mux_joc:auto_generated|_~0                 ; |Q|seg7:inst7|lpm_mux:Mux2|mux_joc:auto_generated|_~0                 ; out0             ;
; |Q|seg7:inst7|lpm_mux:Mux2|mux_joc:auto_generated|_~2                 ; |Q|seg7:inst7|lpm_mux:Mux2|mux_joc:auto_generated|_~2                 ; out0             ;
; |Q|seg7:inst7|lpm_mux:Mux2|mux_joc:auto_generated|_~4                 ; |Q|seg7:inst7|lpm_mux:Mux2|mux_joc:auto_generated|_~4                 ; out0             ;
; |Q|seg7:inst7|lpm_mux:Mux2|mux_joc:auto_generated|_~9                 ; |Q|seg7:inst7|lpm_mux:Mux2|mux_joc:auto_generated|_~9                 ; out0             ;
; |Q|seg7:inst7|lpm_mux:Mux2|mux_joc:auto_generated|_~11                ; |Q|seg7:inst7|lpm_mux:Mux2|mux_joc:auto_generated|_~11                ; out0             ;
; |Q|seg7:inst7|lpm_mux:Mux2|mux_joc:auto_generated|_~13                ; |Q|seg7:inst7|lpm_mux:Mux2|mux_joc:auto_generated|_~13                ; out0             ;
; |Q|seg7:inst7|lpm_mux:Mux2|mux_joc:auto_generated|_~19                ; |Q|seg7:inst7|lpm_mux:Mux2|mux_joc:auto_generated|_~19                ; out0             ;
; |Q|seg7:inst7|lpm_mux:Mux2|mux_joc:auto_generated|_~20                ; |Q|seg7:inst7|lpm_mux:Mux2|mux_joc:auto_generated|_~20                ; out0             ;
; |Q|seg7:inst7|lpm_mux:Mux2|mux_joc:auto_generated|_~21                ; |Q|seg7:inst7|lpm_mux:Mux2|mux_joc:auto_generated|_~21                ; out0             ;
; |Q|seg7:inst7|lpm_mux:Mux2|mux_joc:auto_generated|_~22                ; |Q|seg7:inst7|lpm_mux:Mux2|mux_joc:auto_generated|_~22                ; out0             ;
; |Q|seg7:inst7|lpm_mux:Mux2|mux_joc:auto_generated|_~24                ; |Q|seg7:inst7|lpm_mux:Mux2|mux_joc:auto_generated|_~24                ; out0             ;
; |Q|seg7:inst7|lpm_mux:Mux2|mux_joc:auto_generated|_~26                ; |Q|seg7:inst7|lpm_mux:Mux2|mux_joc:auto_generated|_~26                ; out0             ;
; |Q|seg7:inst7|lpm_mux:Mux2|mux_joc:auto_generated|_~27                ; |Q|seg7:inst7|lpm_mux:Mux2|mux_joc:auto_generated|_~27                ; out0             ;
; |Q|seg7:inst7|lpm_mux:Mux2|mux_joc:auto_generated|_~31                ; |Q|seg7:inst7|lpm_mux:Mux2|mux_joc:auto_generated|_~31                ; out0             ;
; |Q|seg7:inst7|lpm_mux:Mux2|mux_joc:auto_generated|_~33                ; |Q|seg7:inst7|lpm_mux:Mux2|mux_joc:auto_generated|_~33                ; out0             ;
; |Q|seg7:inst7|lpm_mux:Mux2|mux_joc:auto_generated|_~35                ; |Q|seg7:inst7|lpm_mux:Mux2|mux_joc:auto_generated|_~35                ; out0             ;
; |Q|seg7:inst7|lpm_mux:Mux2|mux_joc:auto_generated|_~36                ; |Q|seg7:inst7|lpm_mux:Mux2|mux_joc:auto_generated|_~36                ; out0             ;
; |Q|seg7:inst7|lpm_mux:Mux2|mux_joc:auto_generated|_~47                ; |Q|seg7:inst7|lpm_mux:Mux2|mux_joc:auto_generated|_~47                ; out0             ;
; |Q|seg7:inst7|lpm_mux:Mux2|mux_joc:auto_generated|_~49                ; |Q|seg7:inst7|lpm_mux:Mux2|mux_joc:auto_generated|_~49                ; out0             ;
; |Q|seg7:inst7|lpm_mux:Mux2|mux_joc:auto_generated|_~51                ; |Q|seg7:inst7|lpm_mux:Mux2|mux_joc:auto_generated|_~51                ; out0             ;
; |Q|seg7:inst7|lpm_mux:Mux2|mux_joc:auto_generated|_~56                ; |Q|seg7:inst7|lpm_mux:Mux2|mux_joc:auto_generated|_~56                ; out0             ;
; |Q|seg7:inst7|lpm_mux:Mux2|mux_joc:auto_generated|_~58                ; |Q|seg7:inst7|lpm_mux:Mux2|mux_joc:auto_generated|_~58                ; out0             ;
; |Q|seg7:inst7|lpm_mux:Mux2|mux_joc:auto_generated|_~60                ; |Q|seg7:inst7|lpm_mux:Mux2|mux_joc:auto_generated|_~60                ; out0             ;
; |Q|seg7:inst7|lpm_mux:Mux2|mux_joc:auto_generated|_~66                ; |Q|seg7:inst7|lpm_mux:Mux2|mux_joc:auto_generated|_~66                ; out0             ;
; |Q|seg7:inst7|lpm_mux:Mux2|mux_joc:auto_generated|_~67                ; |Q|seg7:inst7|lpm_mux:Mux2|mux_joc:auto_generated|_~67                ; out0             ;
; |Q|seg7:inst7|lpm_mux:Mux2|mux_joc:auto_generated|_~69                ; |Q|seg7:inst7|lpm_mux:Mux2|mux_joc:auto_generated|_~69                ; out0             ;
; |Q|seg7:inst7|lpm_mux:Mux2|mux_joc:auto_generated|result_node[0]~0    ; |Q|seg7:inst7|lpm_mux:Mux2|mux_joc:auto_generated|result_node[0]~0    ; out0             ;
; |Q|seg7:inst7|lpm_mux:Mux2|mux_joc:auto_generated|_~72                ; |Q|seg7:inst7|lpm_mux:Mux2|mux_joc:auto_generated|_~72                ; out0             ;
; |Q|seg7:inst7|lpm_mux:Mux2|mux_joc:auto_generated|_~74                ; |Q|seg7:inst7|lpm_mux:Mux2|mux_joc:auto_generated|_~74                ; out0             ;
; |Q|seg7:inst7|lpm_mux:Mux2|mux_joc:auto_generated|_~76                ; |Q|seg7:inst7|lpm_mux:Mux2|mux_joc:auto_generated|_~76                ; out0             ;
; |Q|seg7:inst7|lpm_mux:Mux2|mux_joc:auto_generated|_~77                ; |Q|seg7:inst7|lpm_mux:Mux2|mux_joc:auto_generated|_~77                ; out0             ;
; |Q|seg7:inst7|lpm_mux:Mux2|mux_joc:auto_generated|_~81                ; |Q|seg7:inst7|lpm_mux:Mux2|mux_joc:auto_generated|_~81                ; out0             ;
; |Q|seg7:inst7|lpm_mux:Mux2|mux_joc:auto_generated|_~83                ; |Q|seg7:inst7|lpm_mux:Mux2|mux_joc:auto_generated|_~83                ; out0             ;
; |Q|seg7:inst7|lpm_mux:Mux2|mux_joc:auto_generated|_~85                ; |Q|seg7:inst7|lpm_mux:Mux2|mux_joc:auto_generated|_~85                ; out0             ;
; |Q|seg7:inst7|lpm_mux:Mux2|mux_joc:auto_generated|_~86                ; |Q|seg7:inst7|lpm_mux:Mux2|mux_joc:auto_generated|_~86                ; out0             ;
; |Q|seg7:inst7|lpm_mux:Mux2|mux_joc:auto_generated|_~97                ; |Q|seg7:inst7|lpm_mux:Mux2|mux_joc:auto_generated|_~97                ; out0             ;
; |Q|seg7:inst7|lpm_mux:Mux2|mux_joc:auto_generated|_~99                ; |Q|seg7:inst7|lpm_mux:Mux2|mux_joc:auto_generated|_~99                ; out0             ;
; |Q|seg7:inst7|lpm_mux:Mux2|mux_joc:auto_generated|_~101               ; |Q|seg7:inst7|lpm_mux:Mux2|mux_joc:auto_generated|_~101               ; out0             ;
; |Q|seg7:inst7|lpm_mux:Mux2|mux_joc:auto_generated|_~106               ; |Q|seg7:inst7|lpm_mux:Mux2|mux_joc:auto_generated|_~106               ; out0             ;
; |Q|seg7:inst7|lpm_mux:Mux2|mux_joc:auto_generated|_~108               ; |Q|seg7:inst7|lpm_mux:Mux2|mux_joc:auto_generated|_~108               ; out0             ;
; |Q|seg7:inst7|lpm_mux:Mux2|mux_joc:auto_generated|_~110               ; |Q|seg7:inst7|lpm_mux:Mux2|mux_joc:auto_generated|_~110               ; out0             ;
; |Q|seg7:inst7|lpm_mux:Mux2|mux_joc:auto_generated|_~116               ; |Q|seg7:inst7|lpm_mux:Mux2|mux_joc:auto_generated|_~116               ; out0             ;
; |Q|seg7:inst7|lpm_mux:Mux2|mux_joc:auto_generated|_~117               ; |Q|seg7:inst7|lpm_mux:Mux2|mux_joc:auto_generated|_~117               ; out0             ;
; |Q|seg7:inst7|lpm_mux:Mux2|mux_joc:auto_generated|_~119               ; |Q|seg7:inst7|lpm_mux:Mux2|mux_joc:auto_generated|_~119               ; out0             ;
; |Q|seg7:inst7|lpm_mux:Mux2|mux_joc:auto_generated|_~121               ; |Q|seg7:inst7|lpm_mux:Mux2|mux_joc:auto_generated|_~121               ; out0             ;
; |Q|seg7:inst7|lpm_mux:Mux2|mux_joc:auto_generated|_~126               ; |Q|seg7:inst7|lpm_mux:Mux2|mux_joc:auto_generated|_~126               ; out0             ;
; |Q|seg7:inst7|lpm_mux:Mux2|mux_joc:auto_generated|_~130               ; |Q|seg7:inst7|lpm_mux:Mux2|mux_joc:auto_generated|_~130               ; out0             ;
; |Q|seg7:inst7|lpm_mux:Mux2|mux_joc:auto_generated|_~135               ; |Q|seg7:inst7|lpm_mux:Mux2|mux_joc:auto_generated|_~135               ; out0             ;
; |Q|seg7:inst7|lpm_mux:Mux2|mux_joc:auto_generated|_~139               ; |Q|seg7:inst7|lpm_mux:Mux2|mux_joc:auto_generated|_~139               ; out0             ;
; |Q|seg7:inst7|lpm_mux:Mux1|mux_joc:auto_generated|_~2                 ; |Q|seg7:inst7|lpm_mux:Mux1|mux_joc:auto_generated|_~2                 ; out0             ;
; |Q|seg7:inst7|lpm_mux:Mux1|mux_joc:auto_generated|_~4                 ; |Q|seg7:inst7|lpm_mux:Mux1|mux_joc:auto_generated|_~4                 ; out0             ;
; |Q|seg7:inst7|lpm_mux:Mux1|mux_joc:auto_generated|_~5                 ; |Q|seg7:inst7|lpm_mux:Mux1|mux_joc:auto_generated|_~5                 ; out0             ;
; |Q|seg7:inst7|lpm_mux:Mux1|mux_joc:auto_generated|_~11                ; |Q|seg7:inst7|lpm_mux:Mux1|mux_joc:auto_generated|_~11                ; out0             ;
; |Q|seg7:inst7|lpm_mux:Mux1|mux_joc:auto_generated|_~13                ; |Q|seg7:inst7|lpm_mux:Mux1|mux_joc:auto_generated|_~13                ; out0             ;
; |Q|seg7:inst7|lpm_mux:Mux1|mux_joc:auto_generated|_~14                ; |Q|seg7:inst7|lpm_mux:Mux1|mux_joc:auto_generated|_~14                ; out0             ;
; |Q|seg7:inst7|lpm_mux:Mux1|mux_joc:auto_generated|_~22                ; |Q|seg7:inst7|lpm_mux:Mux1|mux_joc:auto_generated|_~22                ; out0             ;
; |Q|seg7:inst7|lpm_mux:Mux1|mux_joc:auto_generated|_~24                ; |Q|seg7:inst7|lpm_mux:Mux1|mux_joc:auto_generated|_~24                ; out0             ;
; |Q|seg7:inst7|lpm_mux:Mux1|mux_joc:auto_generated|_~26                ; |Q|seg7:inst7|lpm_mux:Mux1|mux_joc:auto_generated|_~26                ; out0             ;
; |Q|seg7:inst7|lpm_mux:Mux1|mux_joc:auto_generated|_~31                ; |Q|seg7:inst7|lpm_mux:Mux1|mux_joc:auto_generated|_~31                ; out0             ;
; |Q|seg7:inst7|lpm_mux:Mux1|mux_joc:auto_generated|_~33                ; |Q|seg7:inst7|lpm_mux:Mux1|mux_joc:auto_generated|_~33                ; out0             ;
; |Q|seg7:inst7|lpm_mux:Mux1|mux_joc:auto_generated|_~35                ; |Q|seg7:inst7|lpm_mux:Mux1|mux_joc:auto_generated|_~35                ; out0             ;
; |Q|seg7:inst7|lpm_mux:Mux1|mux_joc:auto_generated|_~41                ; |Q|seg7:inst7|lpm_mux:Mux1|mux_joc:auto_generated|_~41                ; out0             ;
; |Q|seg7:inst7|lpm_mux:Mux1|mux_joc:auto_generated|_~42                ; |Q|seg7:inst7|lpm_mux:Mux1|mux_joc:auto_generated|_~42                ; out0             ;
; |Q|seg7:inst7|lpm_mux:Mux1|mux_joc:auto_generated|_~44                ; |Q|seg7:inst7|lpm_mux:Mux1|mux_joc:auto_generated|_~44                ; out0             ;
; |Q|seg7:inst7|lpm_mux:Mux1|mux_joc:auto_generated|_~46                ; |Q|seg7:inst7|lpm_mux:Mux1|mux_joc:auto_generated|_~46                ; out0             ;
; |Q|seg7:inst7|lpm_mux:Mux1|mux_joc:auto_generated|_~47                ; |Q|seg7:inst7|lpm_mux:Mux1|mux_joc:auto_generated|_~47                ; out0             ;
; |Q|seg7:inst7|lpm_mux:Mux1|mux_joc:auto_generated|_~49                ; |Q|seg7:inst7|lpm_mux:Mux1|mux_joc:auto_generated|_~49                ; out0             ;
; |Q|seg7:inst7|lpm_mux:Mux1|mux_joc:auto_generated|_~51                ; |Q|seg7:inst7|lpm_mux:Mux1|mux_joc:auto_generated|_~51                ; out0             ;
; |Q|seg7:inst7|lpm_mux:Mux1|mux_joc:auto_generated|_~56                ; |Q|seg7:inst7|lpm_mux:Mux1|mux_joc:auto_generated|_~56                ; out0             ;
; |Q|seg7:inst7|lpm_mux:Mux1|mux_joc:auto_generated|_~58                ; |Q|seg7:inst7|lpm_mux:Mux1|mux_joc:auto_generated|_~58                ; out0             ;
; |Q|seg7:inst7|lpm_mux:Mux1|mux_joc:auto_generated|_~60                ; |Q|seg7:inst7|lpm_mux:Mux1|mux_joc:auto_generated|_~60                ; out0             ;
; |Q|seg7:inst7|lpm_mux:Mux1|mux_joc:auto_generated|_~65                ; |Q|seg7:inst7|lpm_mux:Mux1|mux_joc:auto_generated|_~65                ; out0             ;
; |Q|seg7:inst7|lpm_mux:Mux1|mux_joc:auto_generated|_~69                ; |Q|seg7:inst7|lpm_mux:Mux1|mux_joc:auto_generated|_~69                ; out0             ;
; |Q|seg7:inst7|lpm_mux:Mux1|mux_joc:auto_generated|_~70                ; |Q|seg7:inst7|lpm_mux:Mux1|mux_joc:auto_generated|_~70                ; out0             ;
; |Q|seg7:inst7|lpm_mux:Mux1|mux_joc:auto_generated|_~71                ; |Q|seg7:inst7|lpm_mux:Mux1|mux_joc:auto_generated|_~71                ; out0             ;
; |Q|seg7:inst7|lpm_mux:Mux1|mux_joc:auto_generated|_~72                ; |Q|seg7:inst7|lpm_mux:Mux1|mux_joc:auto_generated|_~72                ; out0             ;
; |Q|seg7:inst7|lpm_mux:Mux1|mux_joc:auto_generated|_~74                ; |Q|seg7:inst7|lpm_mux:Mux1|mux_joc:auto_generated|_~74                ; out0             ;
; |Q|seg7:inst7|lpm_mux:Mux1|mux_joc:auto_generated|_~76                ; |Q|seg7:inst7|lpm_mux:Mux1|mux_joc:auto_generated|_~76                ; out0             ;
; |Q|seg7:inst7|lpm_mux:Mux1|mux_joc:auto_generated|_~81                ; |Q|seg7:inst7|lpm_mux:Mux1|mux_joc:auto_generated|_~81                ; out0             ;
; |Q|seg7:inst7|lpm_mux:Mux1|mux_joc:auto_generated|_~83                ; |Q|seg7:inst7|lpm_mux:Mux1|mux_joc:auto_generated|_~83                ; out0             ;
; |Q|seg7:inst7|lpm_mux:Mux1|mux_joc:auto_generated|_~85                ; |Q|seg7:inst7|lpm_mux:Mux1|mux_joc:auto_generated|_~85                ; out0             ;
; |Q|seg7:inst7|lpm_mux:Mux1|mux_joc:auto_generated|_~91                ; |Q|seg7:inst7|lpm_mux:Mux1|mux_joc:auto_generated|_~91                ; out0             ;
; |Q|seg7:inst7|lpm_mux:Mux1|mux_joc:auto_generated|_~92                ; |Q|seg7:inst7|lpm_mux:Mux1|mux_joc:auto_generated|_~92                ; out0             ;
; |Q|seg7:inst7|lpm_mux:Mux1|mux_joc:auto_generated|_~94                ; |Q|seg7:inst7|lpm_mux:Mux1|mux_joc:auto_generated|_~94                ; out0             ;
; |Q|seg7:inst7|lpm_mux:Mux1|mux_joc:auto_generated|_~96                ; |Q|seg7:inst7|lpm_mux:Mux1|mux_joc:auto_generated|_~96                ; out0             ;
; |Q|seg7:inst7|lpm_mux:Mux1|mux_joc:auto_generated|_~97                ; |Q|seg7:inst7|lpm_mux:Mux1|mux_joc:auto_generated|_~97                ; out0             ;
; |Q|seg7:inst7|lpm_mux:Mux1|mux_joc:auto_generated|_~99                ; |Q|seg7:inst7|lpm_mux:Mux1|mux_joc:auto_generated|_~99                ; out0             ;
; |Q|seg7:inst7|lpm_mux:Mux1|mux_joc:auto_generated|_~101               ; |Q|seg7:inst7|lpm_mux:Mux1|mux_joc:auto_generated|_~101               ; out0             ;
; |Q|seg7:inst7|lpm_mux:Mux1|mux_joc:auto_generated|_~106               ; |Q|seg7:inst7|lpm_mux:Mux1|mux_joc:auto_generated|_~106               ; out0             ;
; |Q|seg7:inst7|lpm_mux:Mux1|mux_joc:auto_generated|_~108               ; |Q|seg7:inst7|lpm_mux:Mux1|mux_joc:auto_generated|_~108               ; out0             ;
; |Q|seg7:inst7|lpm_mux:Mux1|mux_joc:auto_generated|_~110               ; |Q|seg7:inst7|lpm_mux:Mux1|mux_joc:auto_generated|_~110               ; out0             ;
; |Q|seg7:inst7|lpm_mux:Mux1|mux_joc:auto_generated|_~115               ; |Q|seg7:inst7|lpm_mux:Mux1|mux_joc:auto_generated|_~115               ; out0             ;
; |Q|seg7:inst7|lpm_mux:Mux1|mux_joc:auto_generated|_~119               ; |Q|seg7:inst7|lpm_mux:Mux1|mux_joc:auto_generated|_~119               ; out0             ;
; |Q|seg7:inst7|lpm_mux:Mux1|mux_joc:auto_generated|_~120               ; |Q|seg7:inst7|lpm_mux:Mux1|mux_joc:auto_generated|_~120               ; out0             ;
; |Q|seg7:inst7|lpm_mux:Mux1|mux_joc:auto_generated|_~121               ; |Q|seg7:inst7|lpm_mux:Mux1|mux_joc:auto_generated|_~121               ; out0             ;
; |Q|seg7:inst7|lpm_mux:Mux1|mux_joc:auto_generated|_~126               ; |Q|seg7:inst7|lpm_mux:Mux1|mux_joc:auto_generated|_~126               ; out0             ;
; |Q|seg7:inst7|lpm_mux:Mux1|mux_joc:auto_generated|_~130               ; |Q|seg7:inst7|lpm_mux:Mux1|mux_joc:auto_generated|_~130               ; out0             ;
; |Q|seg7:inst7|lpm_mux:Mux1|mux_joc:auto_generated|_~135               ; |Q|seg7:inst7|lpm_mux:Mux1|mux_joc:auto_generated|_~135               ; out0             ;
; |Q|seg7:inst7|lpm_mux:Mux1|mux_joc:auto_generated|_~139               ; |Q|seg7:inst7|lpm_mux:Mux1|mux_joc:auto_generated|_~139               ; out0             ;
; |Q|seg7:inst7|lpm_mux:Mux1|mux_joc:auto_generated|result_node[0]~1    ; |Q|seg7:inst7|lpm_mux:Mux1|mux_joc:auto_generated|result_node[0]~1    ; out0             ;
; |Q|seg7:inst7|lpm_mux:Mux0|mux_joc:auto_generated|_~0                 ; |Q|seg7:inst7|lpm_mux:Mux0|mux_joc:auto_generated|_~0                 ; out0             ;
; |Q|seg7:inst7|lpm_mux:Mux0|mux_joc:auto_generated|_~9                 ; |Q|seg7:inst7|lpm_mux:Mux0|mux_joc:auto_generated|_~9                 ; out0             ;
; |Q|seg7:inst7|lpm_mux:Mux0|mux_joc:auto_generated|_~24                ; |Q|seg7:inst7|lpm_mux:Mux0|mux_joc:auto_generated|_~24                ; out0             ;
; |Q|seg7:inst7|lpm_mux:Mux0|mux_joc:auto_generated|_~26                ; |Q|seg7:inst7|lpm_mux:Mux0|mux_joc:auto_generated|_~26                ; out0             ;
; |Q|seg7:inst7|lpm_mux:Mux0|mux_joc:auto_generated|_~33                ; |Q|seg7:inst7|lpm_mux:Mux0|mux_joc:auto_generated|_~33                ; out0             ;
; |Q|seg7:inst7|lpm_mux:Mux0|mux_joc:auto_generated|_~35                ; |Q|seg7:inst7|lpm_mux:Mux0|mux_joc:auto_generated|_~35                ; out0             ;
; |Q|seg7:inst7|lpm_mux:Mux0|mux_joc:auto_generated|_~41                ; |Q|seg7:inst7|lpm_mux:Mux0|mux_joc:auto_generated|_~41                ; out0             ;
; |Q|seg7:inst7|lpm_mux:Mux0|mux_joc:auto_generated|_~47                ; |Q|seg7:inst7|lpm_mux:Mux0|mux_joc:auto_generated|_~47                ; out0             ;
; |Q|seg7:inst7|lpm_mux:Mux0|mux_joc:auto_generated|_~49                ; |Q|seg7:inst7|lpm_mux:Mux0|mux_joc:auto_generated|_~49                ; out0             ;
; |Q|seg7:inst7|lpm_mux:Mux0|mux_joc:auto_generated|_~51                ; |Q|seg7:inst7|lpm_mux:Mux0|mux_joc:auto_generated|_~51                ; out0             ;
; |Q|seg7:inst7|lpm_mux:Mux0|mux_joc:auto_generated|_~56                ; |Q|seg7:inst7|lpm_mux:Mux0|mux_joc:auto_generated|_~56                ; out0             ;
; |Q|seg7:inst7|lpm_mux:Mux0|mux_joc:auto_generated|_~58                ; |Q|seg7:inst7|lpm_mux:Mux0|mux_joc:auto_generated|_~58                ; out0             ;
; |Q|seg7:inst7|lpm_mux:Mux0|mux_joc:auto_generated|_~60                ; |Q|seg7:inst7|lpm_mux:Mux0|mux_joc:auto_generated|_~60                ; out0             ;
; |Q|seg7:inst7|lpm_mux:Mux0|mux_joc:auto_generated|_~65                ; |Q|seg7:inst7|lpm_mux:Mux0|mux_joc:auto_generated|_~65                ; out0             ;
; |Q|seg7:inst7|lpm_mux:Mux0|mux_joc:auto_generated|_~69                ; |Q|seg7:inst7|lpm_mux:Mux0|mux_joc:auto_generated|_~69                ; out0             ;
; |Q|seg7:inst7|lpm_mux:Mux0|mux_joc:auto_generated|_~74                ; |Q|seg7:inst7|lpm_mux:Mux0|mux_joc:auto_generated|_~74                ; out0             ;
; |Q|seg7:inst7|lpm_mux:Mux0|mux_joc:auto_generated|_~76                ; |Q|seg7:inst7|lpm_mux:Mux0|mux_joc:auto_generated|_~76                ; out0             ;
; |Q|seg7:inst7|lpm_mux:Mux0|mux_joc:auto_generated|_~83                ; |Q|seg7:inst7|lpm_mux:Mux0|mux_joc:auto_generated|_~83                ; out0             ;
; |Q|seg7:inst7|lpm_mux:Mux0|mux_joc:auto_generated|_~85                ; |Q|seg7:inst7|lpm_mux:Mux0|mux_joc:auto_generated|_~85                ; out0             ;
; |Q|seg7:inst7|lpm_mux:Mux0|mux_joc:auto_generated|_~91                ; |Q|seg7:inst7|lpm_mux:Mux0|mux_joc:auto_generated|_~91                ; out0             ;
; |Q|seg7:inst7|lpm_mux:Mux0|mux_joc:auto_generated|_~97                ; |Q|seg7:inst7|lpm_mux:Mux0|mux_joc:auto_generated|_~97                ; out0             ;
; |Q|seg7:inst7|lpm_mux:Mux0|mux_joc:auto_generated|_~99                ; |Q|seg7:inst7|lpm_mux:Mux0|mux_joc:auto_generated|_~99                ; out0             ;
; |Q|seg7:inst7|lpm_mux:Mux0|mux_joc:auto_generated|_~101               ; |Q|seg7:inst7|lpm_mux:Mux0|mux_joc:auto_generated|_~101               ; out0             ;
; |Q|seg7:inst7|lpm_mux:Mux0|mux_joc:auto_generated|_~106               ; |Q|seg7:inst7|lpm_mux:Mux0|mux_joc:auto_generated|_~106               ; out0             ;
; |Q|seg7:inst7|lpm_mux:Mux0|mux_joc:auto_generated|_~108               ; |Q|seg7:inst7|lpm_mux:Mux0|mux_joc:auto_generated|_~108               ; out0             ;
; |Q|seg7:inst7|lpm_mux:Mux0|mux_joc:auto_generated|_~110               ; |Q|seg7:inst7|lpm_mux:Mux0|mux_joc:auto_generated|_~110               ; out0             ;
; |Q|seg7:inst7|lpm_mux:Mux0|mux_joc:auto_generated|_~115               ; |Q|seg7:inst7|lpm_mux:Mux0|mux_joc:auto_generated|_~115               ; out0             ;
; |Q|seg7:inst7|lpm_mux:Mux0|mux_joc:auto_generated|_~119               ; |Q|seg7:inst7|lpm_mux:Mux0|mux_joc:auto_generated|_~119               ; out0             ;
; |Q|seg7:inst7|lpm_mux:Mux0|mux_joc:auto_generated|_~123               ; |Q|seg7:inst7|lpm_mux:Mux0|mux_joc:auto_generated|_~123               ; out0             ;
; |Q|seg7:inst7|lpm_mux:Mux0|mux_joc:auto_generated|_~125               ; |Q|seg7:inst7|lpm_mux:Mux0|mux_joc:auto_generated|_~125               ; out0             ;
; |Q|seg7:inst7|lpm_mux:Mux0|mux_joc:auto_generated|_~132               ; |Q|seg7:inst7|lpm_mux:Mux0|mux_joc:auto_generated|_~132               ; out0             ;
; |Q|seg7:inst7|lpm_mux:Mux0|mux_joc:auto_generated|_~134               ; |Q|seg7:inst7|lpm_mux:Mux0|mux_joc:auto_generated|_~134               ; out0             ;
; |Q|seg7:inst7|lpm_mux:Mux0|mux_joc:auto_generated|_~140               ; |Q|seg7:inst7|lpm_mux:Mux0|mux_joc:auto_generated|_~140               ; out0             ;
+-----------------------------------------------------------------------+-----------------------------------------------------------------------+------------------+


The following table displays output ports that do not toggle to 0 during simulation.
+------------------------------------------------------------------------------------------------------------------------------------------------------------------+
; Missing 0-Value Coverage                                                                                                                                         ;
+-----------------------------------------------------------------------+-----------------------------------------------------------------------+------------------+
; Node Name                                                             ; Output Port Name                                                      ; Output Port Type ;
+-----------------------------------------------------------------------+-----------------------------------------------------------------------+------------------+
; |Q|data_in                                                            ; |Q|data_in                                                            ; out              ;
; |Q|FSM_Reset                                                          ; |Q|FSM_Reset                                                          ; out              ;
; |Q|Enable_Decoder                                                     ; |Q|Enable_Decoder                                                     ; out              ;
; |Q|R_first_four[1]                                                    ; |Q|R_first_four[1]                                                    ; pin_out          ;
; |Q|R_first_four[2]                                                    ; |Q|R_first_four[2]                                                    ; pin_out          ;
; |Q|R_first_four[5]                                                    ; |Q|R_first_four[5]                                                    ; pin_out          ;
; |Q|Reset_A                                                            ; |Q|Reset_A                                                            ; out              ;
; |Q|A[7]                                                               ; |Q|A[7]                                                               ; out              ;
; |Q|A[6]                                                               ; |Q|A[6]                                                               ; out              ;
; |Q|A[5]                                                               ; |Q|A[5]                                                               ; out              ;
; |Q|A[4]                                                               ; |Q|A[4]                                                               ; out              ;
; |Q|A[3]                                                               ; |Q|A[3]                                                               ; out              ;
; |Q|A[2]                                                               ; |Q|A[2]                                                               ; out              ;
; |Q|A[1]                                                               ; |Q|A[1]                                                               ; out              ;
; |Q|A[0]                                                               ; |Q|A[0]                                                               ; out              ;
; |Q|register1:inst2|Q[7]                                               ; |Q|register1:inst2|Q[7]                                               ; regout           ;
; |Q|register1:inst2|Q[6]                                               ; |Q|register1:inst2|Q[6]                                               ; regout           ;
; |Q|register1:inst2|Q[5]                                               ; |Q|register1:inst2|Q[5]                                               ; regout           ;
; |Q|register1:inst2|Q[4]                                               ; |Q|register1:inst2|Q[4]                                               ; regout           ;
; |Q|register1:inst2|Q[3]                                               ; |Q|register1:inst2|Q[3]                                               ; regout           ;
; |Q|register1:inst2|Q[2]                                               ; |Q|register1:inst2|Q[2]                                               ; regout           ;
; |Q|register1:inst2|Q[1]                                               ; |Q|register1:inst2|Q[1]                                               ; regout           ;
; |Q|register1:inst2|Q[0]                                               ; |Q|register1:inst2|Q[0]                                               ; regout           ;
; |Q|machine:inst6|yfsm~1                                               ; |Q|machine:inst6|yfsm~1                                               ; out0             ;
; |Q|machine:inst6|yfsm~9                                               ; |Q|machine:inst6|yfsm~9                                               ; out0             ;
; |Q|machine:inst6|Selector1~1                                          ; |Q|machine:inst6|Selector1~1                                          ; out0             ;
; |Q|machine:inst6|Selector2~1                                          ; |Q|machine:inst6|Selector2~1                                          ; out0             ;
; |Q|machine:inst6|Selector3~1                                          ; |Q|machine:inst6|Selector3~1                                          ; out0             ;
; |Q|machine:inst6|Selector4~1                                          ; |Q|machine:inst6|Selector4~1                                          ; out0             ;
; |Q|machine:inst6|Selector5~1                                          ; |Q|machine:inst6|Selector5~1                                          ; out0             ;
; |Q|machine:inst6|Selector6~1                                          ; |Q|machine:inst6|Selector6~1                                          ; out0             ;
; |Q|machine:inst6|Selector7~1                                          ; |Q|machine:inst6|Selector7~1                                          ; out0             ;
; |Q|ALU_unit3:inst|LessThan0~0                                         ; |Q|ALU_unit3:inst|LessThan0~0                                         ; out0             ;
; |Q|ALU_unit3:inst|LessThan0~1                                         ; |Q|ALU_unit3:inst|LessThan0~1                                         ; out0             ;
; |Q|ALU_unit3:inst|LessThan0~2                                         ; |Q|ALU_unit3:inst|LessThan0~2                                         ; out0             ;
; |Q|ALU_unit3:inst|LessThan0~4                                         ; |Q|ALU_unit3:inst|LessThan0~4                                         ; out0             ;
; |Q|ALU_unit3:inst|LessThan0~5                                         ; |Q|ALU_unit3:inst|LessThan0~5                                         ; out0             ;
; |Q|ALU_unit3:inst|LessThan0~6                                         ; |Q|ALU_unit3:inst|LessThan0~6                                         ; out0             ;
; |Q|ALU_unit3:inst|LessThan0~8                                         ; |Q|ALU_unit3:inst|LessThan0~8                                         ; out0             ;
; |Q|ALU_unit3:inst|LessThan0~12                                        ; |Q|ALU_unit3:inst|LessThan0~12                                        ; out0             ;
; |Q|ALU_unit3:inst|LessThan1~1                                         ; |Q|ALU_unit3:inst|LessThan1~1                                         ; out0             ;
; |Q|ALU_unit3:inst|LessThan1~9                                         ; |Q|ALU_unit3:inst|LessThan1~9                                         ; out0             ;
; |Q|dec3to8:inst1|lpm_mux:Mux7|mux_joc:auto_generated|_~0              ; |Q|dec3to8:inst1|lpm_mux:Mux7|mux_joc:auto_generated|_~0              ; out0             ;
; |Q|dec3to8:inst1|lpm_mux:Mux7|mux_joc:auto_generated|_~2              ; |Q|dec3to8:inst1|lpm_mux:Mux7|mux_joc:auto_generated|_~2              ; out0             ;
; |Q|dec3to8:inst1|lpm_mux:Mux7|mux_joc:auto_generated|_~4              ; |Q|dec3to8:inst1|lpm_mux:Mux7|mux_joc:auto_generated|_~4              ; out0             ;
; |Q|dec3to8:inst1|lpm_mux:Mux7|mux_joc:auto_generated|_~9              ; |Q|dec3to8:inst1|lpm_mux:Mux7|mux_joc:auto_generated|_~9              ; out0             ;
; |Q|dec3to8:inst1|lpm_mux:Mux7|mux_joc:auto_generated|_~11             ; |Q|dec3to8:inst1|lpm_mux:Mux7|mux_joc:auto_generated|_~11             ; out0             ;
; |Q|dec3to8:inst1|lpm_mux:Mux7|mux_joc:auto_generated|_~13             ; |Q|dec3to8:inst1|lpm_mux:Mux7|mux_joc:auto_generated|_~13             ; out0             ;
; |Q|dec3to8:inst1|lpm_mux:Mux7|mux_joc:auto_generated|_~19             ; |Q|dec3to8:inst1|lpm_mux:Mux7|mux_joc:auto_generated|_~19             ; out0             ;
; |Q|dec3to8:inst1|lpm_mux:Mux7|mux_joc:auto_generated|_~20             ; |Q|dec3to8:inst1|lpm_mux:Mux7|mux_joc:auto_generated|_~20             ; out0             ;
; |Q|dec3to8:inst1|lpm_mux:Mux7|mux_joc:auto_generated|_~21             ; |Q|dec3to8:inst1|lpm_mux:Mux7|mux_joc:auto_generated|_~21             ; out0             ;
; |Q|dec3to8:inst1|lpm_mux:Mux7|mux_joc:auto_generated|_~22             ; |Q|dec3to8:inst1|lpm_mux:Mux7|mux_joc:auto_generated|_~22             ; out0             ;
; |Q|dec3to8:inst1|lpm_mux:Mux7|mux_joc:auto_generated|_~24             ; |Q|dec3to8:inst1|lpm_mux:Mux7|mux_joc:auto_generated|_~24             ; out0             ;
; |Q|dec3to8:inst1|lpm_mux:Mux7|mux_joc:auto_generated|_~26             ; |Q|dec3to8:inst1|lpm_mux:Mux7|mux_joc:auto_generated|_~26             ; out0             ;
; |Q|dec3to8:inst1|lpm_mux:Mux7|mux_joc:auto_generated|_~31             ; |Q|dec3to8:inst1|lpm_mux:Mux7|mux_joc:auto_generated|_~31             ; out0             ;
; |Q|dec3to8:inst1|lpm_mux:Mux7|mux_joc:auto_generated|_~33             ; |Q|dec3to8:inst1|lpm_mux:Mux7|mux_joc:auto_generated|_~33             ; out0             ;
; |Q|dec3to8:inst1|lpm_mux:Mux7|mux_joc:auto_generated|_~35             ; |Q|dec3to8:inst1|lpm_mux:Mux7|mux_joc:auto_generated|_~35             ; out0             ;
; |Q|dec3to8:inst1|lpm_mux:Mux7|mux_joc:auto_generated|_~41             ; |Q|dec3to8:inst1|lpm_mux:Mux7|mux_joc:auto_generated|_~41             ; out0             ;
; |Q|dec3to8:inst1|lpm_mux:Mux7|mux_joc:auto_generated|_~42             ; |Q|dec3to8:inst1|lpm_mux:Mux7|mux_joc:auto_generated|_~42             ; out0             ;
; |Q|dec3to8:inst1|lpm_mux:Mux7|mux_joc:auto_generated|_~43             ; |Q|dec3to8:inst1|lpm_mux:Mux7|mux_joc:auto_generated|_~43             ; out0             ;
; |Q|dec3to8:inst1|lpm_mux:Mux7|mux_joc:auto_generated|_~44             ; |Q|dec3to8:inst1|lpm_mux:Mux7|mux_joc:auto_generated|_~44             ; out0             ;
; |Q|dec3to8:inst1|lpm_mux:Mux7|mux_joc:auto_generated|_~46             ; |Q|dec3to8:inst1|lpm_mux:Mux7|mux_joc:auto_generated|_~46             ; out0             ;
; |Q|dec3to8:inst1|lpm_mux:Mux7|mux_joc:auto_generated|_~47             ; |Q|dec3to8:inst1|lpm_mux:Mux7|mux_joc:auto_generated|_~47             ; out0             ;
; |Q|dec3to8:inst1|lpm_mux:Mux7|mux_joc:auto_generated|_~56             ; |Q|dec3to8:inst1|lpm_mux:Mux7|mux_joc:auto_generated|_~56             ; out0             ;
; |Q|dec3to8:inst1|lpm_mux:Mux7|mux_joc:auto_generated|result_node[0]~0 ; |Q|dec3to8:inst1|lpm_mux:Mux7|mux_joc:auto_generated|result_node[0]~0 ; out0             ;
; |Q|dec3to8:inst1|lpm_mux:Mux7|mux_joc:auto_generated|_~72             ; |Q|dec3to8:inst1|lpm_mux:Mux7|mux_joc:auto_generated|_~72             ; out0             ;
; |Q|dec3to8:inst1|lpm_mux:Mux7|mux_joc:auto_generated|_~74             ; |Q|dec3to8:inst1|lpm_mux:Mux7|mux_joc:auto_generated|_~74             ; out0             ;
; |Q|dec3to8:inst1|lpm_mux:Mux7|mux_joc:auto_generated|_~76             ; |Q|dec3to8:inst1|lpm_mux:Mux7|mux_joc:auto_generated|_~76             ; out0             ;
; |Q|dec3to8:inst1|lpm_mux:Mux7|mux_joc:auto_generated|_~81             ; |Q|dec3to8:inst1|lpm_mux:Mux7|mux_joc:auto_generated|_~81             ; out0             ;
; |Q|dec3to8:inst1|lpm_mux:Mux7|mux_joc:auto_generated|_~83             ; |Q|dec3to8:inst1|lpm_mux:Mux7|mux_joc:auto_generated|_~83             ; out0             ;
; |Q|dec3to8:inst1|lpm_mux:Mux7|mux_joc:auto_generated|_~85             ; |Q|dec3to8:inst1|lpm_mux:Mux7|mux_joc:auto_generated|_~85             ; out0             ;
; |Q|dec3to8:inst1|lpm_mux:Mux7|mux_joc:auto_generated|_~91             ; |Q|dec3to8:inst1|lpm_mux:Mux7|mux_joc:auto_generated|_~91             ; out0             ;
; |Q|dec3to8:inst1|lpm_mux:Mux7|mux_joc:auto_generated|_~92             ; |Q|dec3to8:inst1|lpm_mux:Mux7|mux_joc:auto_generated|_~92             ; out0             ;
; |Q|dec3to8:inst1|lpm_mux:Mux7|mux_joc:auto_generated|_~93             ; |Q|dec3to8:inst1|lpm_mux:Mux7|mux_joc:auto_generated|_~93             ; out0             ;
; |Q|dec3to8:inst1|lpm_mux:Mux7|mux_joc:auto_generated|_~94             ; |Q|dec3to8:inst1|lpm_mux:Mux7|mux_joc:auto_generated|_~94             ; out0             ;
; |Q|dec3to8:inst1|lpm_mux:Mux7|mux_joc:auto_generated|_~96             ; |Q|dec3to8:inst1|lpm_mux:Mux7|mux_joc:auto_generated|_~96             ; out0             ;
; |Q|dec3to8:inst1|lpm_mux:Mux7|mux_joc:auto_generated|_~97             ; |Q|dec3to8:inst1|lpm_mux:Mux7|mux_joc:auto_generated|_~97             ; out0             ;
; |Q|dec3to8:inst1|lpm_mux:Mux7|mux_joc:auto_generated|_~106            ; |Q|dec3to8:inst1|lpm_mux:Mux7|mux_joc:auto_generated|_~106            ; out0             ;
; |Q|dec3to8:inst1|lpm_mux:Mux7|mux_joc:auto_generated|_~121            ; |Q|dec3to8:inst1|lpm_mux:Mux7|mux_joc:auto_generated|_~121            ; out0             ;
; |Q|dec3to8:inst1|lpm_mux:Mux7|mux_joc:auto_generated|_~123            ; |Q|dec3to8:inst1|lpm_mux:Mux7|mux_joc:auto_generated|_~123            ; out0             ;
; |Q|dec3to8:inst1|lpm_mux:Mux7|mux_joc:auto_generated|_~125            ; |Q|dec3to8:inst1|lpm_mux:Mux7|mux_joc:auto_generated|_~125            ; out0             ;
; |Q|dec3to8:inst1|lpm_mux:Mux7|mux_joc:auto_generated|_~130            ; |Q|dec3to8:inst1|lpm_mux:Mux7|mux_joc:auto_generated|_~130            ; out0             ;
; |Q|dec3to8:inst1|lpm_mux:Mux7|mux_joc:auto_generated|_~132            ; |Q|dec3to8:inst1|lpm_mux:Mux7|mux_joc:auto_generated|_~132            ; out0             ;
; |Q|dec3to8:inst1|lpm_mux:Mux7|mux_joc:auto_generated|_~134            ; |Q|dec3to8:inst1|lpm_mux:Mux7|mux_joc:auto_generated|_~134            ; out0             ;
; |Q|dec3to8:inst1|lpm_mux:Mux7|mux_joc:auto_generated|_~140            ; |Q|dec3to8:inst1|lpm_mux:Mux7|mux_joc:auto_generated|_~140            ; out0             ;
; |Q|dec3to8:inst1|lpm_mux:Mux7|mux_joc:auto_generated|_~141            ; |Q|dec3to8:inst1|lpm_mux:Mux7|mux_joc:auto_generated|_~141            ; out0             ;
; |Q|dec3to8:inst1|lpm_mux:Mux6|mux_joc:auto_generated|_~0              ; |Q|dec3to8:inst1|lpm_mux:Mux6|mux_joc:auto_generated|_~0              ; out0             ;
; |Q|dec3to8:inst1|lpm_mux:Mux6|mux_joc:auto_generated|_~2              ; |Q|dec3to8:inst1|lpm_mux:Mux6|mux_joc:auto_generated|_~2              ; out0             ;
; |Q|dec3to8:inst1|lpm_mux:Mux6|mux_joc:auto_generated|_~4              ; |Q|dec3to8:inst1|lpm_mux:Mux6|mux_joc:auto_generated|_~4              ; out0             ;
; |Q|dec3to8:inst1|lpm_mux:Mux6|mux_joc:auto_generated|_~9              ; |Q|dec3to8:inst1|lpm_mux:Mux6|mux_joc:auto_generated|_~9              ; out0             ;
; |Q|dec3to8:inst1|lpm_mux:Mux6|mux_joc:auto_generated|_~11             ; |Q|dec3to8:inst1|lpm_mux:Mux6|mux_joc:auto_generated|_~11             ; out0             ;
; |Q|dec3to8:inst1|lpm_mux:Mux6|mux_joc:auto_generated|_~13             ; |Q|dec3to8:inst1|lpm_mux:Mux6|mux_joc:auto_generated|_~13             ; out0             ;
; |Q|dec3to8:inst1|lpm_mux:Mux6|mux_joc:auto_generated|_~19             ; |Q|dec3to8:inst1|lpm_mux:Mux6|mux_joc:auto_generated|_~19             ; out0             ;
; |Q|dec3to8:inst1|lpm_mux:Mux6|mux_joc:auto_generated|_~20             ; |Q|dec3to8:inst1|lpm_mux:Mux6|mux_joc:auto_generated|_~20             ; out0             ;
; |Q|dec3to8:inst1|lpm_mux:Mux6|mux_joc:auto_generated|_~21             ; |Q|dec3to8:inst1|lpm_mux:Mux6|mux_joc:auto_generated|_~21             ; out0             ;
; |Q|dec3to8:inst1|lpm_mux:Mux6|mux_joc:auto_generated|_~22             ; |Q|dec3to8:inst1|lpm_mux:Mux6|mux_joc:auto_generated|_~22             ; out0             ;
; |Q|dec3to8:inst1|lpm_mux:Mux6|mux_joc:auto_generated|_~24             ; |Q|dec3to8:inst1|lpm_mux:Mux6|mux_joc:auto_generated|_~24             ; out0             ;
; |Q|dec3to8:inst1|lpm_mux:Mux6|mux_joc:auto_generated|_~26             ; |Q|dec3to8:inst1|lpm_mux:Mux6|mux_joc:auto_generated|_~26             ; out0             ;
; |Q|dec3to8:inst1|lpm_mux:Mux6|mux_joc:auto_generated|_~31             ; |Q|dec3to8:inst1|lpm_mux:Mux6|mux_joc:auto_generated|_~31             ; out0             ;
; |Q|dec3to8:inst1|lpm_mux:Mux6|mux_joc:auto_generated|_~33             ; |Q|dec3to8:inst1|lpm_mux:Mux6|mux_joc:auto_generated|_~33             ; out0             ;
; |Q|dec3to8:inst1|lpm_mux:Mux6|mux_joc:auto_generated|_~35             ; |Q|dec3to8:inst1|lpm_mux:Mux6|mux_joc:auto_generated|_~35             ; out0             ;
; |Q|dec3to8:inst1|lpm_mux:Mux6|mux_joc:auto_generated|_~41             ; |Q|dec3to8:inst1|lpm_mux:Mux6|mux_joc:auto_generated|_~41             ; out0             ;
; |Q|dec3to8:inst1|lpm_mux:Mux6|mux_joc:auto_generated|_~42             ; |Q|dec3to8:inst1|lpm_mux:Mux6|mux_joc:auto_generated|_~42             ; out0             ;
; |Q|dec3to8:inst1|lpm_mux:Mux6|mux_joc:auto_generated|_~43             ; |Q|dec3to8:inst1|lpm_mux:Mux6|mux_joc:auto_generated|_~43             ; out0             ;
; |Q|dec3to8:inst1|lpm_mux:Mux6|mux_joc:auto_generated|_~44             ; |Q|dec3to8:inst1|lpm_mux:Mux6|mux_joc:auto_generated|_~44             ; out0             ;
; |Q|dec3to8:inst1|lpm_mux:Mux6|mux_joc:auto_generated|_~46             ; |Q|dec3to8:inst1|lpm_mux:Mux6|mux_joc:auto_generated|_~46             ; out0             ;
; |Q|dec3to8:inst1|lpm_mux:Mux6|mux_joc:auto_generated|_~49             ; |Q|dec3to8:inst1|lpm_mux:Mux6|mux_joc:auto_generated|_~49             ; out0             ;
; |Q|dec3to8:inst1|lpm_mux:Mux6|mux_joc:auto_generated|_~51             ; |Q|dec3to8:inst1|lpm_mux:Mux6|mux_joc:auto_generated|_~51             ; out0             ;
; |Q|dec3to8:inst1|lpm_mux:Mux6|mux_joc:auto_generated|_~58             ; |Q|dec3to8:inst1|lpm_mux:Mux6|mux_joc:auto_generated|_~58             ; out0             ;
; |Q|dec3to8:inst1|lpm_mux:Mux6|mux_joc:auto_generated|_~60             ; |Q|dec3to8:inst1|lpm_mux:Mux6|mux_joc:auto_generated|_~60             ; out0             ;
; |Q|dec3to8:inst1|lpm_mux:Mux6|mux_joc:auto_generated|_~66             ; |Q|dec3to8:inst1|lpm_mux:Mux6|mux_joc:auto_generated|_~66             ; out0             ;
; |Q|dec3to8:inst1|lpm_mux:Mux6|mux_joc:auto_generated|result_node[0]~0 ; |Q|dec3to8:inst1|lpm_mux:Mux6|mux_joc:auto_generated|result_node[0]~0 ; out0             ;
; |Q|dec3to8:inst1|lpm_mux:Mux6|mux_joc:auto_generated|_~72             ; |Q|dec3to8:inst1|lpm_mux:Mux6|mux_joc:auto_generated|_~72             ; out0             ;
; |Q|dec3to8:inst1|lpm_mux:Mux6|mux_joc:auto_generated|_~74             ; |Q|dec3to8:inst1|lpm_mux:Mux6|mux_joc:auto_generated|_~74             ; out0             ;
; |Q|dec3to8:inst1|lpm_mux:Mux6|mux_joc:auto_generated|_~76             ; |Q|dec3to8:inst1|lpm_mux:Mux6|mux_joc:auto_generated|_~76             ; out0             ;
; |Q|dec3to8:inst1|lpm_mux:Mux6|mux_joc:auto_generated|_~81             ; |Q|dec3to8:inst1|lpm_mux:Mux6|mux_joc:auto_generated|_~81             ; out0             ;
; |Q|dec3to8:inst1|lpm_mux:Mux6|mux_joc:auto_generated|_~83             ; |Q|dec3to8:inst1|lpm_mux:Mux6|mux_joc:auto_generated|_~83             ; out0             ;
; |Q|dec3to8:inst1|lpm_mux:Mux6|mux_joc:auto_generated|_~85             ; |Q|dec3to8:inst1|lpm_mux:Mux6|mux_joc:auto_generated|_~85             ; out0             ;
; |Q|dec3to8:inst1|lpm_mux:Mux6|mux_joc:auto_generated|_~91             ; |Q|dec3to8:inst1|lpm_mux:Mux6|mux_joc:auto_generated|_~91             ; out0             ;
; |Q|dec3to8:inst1|lpm_mux:Mux6|mux_joc:auto_generated|_~92             ; |Q|dec3to8:inst1|lpm_mux:Mux6|mux_joc:auto_generated|_~92             ; out0             ;
; |Q|dec3to8:inst1|lpm_mux:Mux6|mux_joc:auto_generated|_~93             ; |Q|dec3to8:inst1|lpm_mux:Mux6|mux_joc:auto_generated|_~93             ; out0             ;
; |Q|dec3to8:inst1|lpm_mux:Mux6|mux_joc:auto_generated|_~94             ; |Q|dec3to8:inst1|lpm_mux:Mux6|mux_joc:auto_generated|_~94             ; out0             ;
; |Q|dec3to8:inst1|lpm_mux:Mux6|mux_joc:auto_generated|_~96             ; |Q|dec3to8:inst1|lpm_mux:Mux6|mux_joc:auto_generated|_~96             ; out0             ;
; |Q|dec3to8:inst1|lpm_mux:Mux6|mux_joc:auto_generated|_~99             ; |Q|dec3to8:inst1|lpm_mux:Mux6|mux_joc:auto_generated|_~99             ; out0             ;
; |Q|dec3to8:inst1|lpm_mux:Mux6|mux_joc:auto_generated|_~101            ; |Q|dec3to8:inst1|lpm_mux:Mux6|mux_joc:auto_generated|_~101            ; out0             ;
; |Q|dec3to8:inst1|lpm_mux:Mux6|mux_joc:auto_generated|_~108            ; |Q|dec3to8:inst1|lpm_mux:Mux6|mux_joc:auto_generated|_~108            ; out0             ;
; |Q|dec3to8:inst1|lpm_mux:Mux6|mux_joc:auto_generated|_~110            ; |Q|dec3to8:inst1|lpm_mux:Mux6|mux_joc:auto_generated|_~110            ; out0             ;
; |Q|dec3to8:inst1|lpm_mux:Mux6|mux_joc:auto_generated|_~116            ; |Q|dec3to8:inst1|lpm_mux:Mux6|mux_joc:auto_generated|_~116            ; out0             ;
; |Q|dec3to8:inst1|lpm_mux:Mux6|mux_joc:auto_generated|_~121            ; |Q|dec3to8:inst1|lpm_mux:Mux6|mux_joc:auto_generated|_~121            ; out0             ;
; |Q|dec3to8:inst1|lpm_mux:Mux6|mux_joc:auto_generated|_~123            ; |Q|dec3to8:inst1|lpm_mux:Mux6|mux_joc:auto_generated|_~123            ; out0             ;
; |Q|dec3to8:inst1|lpm_mux:Mux6|mux_joc:auto_generated|_~125            ; |Q|dec3to8:inst1|lpm_mux:Mux6|mux_joc:auto_generated|_~125            ; out0             ;
; |Q|dec3to8:inst1|lpm_mux:Mux6|mux_joc:auto_generated|_~130            ; |Q|dec3to8:inst1|lpm_mux:Mux6|mux_joc:auto_generated|_~130            ; out0             ;
; |Q|dec3to8:inst1|lpm_mux:Mux6|mux_joc:auto_generated|_~132            ; |Q|dec3to8:inst1|lpm_mux:Mux6|mux_joc:auto_generated|_~132            ; out0             ;
; |Q|dec3to8:inst1|lpm_mux:Mux6|mux_joc:auto_generated|_~134            ; |Q|dec3to8:inst1|lpm_mux:Mux6|mux_joc:auto_generated|_~134            ; out0             ;
; |Q|dec3to8:inst1|lpm_mux:Mux6|mux_joc:auto_generated|_~140            ; |Q|dec3to8:inst1|lpm_mux:Mux6|mux_joc:auto_generated|_~140            ; out0             ;
; |Q|dec3to8:inst1|lpm_mux:Mux6|mux_joc:auto_generated|_~141            ; |Q|dec3to8:inst1|lpm_mux:Mux6|mux_joc:auto_generated|_~141            ; out0             ;
; |Q|dec3to8:inst1|lpm_mux:Mux5|mux_joc:auto_generated|_~0              ; |Q|dec3to8:inst1|lpm_mux:Mux5|mux_joc:auto_generated|_~0              ; out0             ;
; |Q|dec3to8:inst1|lpm_mux:Mux5|mux_joc:auto_generated|_~2              ; |Q|dec3to8:inst1|lpm_mux:Mux5|mux_joc:auto_generated|_~2              ; out0             ;
; |Q|dec3to8:inst1|lpm_mux:Mux5|mux_joc:auto_generated|_~4              ; |Q|dec3to8:inst1|lpm_mux:Mux5|mux_joc:auto_generated|_~4              ; out0             ;
; |Q|dec3to8:inst1|lpm_mux:Mux5|mux_joc:auto_generated|_~9              ; |Q|dec3to8:inst1|lpm_mux:Mux5|mux_joc:auto_generated|_~9              ; out0             ;
; |Q|dec3to8:inst1|lpm_mux:Mux5|mux_joc:auto_generated|_~11             ; |Q|dec3to8:inst1|lpm_mux:Mux5|mux_joc:auto_generated|_~11             ; out0             ;
; |Q|dec3to8:inst1|lpm_mux:Mux5|mux_joc:auto_generated|_~13             ; |Q|dec3to8:inst1|lpm_mux:Mux5|mux_joc:auto_generated|_~13             ; out0             ;
; |Q|dec3to8:inst1|lpm_mux:Mux5|mux_joc:auto_generated|_~19             ; |Q|dec3to8:inst1|lpm_mux:Mux5|mux_joc:auto_generated|_~19             ; out0             ;
; |Q|dec3to8:inst1|lpm_mux:Mux5|mux_joc:auto_generated|_~20             ; |Q|dec3to8:inst1|lpm_mux:Mux5|mux_joc:auto_generated|_~20             ; out0             ;
; |Q|dec3to8:inst1|lpm_mux:Mux5|mux_joc:auto_generated|_~21             ; |Q|dec3to8:inst1|lpm_mux:Mux5|mux_joc:auto_generated|_~21             ; out0             ;
; |Q|dec3to8:inst1|lpm_mux:Mux5|mux_joc:auto_generated|_~22             ; |Q|dec3to8:inst1|lpm_mux:Mux5|mux_joc:auto_generated|_~22             ; out0             ;
; |Q|dec3to8:inst1|lpm_mux:Mux5|mux_joc:auto_generated|_~24             ; |Q|dec3to8:inst1|lpm_mux:Mux5|mux_joc:auto_generated|_~24             ; out0             ;
; |Q|dec3to8:inst1|lpm_mux:Mux5|mux_joc:auto_generated|_~26             ; |Q|dec3to8:inst1|lpm_mux:Mux5|mux_joc:auto_generated|_~26             ; out0             ;
; |Q|dec3to8:inst1|lpm_mux:Mux5|mux_joc:auto_generated|_~31             ; |Q|dec3to8:inst1|lpm_mux:Mux5|mux_joc:auto_generated|_~31             ; out0             ;
; |Q|dec3to8:inst1|lpm_mux:Mux5|mux_joc:auto_generated|_~33             ; |Q|dec3to8:inst1|lpm_mux:Mux5|mux_joc:auto_generated|_~33             ; out0             ;
; |Q|dec3to8:inst1|lpm_mux:Mux5|mux_joc:auto_generated|_~35             ; |Q|dec3to8:inst1|lpm_mux:Mux5|mux_joc:auto_generated|_~35             ; out0             ;
; |Q|dec3to8:inst1|lpm_mux:Mux5|mux_joc:auto_generated|_~41             ; |Q|dec3to8:inst1|lpm_mux:Mux5|mux_joc:auto_generated|_~41             ; out0             ;
; |Q|dec3to8:inst1|lpm_mux:Mux5|mux_joc:auto_generated|_~42             ; |Q|dec3to8:inst1|lpm_mux:Mux5|mux_joc:auto_generated|_~42             ; out0             ;
; |Q|dec3to8:inst1|lpm_mux:Mux5|mux_joc:auto_generated|_~43             ; |Q|dec3to8:inst1|lpm_mux:Mux5|mux_joc:auto_generated|_~43             ; out0             ;
; |Q|dec3to8:inst1|lpm_mux:Mux5|mux_joc:auto_generated|_~44             ; |Q|dec3to8:inst1|lpm_mux:Mux5|mux_joc:auto_generated|_~44             ; out0             ;
; |Q|dec3to8:inst1|lpm_mux:Mux5|mux_joc:auto_generated|_~46             ; |Q|dec3to8:inst1|lpm_mux:Mux5|mux_joc:auto_generated|_~46             ; out0             ;
; |Q|dec3to8:inst1|lpm_mux:Mux5|mux_joc:auto_generated|_~47             ; |Q|dec3to8:inst1|lpm_mux:Mux5|mux_joc:auto_generated|_~47             ; out0             ;
; |Q|dec3to8:inst1|lpm_mux:Mux5|mux_joc:auto_generated|_~49             ; |Q|dec3to8:inst1|lpm_mux:Mux5|mux_joc:auto_generated|_~49             ; out0             ;
; |Q|dec3to8:inst1|lpm_mux:Mux5|mux_joc:auto_generated|_~51             ; |Q|dec3to8:inst1|lpm_mux:Mux5|mux_joc:auto_generated|_~51             ; out0             ;
; |Q|dec3to8:inst1|lpm_mux:Mux5|mux_joc:auto_generated|_~52             ; |Q|dec3to8:inst1|lpm_mux:Mux5|mux_joc:auto_generated|_~52             ; out0             ;
; |Q|dec3to8:inst1|lpm_mux:Mux5|mux_joc:auto_generated|_~56             ; |Q|dec3to8:inst1|lpm_mux:Mux5|mux_joc:auto_generated|_~56             ; out0             ;
; |Q|dec3to8:inst1|lpm_mux:Mux5|mux_joc:auto_generated|_~58             ; |Q|dec3to8:inst1|lpm_mux:Mux5|mux_joc:auto_generated|_~58             ; out0             ;
; |Q|dec3to8:inst1|lpm_mux:Mux5|mux_joc:auto_generated|_~60             ; |Q|dec3to8:inst1|lpm_mux:Mux5|mux_joc:auto_generated|_~60             ; out0             ;
; |Q|dec3to8:inst1|lpm_mux:Mux5|mux_joc:auto_generated|_~61             ; |Q|dec3to8:inst1|lpm_mux:Mux5|mux_joc:auto_generated|_~61             ; out0             ;
; |Q|dec3to8:inst1|lpm_mux:Mux5|mux_joc:auto_generated|result_node[0]~0 ; |Q|dec3to8:inst1|lpm_mux:Mux5|mux_joc:auto_generated|result_node[0]~0 ; out0             ;
; |Q|dec3to8:inst1|lpm_mux:Mux5|mux_joc:auto_generated|_~72             ; |Q|dec3to8:inst1|lpm_mux:Mux5|mux_joc:auto_generated|_~72             ; out0             ;
; |Q|dec3to8:inst1|lpm_mux:Mux5|mux_joc:auto_generated|_~74             ; |Q|dec3to8:inst1|lpm_mux:Mux5|mux_joc:auto_generated|_~74             ; out0             ;
; |Q|dec3to8:inst1|lpm_mux:Mux5|mux_joc:auto_generated|_~76             ; |Q|dec3to8:inst1|lpm_mux:Mux5|mux_joc:auto_generated|_~76             ; out0             ;
; |Q|dec3to8:inst1|lpm_mux:Mux5|mux_joc:auto_generated|_~81             ; |Q|dec3to8:inst1|lpm_mux:Mux5|mux_joc:auto_generated|_~81             ; out0             ;
; |Q|dec3to8:inst1|lpm_mux:Mux5|mux_joc:auto_generated|_~83             ; |Q|dec3to8:inst1|lpm_mux:Mux5|mux_joc:auto_generated|_~83             ; out0             ;
; |Q|dec3to8:inst1|lpm_mux:Mux5|mux_joc:auto_generated|_~85             ; |Q|dec3to8:inst1|lpm_mux:Mux5|mux_joc:auto_generated|_~85             ; out0             ;
; |Q|dec3to8:inst1|lpm_mux:Mux5|mux_joc:auto_generated|_~91             ; |Q|dec3to8:inst1|lpm_mux:Mux5|mux_joc:auto_generated|_~91             ; out0             ;
; |Q|dec3to8:inst1|lpm_mux:Mux5|mux_joc:auto_generated|_~92             ; |Q|dec3to8:inst1|lpm_mux:Mux5|mux_joc:auto_generated|_~92             ; out0             ;
; |Q|dec3to8:inst1|lpm_mux:Mux5|mux_joc:auto_generated|_~93             ; |Q|dec3to8:inst1|lpm_mux:Mux5|mux_joc:auto_generated|_~93             ; out0             ;
; |Q|dec3to8:inst1|lpm_mux:Mux5|mux_joc:auto_generated|_~94             ; |Q|dec3to8:inst1|lpm_mux:Mux5|mux_joc:auto_generated|_~94             ; out0             ;
; |Q|dec3to8:inst1|lpm_mux:Mux5|mux_joc:auto_generated|_~96             ; |Q|dec3to8:inst1|lpm_mux:Mux5|mux_joc:auto_generated|_~96             ; out0             ;
; |Q|dec3to8:inst1|lpm_mux:Mux5|mux_joc:auto_generated|_~97             ; |Q|dec3to8:inst1|lpm_mux:Mux5|mux_joc:auto_generated|_~97             ; out0             ;
; |Q|dec3to8:inst1|lpm_mux:Mux5|mux_joc:auto_generated|_~99             ; |Q|dec3to8:inst1|lpm_mux:Mux5|mux_joc:auto_generated|_~99             ; out0             ;
; |Q|dec3to8:inst1|lpm_mux:Mux5|mux_joc:auto_generated|_~101            ; |Q|dec3to8:inst1|lpm_mux:Mux5|mux_joc:auto_generated|_~101            ; out0             ;
; |Q|dec3to8:inst1|lpm_mux:Mux5|mux_joc:auto_generated|_~102            ; |Q|dec3to8:inst1|lpm_mux:Mux5|mux_joc:auto_generated|_~102            ; out0             ;
; |Q|dec3to8:inst1|lpm_mux:Mux5|mux_joc:auto_generated|_~106            ; |Q|dec3to8:inst1|lpm_mux:Mux5|mux_joc:auto_generated|_~106            ; out0             ;
; |Q|dec3to8:inst1|lpm_mux:Mux5|mux_joc:auto_generated|_~108            ; |Q|dec3to8:inst1|lpm_mux:Mux5|mux_joc:auto_generated|_~108            ; out0             ;
; |Q|dec3to8:inst1|lpm_mux:Mux5|mux_joc:auto_generated|_~110            ; |Q|dec3to8:inst1|lpm_mux:Mux5|mux_joc:auto_generated|_~110            ; out0             ;
; |Q|dec3to8:inst1|lpm_mux:Mux5|mux_joc:auto_generated|_~111            ; |Q|dec3to8:inst1|lpm_mux:Mux5|mux_joc:auto_generated|_~111            ; out0             ;
; |Q|dec3to8:inst1|lpm_mux:Mux5|mux_joc:auto_generated|_~121            ; |Q|dec3to8:inst1|lpm_mux:Mux5|mux_joc:auto_generated|_~121            ; out0             ;
; |Q|dec3to8:inst1|lpm_mux:Mux5|mux_joc:auto_generated|_~123            ; |Q|dec3to8:inst1|lpm_mux:Mux5|mux_joc:auto_generated|_~123            ; out0             ;
; |Q|dec3to8:inst1|lpm_mux:Mux5|mux_joc:auto_generated|_~125            ; |Q|dec3to8:inst1|lpm_mux:Mux5|mux_joc:auto_generated|_~125            ; out0             ;
; |Q|dec3to8:inst1|lpm_mux:Mux5|mux_joc:auto_generated|_~130            ; |Q|dec3to8:inst1|lpm_mux:Mux5|mux_joc:auto_generated|_~130            ; out0             ;
; |Q|dec3to8:inst1|lpm_mux:Mux5|mux_joc:auto_generated|_~132            ; |Q|dec3to8:inst1|lpm_mux:Mux5|mux_joc:auto_generated|_~132            ; out0             ;
; |Q|dec3to8:inst1|lpm_mux:Mux5|mux_joc:auto_generated|_~134            ; |Q|dec3to8:inst1|lpm_mux:Mux5|mux_joc:auto_generated|_~134            ; out0             ;
; |Q|dec3to8:inst1|lpm_mux:Mux5|mux_joc:auto_generated|_~140            ; |Q|dec3to8:inst1|lpm_mux:Mux5|mux_joc:auto_generated|_~140            ; out0             ;
; |Q|dec3to8:inst1|lpm_mux:Mux5|mux_joc:auto_generated|_~141            ; |Q|dec3to8:inst1|lpm_mux:Mux5|mux_joc:auto_generated|_~141            ; out0             ;
; |Q|dec3to8:inst1|lpm_mux:Mux4|mux_joc:auto_generated|_~0              ; |Q|dec3to8:inst1|lpm_mux:Mux4|mux_joc:auto_generated|_~0              ; out0             ;
; |Q|dec3to8:inst1|lpm_mux:Mux4|mux_joc:auto_generated|_~2              ; |Q|dec3to8:inst1|lpm_mux:Mux4|mux_joc:auto_generated|_~2              ; out0             ;
; |Q|dec3to8:inst1|lpm_mux:Mux4|mux_joc:auto_generated|_~4              ; |Q|dec3to8:inst1|lpm_mux:Mux4|mux_joc:auto_generated|_~4              ; out0             ;
; |Q|dec3to8:inst1|lpm_mux:Mux4|mux_joc:auto_generated|_~9              ; |Q|dec3to8:inst1|lpm_mux:Mux4|mux_joc:auto_generated|_~9              ; out0             ;
; |Q|dec3to8:inst1|lpm_mux:Mux4|mux_joc:auto_generated|_~11             ; |Q|dec3to8:inst1|lpm_mux:Mux4|mux_joc:auto_generated|_~11             ; out0             ;
; |Q|dec3to8:inst1|lpm_mux:Mux4|mux_joc:auto_generated|_~13             ; |Q|dec3to8:inst1|lpm_mux:Mux4|mux_joc:auto_generated|_~13             ; out0             ;
; |Q|dec3to8:inst1|lpm_mux:Mux4|mux_joc:auto_generated|_~19             ; |Q|dec3to8:inst1|lpm_mux:Mux4|mux_joc:auto_generated|_~19             ; out0             ;
; |Q|dec3to8:inst1|lpm_mux:Mux4|mux_joc:auto_generated|_~20             ; |Q|dec3to8:inst1|lpm_mux:Mux4|mux_joc:auto_generated|_~20             ; out0             ;
; |Q|dec3to8:inst1|lpm_mux:Mux4|mux_joc:auto_generated|_~21             ; |Q|dec3to8:inst1|lpm_mux:Mux4|mux_joc:auto_generated|_~21             ; out0             ;
; |Q|dec3to8:inst1|lpm_mux:Mux4|mux_joc:auto_generated|_~22             ; |Q|dec3to8:inst1|lpm_mux:Mux4|mux_joc:auto_generated|_~22             ; out0             ;
; |Q|dec3to8:inst1|lpm_mux:Mux4|mux_joc:auto_generated|_~24             ; |Q|dec3to8:inst1|lpm_mux:Mux4|mux_joc:auto_generated|_~24             ; out0             ;
; |Q|dec3to8:inst1|lpm_mux:Mux4|mux_joc:auto_generated|_~26             ; |Q|dec3to8:inst1|lpm_mux:Mux4|mux_joc:auto_generated|_~26             ; out0             ;
; |Q|dec3to8:inst1|lpm_mux:Mux4|mux_joc:auto_generated|_~31             ; |Q|dec3to8:inst1|lpm_mux:Mux4|mux_joc:auto_generated|_~31             ; out0             ;
; |Q|dec3to8:inst1|lpm_mux:Mux4|mux_joc:auto_generated|_~33             ; |Q|dec3to8:inst1|lpm_mux:Mux4|mux_joc:auto_generated|_~33             ; out0             ;
; |Q|dec3to8:inst1|lpm_mux:Mux4|mux_joc:auto_generated|_~35             ; |Q|dec3to8:inst1|lpm_mux:Mux4|mux_joc:auto_generated|_~35             ; out0             ;
; |Q|dec3to8:inst1|lpm_mux:Mux4|mux_joc:auto_generated|_~41             ; |Q|dec3to8:inst1|lpm_mux:Mux4|mux_joc:auto_generated|_~41             ; out0             ;
; |Q|dec3to8:inst1|lpm_mux:Mux4|mux_joc:auto_generated|_~42             ; |Q|dec3to8:inst1|lpm_mux:Mux4|mux_joc:auto_generated|_~42             ; out0             ;
; |Q|dec3to8:inst1|lpm_mux:Mux4|mux_joc:auto_generated|_~43             ; |Q|dec3to8:inst1|lpm_mux:Mux4|mux_joc:auto_generated|_~43             ; out0             ;
; |Q|dec3to8:inst1|lpm_mux:Mux4|mux_joc:auto_generated|_~44             ; |Q|dec3to8:inst1|lpm_mux:Mux4|mux_joc:auto_generated|_~44             ; out0             ;
; |Q|dec3to8:inst1|lpm_mux:Mux4|mux_joc:auto_generated|_~46             ; |Q|dec3to8:inst1|lpm_mux:Mux4|mux_joc:auto_generated|_~46             ; out0             ;
; |Q|dec3to8:inst1|lpm_mux:Mux4|mux_joc:auto_generated|_~47             ; |Q|dec3to8:inst1|lpm_mux:Mux4|mux_joc:auto_generated|_~47             ; out0             ;
; |Q|dec3to8:inst1|lpm_mux:Mux4|mux_joc:auto_generated|_~49             ; |Q|dec3to8:inst1|lpm_mux:Mux4|mux_joc:auto_generated|_~49             ; out0             ;
; |Q|dec3to8:inst1|lpm_mux:Mux4|mux_joc:auto_generated|_~51             ; |Q|dec3to8:inst1|lpm_mux:Mux4|mux_joc:auto_generated|_~51             ; out0             ;
; |Q|dec3to8:inst1|lpm_mux:Mux4|mux_joc:auto_generated|_~56             ; |Q|dec3to8:inst1|lpm_mux:Mux4|mux_joc:auto_generated|_~56             ; out0             ;
; |Q|dec3to8:inst1|lpm_mux:Mux4|mux_joc:auto_generated|_~58             ; |Q|dec3to8:inst1|lpm_mux:Mux4|mux_joc:auto_generated|_~58             ; out0             ;
; |Q|dec3to8:inst1|lpm_mux:Mux4|mux_joc:auto_generated|_~60             ; |Q|dec3to8:inst1|lpm_mux:Mux4|mux_joc:auto_generated|_~60             ; out0             ;
; |Q|dec3to8:inst1|lpm_mux:Mux4|mux_joc:auto_generated|_~65             ; |Q|dec3to8:inst1|lpm_mux:Mux4|mux_joc:auto_generated|_~65             ; out0             ;
; |Q|dec3to8:inst1|lpm_mux:Mux4|mux_joc:auto_generated|result_node[0]~0 ; |Q|dec3to8:inst1|lpm_mux:Mux4|mux_joc:auto_generated|result_node[0]~0 ; out0             ;
; |Q|dec3to8:inst1|lpm_mux:Mux4|mux_joc:auto_generated|_~72             ; |Q|dec3to8:inst1|lpm_mux:Mux4|mux_joc:auto_generated|_~72             ; out0             ;
; |Q|dec3to8:inst1|lpm_mux:Mux4|mux_joc:auto_generated|_~74             ; |Q|dec3to8:inst1|lpm_mux:Mux4|mux_joc:auto_generated|_~74             ; out0             ;
; |Q|dec3to8:inst1|lpm_mux:Mux4|mux_joc:auto_generated|_~76             ; |Q|dec3to8:inst1|lpm_mux:Mux4|mux_joc:auto_generated|_~76             ; out0             ;
; |Q|dec3to8:inst1|lpm_mux:Mux4|mux_joc:auto_generated|_~81             ; |Q|dec3to8:inst1|lpm_mux:Mux4|mux_joc:auto_generated|_~81             ; out0             ;
; |Q|dec3to8:inst1|lpm_mux:Mux4|mux_joc:auto_generated|_~83             ; |Q|dec3to8:inst1|lpm_mux:Mux4|mux_joc:auto_generated|_~83             ; out0             ;
; |Q|dec3to8:inst1|lpm_mux:Mux4|mux_joc:auto_generated|_~85             ; |Q|dec3to8:inst1|lpm_mux:Mux4|mux_joc:auto_generated|_~85             ; out0             ;
; |Q|dec3to8:inst1|lpm_mux:Mux4|mux_joc:auto_generated|_~91             ; |Q|dec3to8:inst1|lpm_mux:Mux4|mux_joc:auto_generated|_~91             ; out0             ;
; |Q|dec3to8:inst1|lpm_mux:Mux4|mux_joc:auto_generated|_~92             ; |Q|dec3to8:inst1|lpm_mux:Mux4|mux_joc:auto_generated|_~92             ; out0             ;
; |Q|dec3to8:inst1|lpm_mux:Mux4|mux_joc:auto_generated|_~93             ; |Q|dec3to8:inst1|lpm_mux:Mux4|mux_joc:auto_generated|_~93             ; out0             ;
; |Q|dec3to8:inst1|lpm_mux:Mux4|mux_joc:auto_generated|_~94             ; |Q|dec3to8:inst1|lpm_mux:Mux4|mux_joc:auto_generated|_~94             ; out0             ;
; |Q|dec3to8:inst1|lpm_mux:Mux4|mux_joc:auto_generated|_~96             ; |Q|dec3to8:inst1|lpm_mux:Mux4|mux_joc:auto_generated|_~96             ; out0             ;
; |Q|dec3to8:inst1|lpm_mux:Mux4|mux_joc:auto_generated|_~97             ; |Q|dec3to8:inst1|lpm_mux:Mux4|mux_joc:auto_generated|_~97             ; out0             ;
; |Q|dec3to8:inst1|lpm_mux:Mux4|mux_joc:auto_generated|_~99             ; |Q|dec3to8:inst1|lpm_mux:Mux4|mux_joc:auto_generated|_~99             ; out0             ;
; |Q|dec3to8:inst1|lpm_mux:Mux4|mux_joc:auto_generated|_~101            ; |Q|dec3to8:inst1|lpm_mux:Mux4|mux_joc:auto_generated|_~101            ; out0             ;
; |Q|dec3to8:inst1|lpm_mux:Mux4|mux_joc:auto_generated|_~106            ; |Q|dec3to8:inst1|lpm_mux:Mux4|mux_joc:auto_generated|_~106            ; out0             ;
; |Q|dec3to8:inst1|lpm_mux:Mux4|mux_joc:auto_generated|_~108            ; |Q|dec3to8:inst1|lpm_mux:Mux4|mux_joc:auto_generated|_~108            ; out0             ;
; |Q|dec3to8:inst1|lpm_mux:Mux4|mux_joc:auto_generated|_~110            ; |Q|dec3to8:inst1|lpm_mux:Mux4|mux_joc:auto_generated|_~110            ; out0             ;
; |Q|dec3to8:inst1|lpm_mux:Mux4|mux_joc:auto_generated|_~115            ; |Q|dec3to8:inst1|lpm_mux:Mux4|mux_joc:auto_generated|_~115            ; out0             ;
; |Q|dec3to8:inst1|lpm_mux:Mux4|mux_joc:auto_generated|_~121            ; |Q|dec3to8:inst1|lpm_mux:Mux4|mux_joc:auto_generated|_~121            ; out0             ;
; |Q|dec3to8:inst1|lpm_mux:Mux4|mux_joc:auto_generated|_~123            ; |Q|dec3to8:inst1|lpm_mux:Mux4|mux_joc:auto_generated|_~123            ; out0             ;
; |Q|dec3to8:inst1|lpm_mux:Mux4|mux_joc:auto_generated|_~125            ; |Q|dec3to8:inst1|lpm_mux:Mux4|mux_joc:auto_generated|_~125            ; out0             ;
; |Q|dec3to8:inst1|lpm_mux:Mux4|mux_joc:auto_generated|_~130            ; |Q|dec3to8:inst1|lpm_mux:Mux4|mux_joc:auto_generated|_~130            ; out0             ;
; |Q|dec3to8:inst1|lpm_mux:Mux4|mux_joc:auto_generated|_~132            ; |Q|dec3to8:inst1|lpm_mux:Mux4|mux_joc:auto_generated|_~132            ; out0             ;
; |Q|dec3to8:inst1|lpm_mux:Mux4|mux_joc:auto_generated|_~134            ; |Q|dec3to8:inst1|lpm_mux:Mux4|mux_joc:auto_generated|_~134            ; out0             ;
; |Q|dec3to8:inst1|lpm_mux:Mux4|mux_joc:auto_generated|_~140            ; |Q|dec3to8:inst1|lpm_mux:Mux4|mux_joc:auto_generated|_~140            ; out0             ;
; |Q|dec3to8:inst1|lpm_mux:Mux4|mux_joc:auto_generated|_~141            ; |Q|dec3to8:inst1|lpm_mux:Mux4|mux_joc:auto_generated|_~141            ; out0             ;
; |Q|dec3to8:inst1|lpm_mux:Mux3|mux_joc:auto_generated|_~0              ; |Q|dec3to8:inst1|lpm_mux:Mux3|mux_joc:auto_generated|_~0              ; out0             ;
; |Q|dec3to8:inst1|lpm_mux:Mux3|mux_joc:auto_generated|_~2              ; |Q|dec3to8:inst1|lpm_mux:Mux3|mux_joc:auto_generated|_~2              ; out0             ;
; |Q|dec3to8:inst1|lpm_mux:Mux3|mux_joc:auto_generated|_~4              ; |Q|dec3to8:inst1|lpm_mux:Mux3|mux_joc:auto_generated|_~4              ; out0             ;
; |Q|dec3to8:inst1|lpm_mux:Mux3|mux_joc:auto_generated|_~9              ; |Q|dec3to8:inst1|lpm_mux:Mux3|mux_joc:auto_generated|_~9              ; out0             ;
; |Q|dec3to8:inst1|lpm_mux:Mux3|mux_joc:auto_generated|_~11             ; |Q|dec3to8:inst1|lpm_mux:Mux3|mux_joc:auto_generated|_~11             ; out0             ;
; |Q|dec3to8:inst1|lpm_mux:Mux3|mux_joc:auto_generated|_~13             ; |Q|dec3to8:inst1|lpm_mux:Mux3|mux_joc:auto_generated|_~13             ; out0             ;
; |Q|dec3to8:inst1|lpm_mux:Mux3|mux_joc:auto_generated|_~19             ; |Q|dec3to8:inst1|lpm_mux:Mux3|mux_joc:auto_generated|_~19             ; out0             ;
; |Q|dec3to8:inst1|lpm_mux:Mux3|mux_joc:auto_generated|_~20             ; |Q|dec3to8:inst1|lpm_mux:Mux3|mux_joc:auto_generated|_~20             ; out0             ;
; |Q|dec3to8:inst1|lpm_mux:Mux3|mux_joc:auto_generated|_~21             ; |Q|dec3to8:inst1|lpm_mux:Mux3|mux_joc:auto_generated|_~21             ; out0             ;
; |Q|dec3to8:inst1|lpm_mux:Mux3|mux_joc:auto_generated|_~22             ; |Q|dec3to8:inst1|lpm_mux:Mux3|mux_joc:auto_generated|_~22             ; out0             ;
; |Q|dec3to8:inst1|lpm_mux:Mux3|mux_joc:auto_generated|_~24             ; |Q|dec3to8:inst1|lpm_mux:Mux3|mux_joc:auto_generated|_~24             ; out0             ;
; |Q|dec3to8:inst1|lpm_mux:Mux3|mux_joc:auto_generated|_~26             ; |Q|dec3to8:inst1|lpm_mux:Mux3|mux_joc:auto_generated|_~26             ; out0             ;
; |Q|dec3to8:inst1|lpm_mux:Mux3|mux_joc:auto_generated|_~31             ; |Q|dec3to8:inst1|lpm_mux:Mux3|mux_joc:auto_generated|_~31             ; out0             ;
; |Q|dec3to8:inst1|lpm_mux:Mux3|mux_joc:auto_generated|_~33             ; |Q|dec3to8:inst1|lpm_mux:Mux3|mux_joc:auto_generated|_~33             ; out0             ;
; |Q|dec3to8:inst1|lpm_mux:Mux3|mux_joc:auto_generated|_~35             ; |Q|dec3to8:inst1|lpm_mux:Mux3|mux_joc:auto_generated|_~35             ; out0             ;
; |Q|dec3to8:inst1|lpm_mux:Mux3|mux_joc:auto_generated|_~41             ; |Q|dec3to8:inst1|lpm_mux:Mux3|mux_joc:auto_generated|_~41             ; out0             ;
; |Q|dec3to8:inst1|lpm_mux:Mux3|mux_joc:auto_generated|_~42             ; |Q|dec3to8:inst1|lpm_mux:Mux3|mux_joc:auto_generated|_~42             ; out0             ;
; |Q|dec3to8:inst1|lpm_mux:Mux3|mux_joc:auto_generated|_~43             ; |Q|dec3to8:inst1|lpm_mux:Mux3|mux_joc:auto_generated|_~43             ; out0             ;
; |Q|dec3to8:inst1|lpm_mux:Mux3|mux_joc:auto_generated|_~44             ; |Q|dec3to8:inst1|lpm_mux:Mux3|mux_joc:auto_generated|_~44             ; out0             ;
; |Q|dec3to8:inst1|lpm_mux:Mux3|mux_joc:auto_generated|_~46             ; |Q|dec3to8:inst1|lpm_mux:Mux3|mux_joc:auto_generated|_~46             ; out0             ;
; |Q|dec3to8:inst1|lpm_mux:Mux3|mux_joc:auto_generated|_~47             ; |Q|dec3to8:inst1|lpm_mux:Mux3|mux_joc:auto_generated|_~47             ; out0             ;
; |Q|dec3to8:inst1|lpm_mux:Mux3|mux_joc:auto_generated|_~49             ; |Q|dec3to8:inst1|lpm_mux:Mux3|mux_joc:auto_generated|_~49             ; out0             ;
; |Q|dec3to8:inst1|lpm_mux:Mux3|mux_joc:auto_generated|_~51             ; |Q|dec3to8:inst1|lpm_mux:Mux3|mux_joc:auto_generated|_~51             ; out0             ;
; |Q|dec3to8:inst1|lpm_mux:Mux3|mux_joc:auto_generated|_~56             ; |Q|dec3to8:inst1|lpm_mux:Mux3|mux_joc:auto_generated|_~56             ; out0             ;
; |Q|dec3to8:inst1|lpm_mux:Mux3|mux_joc:auto_generated|_~58             ; |Q|dec3to8:inst1|lpm_mux:Mux3|mux_joc:auto_generated|_~58             ; out0             ;
; |Q|dec3to8:inst1|lpm_mux:Mux3|mux_joc:auto_generated|_~60             ; |Q|dec3to8:inst1|lpm_mux:Mux3|mux_joc:auto_generated|_~60             ; out0             ;
; |Q|dec3to8:inst1|lpm_mux:Mux3|mux_joc:auto_generated|_~66             ; |Q|dec3to8:inst1|lpm_mux:Mux3|mux_joc:auto_generated|_~66             ; out0             ;
; |Q|dec3to8:inst1|lpm_mux:Mux3|mux_joc:auto_generated|_~67             ; |Q|dec3to8:inst1|lpm_mux:Mux3|mux_joc:auto_generated|_~67             ; out0             ;
; |Q|dec3to8:inst1|lpm_mux:Mux3|mux_joc:auto_generated|result_node[0]~0 ; |Q|dec3to8:inst1|lpm_mux:Mux3|mux_joc:auto_generated|result_node[0]~0 ; out0             ;
; |Q|dec3to8:inst1|lpm_mux:Mux3|mux_joc:auto_generated|_~72             ; |Q|dec3to8:inst1|lpm_mux:Mux3|mux_joc:auto_generated|_~72             ; out0             ;
; |Q|dec3to8:inst1|lpm_mux:Mux3|mux_joc:auto_generated|_~74             ; |Q|dec3to8:inst1|lpm_mux:Mux3|mux_joc:auto_generated|_~74             ; out0             ;
; |Q|dec3to8:inst1|lpm_mux:Mux3|mux_joc:auto_generated|_~76             ; |Q|dec3to8:inst1|lpm_mux:Mux3|mux_joc:auto_generated|_~76             ; out0             ;
; |Q|dec3to8:inst1|lpm_mux:Mux3|mux_joc:auto_generated|_~81             ; |Q|dec3to8:inst1|lpm_mux:Mux3|mux_joc:auto_generated|_~81             ; out0             ;
; |Q|dec3to8:inst1|lpm_mux:Mux3|mux_joc:auto_generated|_~83             ; |Q|dec3to8:inst1|lpm_mux:Mux3|mux_joc:auto_generated|_~83             ; out0             ;
; |Q|dec3to8:inst1|lpm_mux:Mux3|mux_joc:auto_generated|_~85             ; |Q|dec3to8:inst1|lpm_mux:Mux3|mux_joc:auto_generated|_~85             ; out0             ;
; |Q|dec3to8:inst1|lpm_mux:Mux3|mux_joc:auto_generated|_~91             ; |Q|dec3to8:inst1|lpm_mux:Mux3|mux_joc:auto_generated|_~91             ; out0             ;
; |Q|dec3to8:inst1|lpm_mux:Mux3|mux_joc:auto_generated|_~92             ; |Q|dec3to8:inst1|lpm_mux:Mux3|mux_joc:auto_generated|_~92             ; out0             ;
; |Q|dec3to8:inst1|lpm_mux:Mux3|mux_joc:auto_generated|_~93             ; |Q|dec3to8:inst1|lpm_mux:Mux3|mux_joc:auto_generated|_~93             ; out0             ;
; |Q|dec3to8:inst1|lpm_mux:Mux3|mux_joc:auto_generated|_~94             ; |Q|dec3to8:inst1|lpm_mux:Mux3|mux_joc:auto_generated|_~94             ; out0             ;
; |Q|dec3to8:inst1|lpm_mux:Mux3|mux_joc:auto_generated|_~96             ; |Q|dec3to8:inst1|lpm_mux:Mux3|mux_joc:auto_generated|_~96             ; out0             ;
; |Q|dec3to8:inst1|lpm_mux:Mux3|mux_joc:auto_generated|_~97             ; |Q|dec3to8:inst1|lpm_mux:Mux3|mux_joc:auto_generated|_~97             ; out0             ;
; |Q|dec3to8:inst1|lpm_mux:Mux3|mux_joc:auto_generated|_~99             ; |Q|dec3to8:inst1|lpm_mux:Mux3|mux_joc:auto_generated|_~99             ; out0             ;
; |Q|dec3to8:inst1|lpm_mux:Mux3|mux_joc:auto_generated|_~101            ; |Q|dec3to8:inst1|lpm_mux:Mux3|mux_joc:auto_generated|_~101            ; out0             ;
; |Q|dec3to8:inst1|lpm_mux:Mux3|mux_joc:auto_generated|_~106            ; |Q|dec3to8:inst1|lpm_mux:Mux3|mux_joc:auto_generated|_~106            ; out0             ;
; |Q|dec3to8:inst1|lpm_mux:Mux3|mux_joc:auto_generated|_~108            ; |Q|dec3to8:inst1|lpm_mux:Mux3|mux_joc:auto_generated|_~108            ; out0             ;
; |Q|dec3to8:inst1|lpm_mux:Mux3|mux_joc:auto_generated|_~110            ; |Q|dec3to8:inst1|lpm_mux:Mux3|mux_joc:auto_generated|_~110            ; out0             ;
; |Q|dec3to8:inst1|lpm_mux:Mux3|mux_joc:auto_generated|_~116            ; |Q|dec3to8:inst1|lpm_mux:Mux3|mux_joc:auto_generated|_~116            ; out0             ;
; |Q|dec3to8:inst1|lpm_mux:Mux3|mux_joc:auto_generated|_~117            ; |Q|dec3to8:inst1|lpm_mux:Mux3|mux_joc:auto_generated|_~117            ; out0             ;
; |Q|dec3to8:inst1|lpm_mux:Mux3|mux_joc:auto_generated|_~121            ; |Q|dec3to8:inst1|lpm_mux:Mux3|mux_joc:auto_generated|_~121            ; out0             ;
; |Q|dec3to8:inst1|lpm_mux:Mux3|mux_joc:auto_generated|_~130            ; |Q|dec3to8:inst1|lpm_mux:Mux3|mux_joc:auto_generated|_~130            ; out0             ;
; |Q|dec3to8:inst1|lpm_mux:Mux2|mux_joc:auto_generated|_~0              ; |Q|dec3to8:inst1|lpm_mux:Mux2|mux_joc:auto_generated|_~0              ; out0             ;
; |Q|dec3to8:inst1|lpm_mux:Mux2|mux_joc:auto_generated|_~2              ; |Q|dec3to8:inst1|lpm_mux:Mux2|mux_joc:auto_generated|_~2              ; out0             ;
; |Q|dec3to8:inst1|lpm_mux:Mux2|mux_joc:auto_generated|_~4              ; |Q|dec3to8:inst1|lpm_mux:Mux2|mux_joc:auto_generated|_~4              ; out0             ;
; |Q|dec3to8:inst1|lpm_mux:Mux2|mux_joc:auto_generated|_~9              ; |Q|dec3to8:inst1|lpm_mux:Mux2|mux_joc:auto_generated|_~9              ; out0             ;
; |Q|dec3to8:inst1|lpm_mux:Mux2|mux_joc:auto_generated|_~11             ; |Q|dec3to8:inst1|lpm_mux:Mux2|mux_joc:auto_generated|_~11             ; out0             ;
; |Q|dec3to8:inst1|lpm_mux:Mux2|mux_joc:auto_generated|_~13             ; |Q|dec3to8:inst1|lpm_mux:Mux2|mux_joc:auto_generated|_~13             ; out0             ;
; |Q|dec3to8:inst1|lpm_mux:Mux2|mux_joc:auto_generated|_~19             ; |Q|dec3to8:inst1|lpm_mux:Mux2|mux_joc:auto_generated|_~19             ; out0             ;
; |Q|dec3to8:inst1|lpm_mux:Mux2|mux_joc:auto_generated|_~20             ; |Q|dec3to8:inst1|lpm_mux:Mux2|mux_joc:auto_generated|_~20             ; out0             ;
; |Q|dec3to8:inst1|lpm_mux:Mux2|mux_joc:auto_generated|_~21             ; |Q|dec3to8:inst1|lpm_mux:Mux2|mux_joc:auto_generated|_~21             ; out0             ;
; |Q|dec3to8:inst1|lpm_mux:Mux2|mux_joc:auto_generated|_~22             ; |Q|dec3to8:inst1|lpm_mux:Mux2|mux_joc:auto_generated|_~22             ; out0             ;
; |Q|dec3to8:inst1|lpm_mux:Mux2|mux_joc:auto_generated|_~24             ; |Q|dec3to8:inst1|lpm_mux:Mux2|mux_joc:auto_generated|_~24             ; out0             ;
; |Q|dec3to8:inst1|lpm_mux:Mux2|mux_joc:auto_generated|_~26             ; |Q|dec3to8:inst1|lpm_mux:Mux2|mux_joc:auto_generated|_~26             ; out0             ;
; |Q|dec3to8:inst1|lpm_mux:Mux2|mux_joc:auto_generated|_~31             ; |Q|dec3to8:inst1|lpm_mux:Mux2|mux_joc:auto_generated|_~31             ; out0             ;
; |Q|dec3to8:inst1|lpm_mux:Mux2|mux_joc:auto_generated|_~33             ; |Q|dec3to8:inst1|lpm_mux:Mux2|mux_joc:auto_generated|_~33             ; out0             ;
; |Q|dec3to8:inst1|lpm_mux:Mux2|mux_joc:auto_generated|_~35             ; |Q|dec3to8:inst1|lpm_mux:Mux2|mux_joc:auto_generated|_~35             ; out0             ;
; |Q|dec3to8:inst1|lpm_mux:Mux2|mux_joc:auto_generated|_~41             ; |Q|dec3to8:inst1|lpm_mux:Mux2|mux_joc:auto_generated|_~41             ; out0             ;
; |Q|dec3to8:inst1|lpm_mux:Mux2|mux_joc:auto_generated|_~42             ; |Q|dec3to8:inst1|lpm_mux:Mux2|mux_joc:auto_generated|_~42             ; out0             ;
; |Q|dec3to8:inst1|lpm_mux:Mux2|mux_joc:auto_generated|_~43             ; |Q|dec3to8:inst1|lpm_mux:Mux2|mux_joc:auto_generated|_~43             ; out0             ;
; |Q|dec3to8:inst1|lpm_mux:Mux2|mux_joc:auto_generated|_~44             ; |Q|dec3to8:inst1|lpm_mux:Mux2|mux_joc:auto_generated|_~44             ; out0             ;
; |Q|dec3to8:inst1|lpm_mux:Mux2|mux_joc:auto_generated|_~46             ; |Q|dec3to8:inst1|lpm_mux:Mux2|mux_joc:auto_generated|_~46             ; out0             ;
; |Q|dec3to8:inst1|lpm_mux:Mux2|mux_joc:auto_generated|_~47             ; |Q|dec3to8:inst1|lpm_mux:Mux2|mux_joc:auto_generated|_~47             ; out0             ;
; |Q|dec3to8:inst1|lpm_mux:Mux2|mux_joc:auto_generated|_~49             ; |Q|dec3to8:inst1|lpm_mux:Mux2|mux_joc:auto_generated|_~49             ; out0             ;
; |Q|dec3to8:inst1|lpm_mux:Mux2|mux_joc:auto_generated|_~51             ; |Q|dec3to8:inst1|lpm_mux:Mux2|mux_joc:auto_generated|_~51             ; out0             ;
; |Q|dec3to8:inst1|lpm_mux:Mux2|mux_joc:auto_generated|_~56             ; |Q|dec3to8:inst1|lpm_mux:Mux2|mux_joc:auto_generated|_~56             ; out0             ;
; |Q|dec3to8:inst1|lpm_mux:Mux2|mux_joc:auto_generated|_~58             ; |Q|dec3to8:inst1|lpm_mux:Mux2|mux_joc:auto_generated|_~58             ; out0             ;
; |Q|dec3to8:inst1|lpm_mux:Mux2|mux_joc:auto_generated|_~60             ; |Q|dec3to8:inst1|lpm_mux:Mux2|mux_joc:auto_generated|_~60             ; out0             ;
; |Q|dec3to8:inst1|lpm_mux:Mux2|mux_joc:auto_generated|_~66             ; |Q|dec3to8:inst1|lpm_mux:Mux2|mux_joc:auto_generated|_~66             ; out0             ;
; |Q|dec3to8:inst1|lpm_mux:Mux2|mux_joc:auto_generated|_~67             ; |Q|dec3to8:inst1|lpm_mux:Mux2|mux_joc:auto_generated|_~67             ; out0             ;
; |Q|dec3to8:inst1|lpm_mux:Mux2|mux_joc:auto_generated|result_node[0]~0 ; |Q|dec3to8:inst1|lpm_mux:Mux2|mux_joc:auto_generated|result_node[0]~0 ; out0             ;
; |Q|dec3to8:inst1|lpm_mux:Mux2|mux_joc:auto_generated|_~72             ; |Q|dec3to8:inst1|lpm_mux:Mux2|mux_joc:auto_generated|_~72             ; out0             ;
; |Q|dec3to8:inst1|lpm_mux:Mux2|mux_joc:auto_generated|_~74             ; |Q|dec3to8:inst1|lpm_mux:Mux2|mux_joc:auto_generated|_~74             ; out0             ;
; |Q|dec3to8:inst1|lpm_mux:Mux2|mux_joc:auto_generated|_~76             ; |Q|dec3to8:inst1|lpm_mux:Mux2|mux_joc:auto_generated|_~76             ; out0             ;
; |Q|dec3to8:inst1|lpm_mux:Mux2|mux_joc:auto_generated|_~81             ; |Q|dec3to8:inst1|lpm_mux:Mux2|mux_joc:auto_generated|_~81             ; out0             ;
; |Q|dec3to8:inst1|lpm_mux:Mux2|mux_joc:auto_generated|_~83             ; |Q|dec3to8:inst1|lpm_mux:Mux2|mux_joc:auto_generated|_~83             ; out0             ;
; |Q|dec3to8:inst1|lpm_mux:Mux2|mux_joc:auto_generated|_~85             ; |Q|dec3to8:inst1|lpm_mux:Mux2|mux_joc:auto_generated|_~85             ; out0             ;
; |Q|dec3to8:inst1|lpm_mux:Mux2|mux_joc:auto_generated|_~91             ; |Q|dec3to8:inst1|lpm_mux:Mux2|mux_joc:auto_generated|_~91             ; out0             ;
; |Q|dec3to8:inst1|lpm_mux:Mux2|mux_joc:auto_generated|_~92             ; |Q|dec3to8:inst1|lpm_mux:Mux2|mux_joc:auto_generated|_~92             ; out0             ;
; |Q|dec3to8:inst1|lpm_mux:Mux2|mux_joc:auto_generated|_~93             ; |Q|dec3to8:inst1|lpm_mux:Mux2|mux_joc:auto_generated|_~93             ; out0             ;
; |Q|dec3to8:inst1|lpm_mux:Mux2|mux_joc:auto_generated|_~94             ; |Q|dec3to8:inst1|lpm_mux:Mux2|mux_joc:auto_generated|_~94             ; out0             ;
; |Q|dec3to8:inst1|lpm_mux:Mux2|mux_joc:auto_generated|_~96             ; |Q|dec3to8:inst1|lpm_mux:Mux2|mux_joc:auto_generated|_~96             ; out0             ;
; |Q|dec3to8:inst1|lpm_mux:Mux2|mux_joc:auto_generated|_~97             ; |Q|dec3to8:inst1|lpm_mux:Mux2|mux_joc:auto_generated|_~97             ; out0             ;
; |Q|dec3to8:inst1|lpm_mux:Mux2|mux_joc:auto_generated|_~99             ; |Q|dec3to8:inst1|lpm_mux:Mux2|mux_joc:auto_generated|_~99             ; out0             ;
; |Q|dec3to8:inst1|lpm_mux:Mux2|mux_joc:auto_generated|_~101            ; |Q|dec3to8:inst1|lpm_mux:Mux2|mux_joc:auto_generated|_~101            ; out0             ;
; |Q|dec3to8:inst1|lpm_mux:Mux2|mux_joc:auto_generated|_~106            ; |Q|dec3to8:inst1|lpm_mux:Mux2|mux_joc:auto_generated|_~106            ; out0             ;
; |Q|dec3to8:inst1|lpm_mux:Mux2|mux_joc:auto_generated|_~108            ; |Q|dec3to8:inst1|lpm_mux:Mux2|mux_joc:auto_generated|_~108            ; out0             ;
; |Q|dec3to8:inst1|lpm_mux:Mux2|mux_joc:auto_generated|_~110            ; |Q|dec3to8:inst1|lpm_mux:Mux2|mux_joc:auto_generated|_~110            ; out0             ;
; |Q|dec3to8:inst1|lpm_mux:Mux2|mux_joc:auto_generated|_~116            ; |Q|dec3to8:inst1|lpm_mux:Mux2|mux_joc:auto_generated|_~116            ; out0             ;
; |Q|dec3to8:inst1|lpm_mux:Mux2|mux_joc:auto_generated|_~117            ; |Q|dec3to8:inst1|lpm_mux:Mux2|mux_joc:auto_generated|_~117            ; out0             ;
; |Q|dec3to8:inst1|lpm_mux:Mux2|mux_joc:auto_generated|_~123            ; |Q|dec3to8:inst1|lpm_mux:Mux2|mux_joc:auto_generated|_~123            ; out0             ;
; |Q|dec3to8:inst1|lpm_mux:Mux2|mux_joc:auto_generated|_~125            ; |Q|dec3to8:inst1|lpm_mux:Mux2|mux_joc:auto_generated|_~125            ; out0             ;
; |Q|dec3to8:inst1|lpm_mux:Mux2|mux_joc:auto_generated|_~132            ; |Q|dec3to8:inst1|lpm_mux:Mux2|mux_joc:auto_generated|_~132            ; out0             ;
; |Q|dec3to8:inst1|lpm_mux:Mux2|mux_joc:auto_generated|_~134            ; |Q|dec3to8:inst1|lpm_mux:Mux2|mux_joc:auto_generated|_~134            ; out0             ;
; |Q|dec3to8:inst1|lpm_mux:Mux2|mux_joc:auto_generated|_~140            ; |Q|dec3to8:inst1|lpm_mux:Mux2|mux_joc:auto_generated|_~140            ; out0             ;
; |Q|dec3to8:inst1|lpm_mux:Mux1|mux_joc:auto_generated|_~0              ; |Q|dec3to8:inst1|lpm_mux:Mux1|mux_joc:auto_generated|_~0              ; out0             ;
; |Q|dec3to8:inst1|lpm_mux:Mux1|mux_joc:auto_generated|_~2              ; |Q|dec3to8:inst1|lpm_mux:Mux1|mux_joc:auto_generated|_~2              ; out0             ;
; |Q|dec3to8:inst1|lpm_mux:Mux1|mux_joc:auto_generated|_~4              ; |Q|dec3to8:inst1|lpm_mux:Mux1|mux_joc:auto_generated|_~4              ; out0             ;
; |Q|dec3to8:inst1|lpm_mux:Mux1|mux_joc:auto_generated|_~9              ; |Q|dec3to8:inst1|lpm_mux:Mux1|mux_joc:auto_generated|_~9              ; out0             ;
; |Q|dec3to8:inst1|lpm_mux:Mux1|mux_joc:auto_generated|_~11             ; |Q|dec3to8:inst1|lpm_mux:Mux1|mux_joc:auto_generated|_~11             ; out0             ;
; |Q|dec3to8:inst1|lpm_mux:Mux1|mux_joc:auto_generated|_~13             ; |Q|dec3to8:inst1|lpm_mux:Mux1|mux_joc:auto_generated|_~13             ; out0             ;
; |Q|dec3to8:inst1|lpm_mux:Mux1|mux_joc:auto_generated|_~19             ; |Q|dec3to8:inst1|lpm_mux:Mux1|mux_joc:auto_generated|_~19             ; out0             ;
; |Q|dec3to8:inst1|lpm_mux:Mux1|mux_joc:auto_generated|_~20             ; |Q|dec3to8:inst1|lpm_mux:Mux1|mux_joc:auto_generated|_~20             ; out0             ;
; |Q|dec3to8:inst1|lpm_mux:Mux1|mux_joc:auto_generated|_~21             ; |Q|dec3to8:inst1|lpm_mux:Mux1|mux_joc:auto_generated|_~21             ; out0             ;
; |Q|dec3to8:inst1|lpm_mux:Mux1|mux_joc:auto_generated|_~22             ; |Q|dec3to8:inst1|lpm_mux:Mux1|mux_joc:auto_generated|_~22             ; out0             ;
; |Q|dec3to8:inst1|lpm_mux:Mux1|mux_joc:auto_generated|_~24             ; |Q|dec3to8:inst1|lpm_mux:Mux1|mux_joc:auto_generated|_~24             ; out0             ;
; |Q|dec3to8:inst1|lpm_mux:Mux1|mux_joc:auto_generated|_~26             ; |Q|dec3to8:inst1|lpm_mux:Mux1|mux_joc:auto_generated|_~26             ; out0             ;
; |Q|dec3to8:inst1|lpm_mux:Mux1|mux_joc:auto_generated|_~31             ; |Q|dec3to8:inst1|lpm_mux:Mux1|mux_joc:auto_generated|_~31             ; out0             ;
; |Q|dec3to8:inst1|lpm_mux:Mux1|mux_joc:auto_generated|_~33             ; |Q|dec3to8:inst1|lpm_mux:Mux1|mux_joc:auto_generated|_~33             ; out0             ;
; |Q|dec3to8:inst1|lpm_mux:Mux1|mux_joc:auto_generated|_~35             ; |Q|dec3to8:inst1|lpm_mux:Mux1|mux_joc:auto_generated|_~35             ; out0             ;
; |Q|dec3to8:inst1|lpm_mux:Mux1|mux_joc:auto_generated|_~41             ; |Q|dec3to8:inst1|lpm_mux:Mux1|mux_joc:auto_generated|_~41             ; out0             ;
; |Q|dec3to8:inst1|lpm_mux:Mux1|mux_joc:auto_generated|_~42             ; |Q|dec3to8:inst1|lpm_mux:Mux1|mux_joc:auto_generated|_~42             ; out0             ;
; |Q|dec3to8:inst1|lpm_mux:Mux1|mux_joc:auto_generated|_~43             ; |Q|dec3to8:inst1|lpm_mux:Mux1|mux_joc:auto_generated|_~43             ; out0             ;
; |Q|dec3to8:inst1|lpm_mux:Mux1|mux_joc:auto_generated|_~44             ; |Q|dec3to8:inst1|lpm_mux:Mux1|mux_joc:auto_generated|_~44             ; out0             ;
; |Q|dec3to8:inst1|lpm_mux:Mux1|mux_joc:auto_generated|_~46             ; |Q|dec3to8:inst1|lpm_mux:Mux1|mux_joc:auto_generated|_~46             ; out0             ;
; |Q|dec3to8:inst1|lpm_mux:Mux1|mux_joc:auto_generated|_~47             ; |Q|dec3to8:inst1|lpm_mux:Mux1|mux_joc:auto_generated|_~47             ; out0             ;
; |Q|dec3to8:inst1|lpm_mux:Mux1|mux_joc:auto_generated|_~49             ; |Q|dec3to8:inst1|lpm_mux:Mux1|mux_joc:auto_generated|_~49             ; out0             ;
; |Q|dec3to8:inst1|lpm_mux:Mux1|mux_joc:auto_generated|_~51             ; |Q|dec3to8:inst1|lpm_mux:Mux1|mux_joc:auto_generated|_~51             ; out0             ;
; |Q|dec3to8:inst1|lpm_mux:Mux1|mux_joc:auto_generated|_~56             ; |Q|dec3to8:inst1|lpm_mux:Mux1|mux_joc:auto_generated|_~56             ; out0             ;
; |Q|dec3to8:inst1|lpm_mux:Mux1|mux_joc:auto_generated|_~58             ; |Q|dec3to8:inst1|lpm_mux:Mux1|mux_joc:auto_generated|_~58             ; out0             ;
; |Q|dec3to8:inst1|lpm_mux:Mux1|mux_joc:auto_generated|_~60             ; |Q|dec3to8:inst1|lpm_mux:Mux1|mux_joc:auto_generated|_~60             ; out0             ;
; |Q|dec3to8:inst1|lpm_mux:Mux1|mux_joc:auto_generated|_~66             ; |Q|dec3to8:inst1|lpm_mux:Mux1|mux_joc:auto_generated|_~66             ; out0             ;
; |Q|dec3to8:inst1|lpm_mux:Mux1|mux_joc:auto_generated|_~67             ; |Q|dec3to8:inst1|lpm_mux:Mux1|mux_joc:auto_generated|_~67             ; out0             ;
; |Q|dec3to8:inst1|lpm_mux:Mux1|mux_joc:auto_generated|result_node[0]~0 ; |Q|dec3to8:inst1|lpm_mux:Mux1|mux_joc:auto_generated|result_node[0]~0 ; out0             ;
; |Q|dec3to8:inst1|lpm_mux:Mux1|mux_joc:auto_generated|_~72             ; |Q|dec3to8:inst1|lpm_mux:Mux1|mux_joc:auto_generated|_~72             ; out0             ;
; |Q|dec3to8:inst1|lpm_mux:Mux1|mux_joc:auto_generated|_~74             ; |Q|dec3to8:inst1|lpm_mux:Mux1|mux_joc:auto_generated|_~74             ; out0             ;
; |Q|dec3to8:inst1|lpm_mux:Mux1|mux_joc:auto_generated|_~76             ; |Q|dec3to8:inst1|lpm_mux:Mux1|mux_joc:auto_generated|_~76             ; out0             ;
; |Q|dec3to8:inst1|lpm_mux:Mux1|mux_joc:auto_generated|_~81             ; |Q|dec3to8:inst1|lpm_mux:Mux1|mux_joc:auto_generated|_~81             ; out0             ;
; |Q|dec3to8:inst1|lpm_mux:Mux1|mux_joc:auto_generated|_~83             ; |Q|dec3to8:inst1|lpm_mux:Mux1|mux_joc:auto_generated|_~83             ; out0             ;
; |Q|dec3to8:inst1|lpm_mux:Mux1|mux_joc:auto_generated|_~85             ; |Q|dec3to8:inst1|lpm_mux:Mux1|mux_joc:auto_generated|_~85             ; out0             ;
; |Q|dec3to8:inst1|lpm_mux:Mux1|mux_joc:auto_generated|_~91             ; |Q|dec3to8:inst1|lpm_mux:Mux1|mux_joc:auto_generated|_~91             ; out0             ;
; |Q|dec3to8:inst1|lpm_mux:Mux1|mux_joc:auto_generated|_~92             ; |Q|dec3to8:inst1|lpm_mux:Mux1|mux_joc:auto_generated|_~92             ; out0             ;
; |Q|dec3to8:inst1|lpm_mux:Mux1|mux_joc:auto_generated|_~93             ; |Q|dec3to8:inst1|lpm_mux:Mux1|mux_joc:auto_generated|_~93             ; out0             ;
; |Q|dec3to8:inst1|lpm_mux:Mux1|mux_joc:auto_generated|_~94             ; |Q|dec3to8:inst1|lpm_mux:Mux1|mux_joc:auto_generated|_~94             ; out0             ;
; |Q|dec3to8:inst1|lpm_mux:Mux1|mux_joc:auto_generated|_~96             ; |Q|dec3to8:inst1|lpm_mux:Mux1|mux_joc:auto_generated|_~96             ; out0             ;
; |Q|dec3to8:inst1|lpm_mux:Mux1|mux_joc:auto_generated|_~97             ; |Q|dec3to8:inst1|lpm_mux:Mux1|mux_joc:auto_generated|_~97             ; out0             ;
; |Q|dec3to8:inst1|lpm_mux:Mux1|mux_joc:auto_generated|_~99             ; |Q|dec3to8:inst1|lpm_mux:Mux1|mux_joc:auto_generated|_~99             ; out0             ;
; |Q|dec3to8:inst1|lpm_mux:Mux1|mux_joc:auto_generated|_~101            ; |Q|dec3to8:inst1|lpm_mux:Mux1|mux_joc:auto_generated|_~101            ; out0             ;
; |Q|dec3to8:inst1|lpm_mux:Mux1|mux_joc:auto_generated|_~106            ; |Q|dec3to8:inst1|lpm_mux:Mux1|mux_joc:auto_generated|_~106            ; out0             ;
; |Q|dec3to8:inst1|lpm_mux:Mux1|mux_joc:auto_generated|_~108            ; |Q|dec3to8:inst1|lpm_mux:Mux1|mux_joc:auto_generated|_~108            ; out0             ;
; |Q|dec3to8:inst1|lpm_mux:Mux1|mux_joc:auto_generated|_~110            ; |Q|dec3to8:inst1|lpm_mux:Mux1|mux_joc:auto_generated|_~110            ; out0             ;
; |Q|dec3to8:inst1|lpm_mux:Mux1|mux_joc:auto_generated|_~116            ; |Q|dec3to8:inst1|lpm_mux:Mux1|mux_joc:auto_generated|_~116            ; out0             ;
; |Q|dec3to8:inst1|lpm_mux:Mux1|mux_joc:auto_generated|_~117            ; |Q|dec3to8:inst1|lpm_mux:Mux1|mux_joc:auto_generated|_~117            ; out0             ;
; |Q|dec3to8:inst1|lpm_mux:Mux1|mux_joc:auto_generated|_~121            ; |Q|dec3to8:inst1|lpm_mux:Mux1|mux_joc:auto_generated|_~121            ; out0             ;
; |Q|dec3to8:inst1|lpm_mux:Mux1|mux_joc:auto_generated|_~123            ; |Q|dec3to8:inst1|lpm_mux:Mux1|mux_joc:auto_generated|_~123            ; out0             ;
; |Q|dec3to8:inst1|lpm_mux:Mux1|mux_joc:auto_generated|_~125            ; |Q|dec3to8:inst1|lpm_mux:Mux1|mux_joc:auto_generated|_~125            ; out0             ;
; |Q|dec3to8:inst1|lpm_mux:Mux1|mux_joc:auto_generated|_~126            ; |Q|dec3to8:inst1|lpm_mux:Mux1|mux_joc:auto_generated|_~126            ; out0             ;
; |Q|dec3to8:inst1|lpm_mux:Mux1|mux_joc:auto_generated|_~130            ; |Q|dec3to8:inst1|lpm_mux:Mux1|mux_joc:auto_generated|_~130            ; out0             ;
; |Q|dec3to8:inst1|lpm_mux:Mux1|mux_joc:auto_generated|_~132            ; |Q|dec3to8:inst1|lpm_mux:Mux1|mux_joc:auto_generated|_~132            ; out0             ;
; |Q|dec3to8:inst1|lpm_mux:Mux1|mux_joc:auto_generated|_~134            ; |Q|dec3to8:inst1|lpm_mux:Mux1|mux_joc:auto_generated|_~134            ; out0             ;
; |Q|dec3to8:inst1|lpm_mux:Mux1|mux_joc:auto_generated|_~135            ; |Q|dec3to8:inst1|lpm_mux:Mux1|mux_joc:auto_generated|_~135            ; out0             ;
; |Q|dec3to8:inst1|lpm_mux:Mux0|mux_joc:auto_generated|_~0              ; |Q|dec3to8:inst1|lpm_mux:Mux0|mux_joc:auto_generated|_~0              ; out0             ;
; |Q|dec3to8:inst1|lpm_mux:Mux0|mux_joc:auto_generated|_~2              ; |Q|dec3to8:inst1|lpm_mux:Mux0|mux_joc:auto_generated|_~2              ; out0             ;
; |Q|dec3to8:inst1|lpm_mux:Mux0|mux_joc:auto_generated|_~4              ; |Q|dec3to8:inst1|lpm_mux:Mux0|mux_joc:auto_generated|_~4              ; out0             ;
; |Q|dec3to8:inst1|lpm_mux:Mux0|mux_joc:auto_generated|_~9              ; |Q|dec3to8:inst1|lpm_mux:Mux0|mux_joc:auto_generated|_~9              ; out0             ;
; |Q|dec3to8:inst1|lpm_mux:Mux0|mux_joc:auto_generated|_~11             ; |Q|dec3to8:inst1|lpm_mux:Mux0|mux_joc:auto_generated|_~11             ; out0             ;
; |Q|dec3to8:inst1|lpm_mux:Mux0|mux_joc:auto_generated|_~13             ; |Q|dec3to8:inst1|lpm_mux:Mux0|mux_joc:auto_generated|_~13             ; out0             ;
; |Q|dec3to8:inst1|lpm_mux:Mux0|mux_joc:auto_generated|_~19             ; |Q|dec3to8:inst1|lpm_mux:Mux0|mux_joc:auto_generated|_~19             ; out0             ;
; |Q|dec3to8:inst1|lpm_mux:Mux0|mux_joc:auto_generated|_~20             ; |Q|dec3to8:inst1|lpm_mux:Mux0|mux_joc:auto_generated|_~20             ; out0             ;
; |Q|dec3to8:inst1|lpm_mux:Mux0|mux_joc:auto_generated|_~21             ; |Q|dec3to8:inst1|lpm_mux:Mux0|mux_joc:auto_generated|_~21             ; out0             ;
; |Q|dec3to8:inst1|lpm_mux:Mux0|mux_joc:auto_generated|_~22             ; |Q|dec3to8:inst1|lpm_mux:Mux0|mux_joc:auto_generated|_~22             ; out0             ;
; |Q|dec3to8:inst1|lpm_mux:Mux0|mux_joc:auto_generated|_~24             ; |Q|dec3to8:inst1|lpm_mux:Mux0|mux_joc:auto_generated|_~24             ; out0             ;
; |Q|dec3to8:inst1|lpm_mux:Mux0|mux_joc:auto_generated|_~26             ; |Q|dec3to8:inst1|lpm_mux:Mux0|mux_joc:auto_generated|_~26             ; out0             ;
; |Q|dec3to8:inst1|lpm_mux:Mux0|mux_joc:auto_generated|_~31             ; |Q|dec3to8:inst1|lpm_mux:Mux0|mux_joc:auto_generated|_~31             ; out0             ;
; |Q|dec3to8:inst1|lpm_mux:Mux0|mux_joc:auto_generated|_~33             ; |Q|dec3to8:inst1|lpm_mux:Mux0|mux_joc:auto_generated|_~33             ; out0             ;
; |Q|dec3to8:inst1|lpm_mux:Mux0|mux_joc:auto_generated|_~35             ; |Q|dec3to8:inst1|lpm_mux:Mux0|mux_joc:auto_generated|_~35             ; out0             ;
; |Q|dec3to8:inst1|lpm_mux:Mux0|mux_joc:auto_generated|_~41             ; |Q|dec3to8:inst1|lpm_mux:Mux0|mux_joc:auto_generated|_~41             ; out0             ;
; |Q|dec3to8:inst1|lpm_mux:Mux0|mux_joc:auto_generated|_~42             ; |Q|dec3to8:inst1|lpm_mux:Mux0|mux_joc:auto_generated|_~42             ; out0             ;
; |Q|dec3to8:inst1|lpm_mux:Mux0|mux_joc:auto_generated|_~43             ; |Q|dec3to8:inst1|lpm_mux:Mux0|mux_joc:auto_generated|_~43             ; out0             ;
; |Q|dec3to8:inst1|lpm_mux:Mux0|mux_joc:auto_generated|_~44             ; |Q|dec3to8:inst1|lpm_mux:Mux0|mux_joc:auto_generated|_~44             ; out0             ;
; |Q|dec3to8:inst1|lpm_mux:Mux0|mux_joc:auto_generated|_~46             ; |Q|dec3to8:inst1|lpm_mux:Mux0|mux_joc:auto_generated|_~46             ; out0             ;
; |Q|dec3to8:inst1|lpm_mux:Mux0|mux_joc:auto_generated|_~47             ; |Q|dec3to8:inst1|lpm_mux:Mux0|mux_joc:auto_generated|_~47             ; out0             ;
; |Q|dec3to8:inst1|lpm_mux:Mux0|mux_joc:auto_generated|_~49             ; |Q|dec3to8:inst1|lpm_mux:Mux0|mux_joc:auto_generated|_~49             ; out0             ;
; |Q|dec3to8:inst1|lpm_mux:Mux0|mux_joc:auto_generated|_~51             ; |Q|dec3to8:inst1|lpm_mux:Mux0|mux_joc:auto_generated|_~51             ; out0             ;
; |Q|dec3to8:inst1|lpm_mux:Mux0|mux_joc:auto_generated|_~56             ; |Q|dec3to8:inst1|lpm_mux:Mux0|mux_joc:auto_generated|_~56             ; out0             ;
; |Q|dec3to8:inst1|lpm_mux:Mux0|mux_joc:auto_generated|_~58             ; |Q|dec3to8:inst1|lpm_mux:Mux0|mux_joc:auto_generated|_~58             ; out0             ;
; |Q|dec3to8:inst1|lpm_mux:Mux0|mux_joc:auto_generated|_~60             ; |Q|dec3to8:inst1|lpm_mux:Mux0|mux_joc:auto_generated|_~60             ; out0             ;
; |Q|dec3to8:inst1|lpm_mux:Mux0|mux_joc:auto_generated|_~66             ; |Q|dec3to8:inst1|lpm_mux:Mux0|mux_joc:auto_generated|_~66             ; out0             ;
; |Q|dec3to8:inst1|lpm_mux:Mux0|mux_joc:auto_generated|_~67             ; |Q|dec3to8:inst1|lpm_mux:Mux0|mux_joc:auto_generated|_~67             ; out0             ;
; |Q|dec3to8:inst1|lpm_mux:Mux0|mux_joc:auto_generated|result_node[0]~0 ; |Q|dec3to8:inst1|lpm_mux:Mux0|mux_joc:auto_generated|result_node[0]~0 ; out0             ;
; |Q|dec3to8:inst1|lpm_mux:Mux0|mux_joc:auto_generated|_~72             ; |Q|dec3to8:inst1|lpm_mux:Mux0|mux_joc:auto_generated|_~72             ; out0             ;
; |Q|dec3to8:inst1|lpm_mux:Mux0|mux_joc:auto_generated|_~74             ; |Q|dec3to8:inst1|lpm_mux:Mux0|mux_joc:auto_generated|_~74             ; out0             ;
; |Q|dec3to8:inst1|lpm_mux:Mux0|mux_joc:auto_generated|_~76             ; |Q|dec3to8:inst1|lpm_mux:Mux0|mux_joc:auto_generated|_~76             ; out0             ;
; |Q|dec3to8:inst1|lpm_mux:Mux0|mux_joc:auto_generated|_~81             ; |Q|dec3to8:inst1|lpm_mux:Mux0|mux_joc:auto_generated|_~81             ; out0             ;
; |Q|dec3to8:inst1|lpm_mux:Mux0|mux_joc:auto_generated|_~83             ; |Q|dec3to8:inst1|lpm_mux:Mux0|mux_joc:auto_generated|_~83             ; out0             ;
; |Q|dec3to8:inst1|lpm_mux:Mux0|mux_joc:auto_generated|_~85             ; |Q|dec3to8:inst1|lpm_mux:Mux0|mux_joc:auto_generated|_~85             ; out0             ;
; |Q|dec3to8:inst1|lpm_mux:Mux0|mux_joc:auto_generated|_~91             ; |Q|dec3to8:inst1|lpm_mux:Mux0|mux_joc:auto_generated|_~91             ; out0             ;
; |Q|dec3to8:inst1|lpm_mux:Mux0|mux_joc:auto_generated|_~92             ; |Q|dec3to8:inst1|lpm_mux:Mux0|mux_joc:auto_generated|_~92             ; out0             ;
; |Q|dec3to8:inst1|lpm_mux:Mux0|mux_joc:auto_generated|_~93             ; |Q|dec3to8:inst1|lpm_mux:Mux0|mux_joc:auto_generated|_~93             ; out0             ;
; |Q|dec3to8:inst1|lpm_mux:Mux0|mux_joc:auto_generated|_~94             ; |Q|dec3to8:inst1|lpm_mux:Mux0|mux_joc:auto_generated|_~94             ; out0             ;
; |Q|dec3to8:inst1|lpm_mux:Mux0|mux_joc:auto_generated|_~96             ; |Q|dec3to8:inst1|lpm_mux:Mux0|mux_joc:auto_generated|_~96             ; out0             ;
; |Q|dec3to8:inst1|lpm_mux:Mux0|mux_joc:auto_generated|_~97             ; |Q|dec3to8:inst1|lpm_mux:Mux0|mux_joc:auto_generated|_~97             ; out0             ;
; |Q|dec3to8:inst1|lpm_mux:Mux0|mux_joc:auto_generated|_~99             ; |Q|dec3to8:inst1|lpm_mux:Mux0|mux_joc:auto_generated|_~99             ; out0             ;
; |Q|dec3to8:inst1|lpm_mux:Mux0|mux_joc:auto_generated|_~101            ; |Q|dec3to8:inst1|lpm_mux:Mux0|mux_joc:auto_generated|_~101            ; out0             ;
; |Q|dec3to8:inst1|lpm_mux:Mux0|mux_joc:auto_generated|_~106            ; |Q|dec3to8:inst1|lpm_mux:Mux0|mux_joc:auto_generated|_~106            ; out0             ;
; |Q|dec3to8:inst1|lpm_mux:Mux0|mux_joc:auto_generated|_~108            ; |Q|dec3to8:inst1|lpm_mux:Mux0|mux_joc:auto_generated|_~108            ; out0             ;
; |Q|dec3to8:inst1|lpm_mux:Mux0|mux_joc:auto_generated|_~110            ; |Q|dec3to8:inst1|lpm_mux:Mux0|mux_joc:auto_generated|_~110            ; out0             ;
; |Q|dec3to8:inst1|lpm_mux:Mux0|mux_joc:auto_generated|_~116            ; |Q|dec3to8:inst1|lpm_mux:Mux0|mux_joc:auto_generated|_~116            ; out0             ;
; |Q|dec3to8:inst1|lpm_mux:Mux0|mux_joc:auto_generated|_~117            ; |Q|dec3to8:inst1|lpm_mux:Mux0|mux_joc:auto_generated|_~117            ; out0             ;
; |Q|dec3to8:inst1|lpm_mux:Mux0|mux_joc:auto_generated|_~121            ; |Q|dec3to8:inst1|lpm_mux:Mux0|mux_joc:auto_generated|_~121            ; out0             ;
; |Q|dec3to8:inst1|lpm_mux:Mux0|mux_joc:auto_generated|_~123            ; |Q|dec3to8:inst1|lpm_mux:Mux0|mux_joc:auto_generated|_~123            ; out0             ;
; |Q|dec3to8:inst1|lpm_mux:Mux0|mux_joc:auto_generated|_~125            ; |Q|dec3to8:inst1|lpm_mux:Mux0|mux_joc:auto_generated|_~125            ; out0             ;
; |Q|dec3to8:inst1|lpm_mux:Mux0|mux_joc:auto_generated|_~130            ; |Q|dec3to8:inst1|lpm_mux:Mux0|mux_joc:auto_generated|_~130            ; out0             ;
; |Q|dec3to8:inst1|lpm_mux:Mux0|mux_joc:auto_generated|_~132            ; |Q|dec3to8:inst1|lpm_mux:Mux0|mux_joc:auto_generated|_~132            ; out0             ;
; |Q|dec3to8:inst1|lpm_mux:Mux0|mux_joc:auto_generated|_~134            ; |Q|dec3to8:inst1|lpm_mux:Mux0|mux_joc:auto_generated|_~134            ; out0             ;
; |Q|dec3to8:inst1|lpm_mux:Mux0|mux_joc:auto_generated|_~139            ; |Q|dec3to8:inst1|lpm_mux:Mux0|mux_joc:auto_generated|_~139            ; out0             ;
; |Q|ALU_unit3:inst|lpm_mux:Mux0|mux_aqc:auto_generated|_~0             ; |Q|ALU_unit3:inst|lpm_mux:Mux0|mux_aqc:auto_generated|_~0             ; out0             ;
; |Q|ALU_unit3:inst|lpm_mux:Mux0|mux_aqc:auto_generated|_~2             ; |Q|ALU_unit3:inst|lpm_mux:Mux0|mux_aqc:auto_generated|_~2             ; out0             ;
; |Q|ALU_unit3:inst|lpm_mux:Mux0|mux_aqc:auto_generated|_~4             ; |Q|ALU_unit3:inst|lpm_mux:Mux0|mux_aqc:auto_generated|_~4             ; out0             ;
; |Q|ALU_unit3:inst|lpm_mux:Mux0|mux_aqc:auto_generated|_~6             ; |Q|ALU_unit3:inst|lpm_mux:Mux0|mux_aqc:auto_generated|_~6             ; out0             ;
; |Q|ALU_unit3:inst|lpm_mux:Mux0|mux_aqc:auto_generated|_~7             ; |Q|ALU_unit3:inst|lpm_mux:Mux0|mux_aqc:auto_generated|_~7             ; out0             ;
; |Q|ALU_unit3:inst|lpm_mux:Mux0|mux_aqc:auto_generated|_~8             ; |Q|ALU_unit3:inst|lpm_mux:Mux0|mux_aqc:auto_generated|_~8             ; out0             ;
; |Q|ALU_unit3:inst|lpm_mux:Mux0|mux_aqc:auto_generated|_~9             ; |Q|ALU_unit3:inst|lpm_mux:Mux0|mux_aqc:auto_generated|_~9             ; out0             ;
; |Q|ALU_unit3:inst|lpm_mux:Mux0|mux_aqc:auto_generated|_~11            ; |Q|ALU_unit3:inst|lpm_mux:Mux0|mux_aqc:auto_generated|_~11            ; out0             ;
; |Q|ALU_unit3:inst|lpm_mux:Mux0|mux_aqc:auto_generated|_~13            ; |Q|ALU_unit3:inst|lpm_mux:Mux0|mux_aqc:auto_generated|_~13            ; out0             ;
; |Q|ALU_unit3:inst|lpm_mux:Mux0|mux_aqc:auto_generated|_~15            ; |Q|ALU_unit3:inst|lpm_mux:Mux0|mux_aqc:auto_generated|_~15            ; out0             ;
; |Q|ALU_unit3:inst|lpm_mux:Mux0|mux_aqc:auto_generated|_~16            ; |Q|ALU_unit3:inst|lpm_mux:Mux0|mux_aqc:auto_generated|_~16            ; out0             ;
; |Q|ALU_unit3:inst|lpm_mux:Mux0|mux_aqc:auto_generated|_~19            ; |Q|ALU_unit3:inst|lpm_mux:Mux0|mux_aqc:auto_generated|_~19            ; out0             ;
; |Q|ALU_unit3:inst|lpm_mux:Mux0|mux_aqc:auto_generated|_~20            ; |Q|ALU_unit3:inst|lpm_mux:Mux0|mux_aqc:auto_generated|_~20            ; out0             ;
; |Q|ALU_unit3:inst|lpm_mux:Mux0|mux_aqc:auto_generated|_~21            ; |Q|ALU_unit3:inst|lpm_mux:Mux0|mux_aqc:auto_generated|_~21            ; out0             ;
; |Q|ALU_unit3:inst|lpm_mux:Mux0|mux_aqc:auto_generated|_~22            ; |Q|ALU_unit3:inst|lpm_mux:Mux0|mux_aqc:auto_generated|_~22            ; out0             ;
; |Q|ALU_unit3:inst|lpm_mux:Mux0|mux_aqc:auto_generated|_~24            ; |Q|ALU_unit3:inst|lpm_mux:Mux0|mux_aqc:auto_generated|_~24            ; out0             ;
; |Q|ALU_unit3:inst|lpm_mux:Mux0|mux_aqc:auto_generated|_~26            ; |Q|ALU_unit3:inst|lpm_mux:Mux0|mux_aqc:auto_generated|_~26            ; out0             ;
; |Q|ALU_unit3:inst|lpm_mux:Mux0|mux_aqc:auto_generated|_~28            ; |Q|ALU_unit3:inst|lpm_mux:Mux0|mux_aqc:auto_generated|_~28            ; out0             ;
; |Q|ALU_unit3:inst|lpm_mux:Mux0|mux_aqc:auto_generated|_~29            ; |Q|ALU_unit3:inst|lpm_mux:Mux0|mux_aqc:auto_generated|_~29            ; out0             ;
; |Q|ALU_unit3:inst|lpm_mux:Mux0|mux_aqc:auto_generated|_~30            ; |Q|ALU_unit3:inst|lpm_mux:Mux0|mux_aqc:auto_generated|_~30            ; out0             ;
; |Q|ALU_unit3:inst|lpm_mux:Mux0|mux_aqc:auto_generated|_~31            ; |Q|ALU_unit3:inst|lpm_mux:Mux0|mux_aqc:auto_generated|_~31            ; out0             ;
; |Q|ALU_unit3:inst|lpm_mux:Mux0|mux_aqc:auto_generated|_~33            ; |Q|ALU_unit3:inst|lpm_mux:Mux0|mux_aqc:auto_generated|_~33            ; out0             ;
; |Q|ALU_unit3:inst|lpm_mux:Mux0|mux_aqc:auto_generated|_~35            ; |Q|ALU_unit3:inst|lpm_mux:Mux0|mux_aqc:auto_generated|_~35            ; out0             ;
; |Q|ALU_unit3:inst|lpm_mux:Mux0|mux_aqc:auto_generated|_~37            ; |Q|ALU_unit3:inst|lpm_mux:Mux0|mux_aqc:auto_generated|_~37            ; out0             ;
; |Q|ALU_unit3:inst|lpm_mux:Mux0|mux_aqc:auto_generated|_~38            ; |Q|ALU_unit3:inst|lpm_mux:Mux0|mux_aqc:auto_generated|_~38            ; out0             ;
; |Q|ALU_unit3:inst|lpm_mux:Mux0|mux_aqc:auto_generated|_~41            ; |Q|ALU_unit3:inst|lpm_mux:Mux0|mux_aqc:auto_generated|_~41            ; out0             ;
; |Q|ALU_unit3:inst|lpm_mux:Mux0|mux_aqc:auto_generated|_~42            ; |Q|ALU_unit3:inst|lpm_mux:Mux0|mux_aqc:auto_generated|_~42            ; out0             ;
; |Q|ALU_unit3:inst|lpm_mux:Mux0|mux_aqc:auto_generated|_~44            ; |Q|ALU_unit3:inst|lpm_mux:Mux0|mux_aqc:auto_generated|_~44            ; out0             ;
; |Q|ALU_unit3:inst|lpm_mux:Mux0|mux_aqc:auto_generated|_~46            ; |Q|ALU_unit3:inst|lpm_mux:Mux0|mux_aqc:auto_generated|_~46            ; out0             ;
; |Q|ALU_unit3:inst|lpm_mux:Mux0|mux_aqc:auto_generated|_~47            ; |Q|ALU_unit3:inst|lpm_mux:Mux0|mux_aqc:auto_generated|_~47            ; out0             ;
; |Q|ALU_unit3:inst|lpm_mux:Mux0|mux_aqc:auto_generated|_~49            ; |Q|ALU_unit3:inst|lpm_mux:Mux0|mux_aqc:auto_generated|_~49            ; out0             ;
; |Q|ALU_unit3:inst|lpm_mux:Mux0|mux_aqc:auto_generated|_~51            ; |Q|ALU_unit3:inst|lpm_mux:Mux0|mux_aqc:auto_generated|_~51            ; out0             ;
; |Q|ALU_unit3:inst|lpm_mux:Mux0|mux_aqc:auto_generated|_~53            ; |Q|ALU_unit3:inst|lpm_mux:Mux0|mux_aqc:auto_generated|_~53            ; out0             ;
; |Q|ALU_unit3:inst|lpm_mux:Mux0|mux_aqc:auto_generated|_~54            ; |Q|ALU_unit3:inst|lpm_mux:Mux0|mux_aqc:auto_generated|_~54            ; out0             ;
; |Q|ALU_unit3:inst|lpm_mux:Mux0|mux_aqc:auto_generated|_~55            ; |Q|ALU_unit3:inst|lpm_mux:Mux0|mux_aqc:auto_generated|_~55            ; out0             ;
; |Q|ALU_unit3:inst|lpm_mux:Mux0|mux_aqc:auto_generated|_~56            ; |Q|ALU_unit3:inst|lpm_mux:Mux0|mux_aqc:auto_generated|_~56            ; out0             ;
; |Q|ALU_unit3:inst|lpm_mux:Mux0|mux_aqc:auto_generated|_~58            ; |Q|ALU_unit3:inst|lpm_mux:Mux0|mux_aqc:auto_generated|_~58            ; out0             ;
; |Q|ALU_unit3:inst|lpm_mux:Mux0|mux_aqc:auto_generated|_~60            ; |Q|ALU_unit3:inst|lpm_mux:Mux0|mux_aqc:auto_generated|_~60            ; out0             ;
; |Q|ALU_unit3:inst|lpm_mux:Mux0|mux_aqc:auto_generated|_~62            ; |Q|ALU_unit3:inst|lpm_mux:Mux0|mux_aqc:auto_generated|_~62            ; out0             ;
; |Q|ALU_unit3:inst|lpm_mux:Mux0|mux_aqc:auto_generated|_~63            ; |Q|ALU_unit3:inst|lpm_mux:Mux0|mux_aqc:auto_generated|_~63            ; out0             ;
; |Q|ALU_unit3:inst|lpm_mux:Mux0|mux_aqc:auto_generated|_~66            ; |Q|ALU_unit3:inst|lpm_mux:Mux0|mux_aqc:auto_generated|_~66            ; out0             ;
; |Q|ALU_unit3:inst|lpm_mux:Mux0|mux_aqc:auto_generated|_~67            ; |Q|ALU_unit3:inst|lpm_mux:Mux0|mux_aqc:auto_generated|_~67            ; out0             ;
; |Q|ALU_unit3:inst|lpm_mux:Mux0|mux_aqc:auto_generated|_~69            ; |Q|ALU_unit3:inst|lpm_mux:Mux0|mux_aqc:auto_generated|_~69            ; out0             ;
; |Q|ALU_unit3:inst|lpm_mux:Mux0|mux_aqc:auto_generated|_~70            ; |Q|ALU_unit3:inst|lpm_mux:Mux0|mux_aqc:auto_generated|_~70            ; out0             ;
; |Q|ALU_unit3:inst|lpm_mux:Mux0|mux_aqc:auto_generated|_~71            ; |Q|ALU_unit3:inst|lpm_mux:Mux0|mux_aqc:auto_generated|_~71            ; out0             ;
; |Q|ALU_unit3:inst|lpm_mux:Mux0|mux_aqc:auto_generated|_~72            ; |Q|ALU_unit3:inst|lpm_mux:Mux0|mux_aqc:auto_generated|_~72            ; out0             ;
; |Q|ALU_unit3:inst|lpm_mux:Mux0|mux_aqc:auto_generated|_~73            ; |Q|ALU_unit3:inst|lpm_mux:Mux0|mux_aqc:auto_generated|_~73            ; out0             ;
; |Q|ALU_unit3:inst|lpm_mux:Mux0|mux_aqc:auto_generated|_~75            ; |Q|ALU_unit3:inst|lpm_mux:Mux0|mux_aqc:auto_generated|_~75            ; out0             ;
; |Q|ALU_unit3:inst|lpm_mux:Mux0|mux_aqc:auto_generated|_~77            ; |Q|ALU_unit3:inst|lpm_mux:Mux0|mux_aqc:auto_generated|_~77            ; out0             ;
; |Q|ALU_unit3:inst|lpm_mux:Mux0|mux_aqc:auto_generated|_~79            ; |Q|ALU_unit3:inst|lpm_mux:Mux0|mux_aqc:auto_generated|_~79            ; out0             ;
; |Q|ALU_unit3:inst|lpm_mux:Mux0|mux_aqc:auto_generated|_~80            ; |Q|ALU_unit3:inst|lpm_mux:Mux0|mux_aqc:auto_generated|_~80            ; out0             ;
; |Q|ALU_unit3:inst|lpm_mux:Mux0|mux_aqc:auto_generated|_~81            ; |Q|ALU_unit3:inst|lpm_mux:Mux0|mux_aqc:auto_generated|_~81            ; out0             ;
; |Q|ALU_unit3:inst|lpm_mux:Mux0|mux_aqc:auto_generated|_~82            ; |Q|ALU_unit3:inst|lpm_mux:Mux0|mux_aqc:auto_generated|_~82            ; out0             ;
; |Q|ALU_unit3:inst|lpm_mux:Mux0|mux_aqc:auto_generated|_~84            ; |Q|ALU_unit3:inst|lpm_mux:Mux0|mux_aqc:auto_generated|_~84            ; out0             ;
; |Q|ALU_unit3:inst|lpm_mux:Mux0|mux_aqc:auto_generated|_~86            ; |Q|ALU_unit3:inst|lpm_mux:Mux0|mux_aqc:auto_generated|_~86            ; out0             ;
; |Q|ALU_unit3:inst|lpm_mux:Mux0|mux_aqc:auto_generated|_~88            ; |Q|ALU_unit3:inst|lpm_mux:Mux0|mux_aqc:auto_generated|_~88            ; out0             ;
; |Q|ALU_unit3:inst|lpm_mux:Mux0|mux_aqc:auto_generated|_~89            ; |Q|ALU_unit3:inst|lpm_mux:Mux0|mux_aqc:auto_generated|_~89            ; out0             ;
; |Q|ALU_unit3:inst|lpm_mux:Mux0|mux_aqc:auto_generated|_~92            ; |Q|ALU_unit3:inst|lpm_mux:Mux0|mux_aqc:auto_generated|_~92            ; out0             ;
; |Q|ALU_unit3:inst|lpm_mux:Mux0|mux_aqc:auto_generated|_~93            ; |Q|ALU_unit3:inst|lpm_mux:Mux0|mux_aqc:auto_generated|_~93            ; out0             ;
; |Q|ALU_unit3:inst|lpm_mux:Mux0|mux_aqc:auto_generated|_~95            ; |Q|ALU_unit3:inst|lpm_mux:Mux0|mux_aqc:auto_generated|_~95            ; out0             ;
; |Q|ALU_unit3:inst|lpm_mux:Mux0|mux_aqc:auto_generated|_~97            ; |Q|ALU_unit3:inst|lpm_mux:Mux0|mux_aqc:auto_generated|_~97            ; out0             ;
; |Q|ALU_unit3:inst|lpm_mux:Mux0|mux_aqc:auto_generated|_~98            ; |Q|ALU_unit3:inst|lpm_mux:Mux0|mux_aqc:auto_generated|_~98            ; out0             ;
; |Q|ALU_unit3:inst|lpm_mux:Mux0|mux_aqc:auto_generated|_~100           ; |Q|ALU_unit3:inst|lpm_mux:Mux0|mux_aqc:auto_generated|_~100           ; out0             ;
; |Q|ALU_unit3:inst|lpm_mux:Mux0|mux_aqc:auto_generated|_~102           ; |Q|ALU_unit3:inst|lpm_mux:Mux0|mux_aqc:auto_generated|_~102           ; out0             ;
; |Q|ALU_unit3:inst|lpm_mux:Mux0|mux_aqc:auto_generated|_~104           ; |Q|ALU_unit3:inst|lpm_mux:Mux0|mux_aqc:auto_generated|_~104           ; out0             ;
; |Q|ALU_unit3:inst|lpm_mux:Mux0|mux_aqc:auto_generated|_~105           ; |Q|ALU_unit3:inst|lpm_mux:Mux0|mux_aqc:auto_generated|_~105           ; out0             ;
; |Q|ALU_unit3:inst|lpm_mux:Mux0|mux_aqc:auto_generated|_~106           ; |Q|ALU_unit3:inst|lpm_mux:Mux0|mux_aqc:auto_generated|_~106           ; out0             ;
; |Q|ALU_unit3:inst|lpm_mux:Mux0|mux_aqc:auto_generated|_~107           ; |Q|ALU_unit3:inst|lpm_mux:Mux0|mux_aqc:auto_generated|_~107           ; out0             ;
; |Q|ALU_unit3:inst|lpm_mux:Mux0|mux_aqc:auto_generated|_~109           ; |Q|ALU_unit3:inst|lpm_mux:Mux0|mux_aqc:auto_generated|_~109           ; out0             ;
; |Q|ALU_unit3:inst|lpm_mux:Mux0|mux_aqc:auto_generated|_~111           ; |Q|ALU_unit3:inst|lpm_mux:Mux0|mux_aqc:auto_generated|_~111           ; out0             ;
; |Q|ALU_unit3:inst|lpm_mux:Mux0|mux_aqc:auto_generated|_~113           ; |Q|ALU_unit3:inst|lpm_mux:Mux0|mux_aqc:auto_generated|_~113           ; out0             ;
; |Q|ALU_unit3:inst|lpm_mux:Mux0|mux_aqc:auto_generated|_~114           ; |Q|ALU_unit3:inst|lpm_mux:Mux0|mux_aqc:auto_generated|_~114           ; out0             ;
; |Q|ALU_unit3:inst|lpm_mux:Mux0|mux_aqc:auto_generated|_~117           ; |Q|ALU_unit3:inst|lpm_mux:Mux0|mux_aqc:auto_generated|_~117           ; out0             ;
; |Q|ALU_unit3:inst|lpm_mux:Mux0|mux_aqc:auto_generated|_~118           ; |Q|ALU_unit3:inst|lpm_mux:Mux0|mux_aqc:auto_generated|_~118           ; out0             ;
; |Q|ALU_unit3:inst|lpm_mux:Mux0|mux_aqc:auto_generated|_~120           ; |Q|ALU_unit3:inst|lpm_mux:Mux0|mux_aqc:auto_generated|_~120           ; out0             ;
; |Q|ALU_unit3:inst|lpm_mux:Mux0|mux_aqc:auto_generated|_~121           ; |Q|ALU_unit3:inst|lpm_mux:Mux0|mux_aqc:auto_generated|_~121           ; out0             ;
; |Q|ALU_unit3:inst|lpm_mux:Mux0|mux_aqc:auto_generated|_~122           ; |Q|ALU_unit3:inst|lpm_mux:Mux0|mux_aqc:auto_generated|_~122           ; out0             ;
; |Q|ALU_unit3:inst|lpm_mux:Mux0|mux_aqc:auto_generated|_~124           ; |Q|ALU_unit3:inst|lpm_mux:Mux0|mux_aqc:auto_generated|_~124           ; out0             ;
; |Q|ALU_unit3:inst|lpm_mux:Mux0|mux_aqc:auto_generated|_~126           ; |Q|ALU_unit3:inst|lpm_mux:Mux0|mux_aqc:auto_generated|_~126           ; out0             ;
; |Q|ALU_unit3:inst|lpm_mux:Mux0|mux_aqc:auto_generated|_~128           ; |Q|ALU_unit3:inst|lpm_mux:Mux0|mux_aqc:auto_generated|_~128           ; out0             ;
; |Q|ALU_unit3:inst|lpm_mux:Mux0|mux_aqc:auto_generated|_~129           ; |Q|ALU_unit3:inst|lpm_mux:Mux0|mux_aqc:auto_generated|_~129           ; out0             ;
; |Q|ALU_unit3:inst|lpm_mux:Mux0|mux_aqc:auto_generated|_~130           ; |Q|ALU_unit3:inst|lpm_mux:Mux0|mux_aqc:auto_generated|_~130           ; out0             ;
; |Q|ALU_unit3:inst|lpm_mux:Mux0|mux_aqc:auto_generated|_~131           ; |Q|ALU_unit3:inst|lpm_mux:Mux0|mux_aqc:auto_generated|_~131           ; out0             ;
; |Q|ALU_unit3:inst|lpm_mux:Mux0|mux_aqc:auto_generated|_~133           ; |Q|ALU_unit3:inst|lpm_mux:Mux0|mux_aqc:auto_generated|_~133           ; out0             ;
; |Q|ALU_unit3:inst|lpm_mux:Mux0|mux_aqc:auto_generated|_~135           ; |Q|ALU_unit3:inst|lpm_mux:Mux0|mux_aqc:auto_generated|_~135           ; out0             ;
; |Q|ALU_unit3:inst|lpm_mux:Mux0|mux_aqc:auto_generated|_~137           ; |Q|ALU_unit3:inst|lpm_mux:Mux0|mux_aqc:auto_generated|_~137           ; out0             ;
; |Q|ALU_unit3:inst|lpm_mux:Mux0|mux_aqc:auto_generated|_~138           ; |Q|ALU_unit3:inst|lpm_mux:Mux0|mux_aqc:auto_generated|_~138           ; out0             ;
; |Q|ALU_unit3:inst|lpm_mux:Mux0|mux_aqc:auto_generated|_~141           ; |Q|ALU_unit3:inst|lpm_mux:Mux0|mux_aqc:auto_generated|_~141           ; out0             ;
; |Q|ALU_unit3:inst|lpm_mux:Mux0|mux_aqc:auto_generated|_~142           ; |Q|ALU_unit3:inst|lpm_mux:Mux0|mux_aqc:auto_generated|_~142           ; out0             ;
; |Q|ALU_unit3:inst|lpm_mux:Mux0|mux_aqc:auto_generated|_~145           ; |Q|ALU_unit3:inst|lpm_mux:Mux0|mux_aqc:auto_generated|_~145           ; out0             ;
; |Q|ALU_unit3:inst|lpm_mux:Mux0|mux_aqc:auto_generated|_~146           ; |Q|ALU_unit3:inst|lpm_mux:Mux0|mux_aqc:auto_generated|_~146           ; out0             ;
; |Q|ALU_unit3:inst|lpm_mux:Mux0|mux_aqc:auto_generated|_~147           ; |Q|ALU_unit3:inst|lpm_mux:Mux0|mux_aqc:auto_generated|_~147           ; out0             ;
; |Q|ALU_unit3:inst|lpm_mux:Mux0|mux_aqc:auto_generated|_~148           ; |Q|ALU_unit3:inst|lpm_mux:Mux0|mux_aqc:auto_generated|_~148           ; out0             ;
; |Q|ALU_unit3:inst|lpm_mux:Mux0|mux_aqc:auto_generated|_~150           ; |Q|ALU_unit3:inst|lpm_mux:Mux0|mux_aqc:auto_generated|_~150           ; out0             ;
; |Q|ALU_unit3:inst|lpm_mux:Mux0|mux_aqc:auto_generated|_~152           ; |Q|ALU_unit3:inst|lpm_mux:Mux0|mux_aqc:auto_generated|_~152           ; out0             ;
; |Q|ALU_unit3:inst|lpm_mux:Mux0|mux_aqc:auto_generated|_~154           ; |Q|ALU_unit3:inst|lpm_mux:Mux0|mux_aqc:auto_generated|_~154           ; out0             ;
; |Q|ALU_unit3:inst|lpm_mux:Mux0|mux_aqc:auto_generated|_~155           ; |Q|ALU_unit3:inst|lpm_mux:Mux0|mux_aqc:auto_generated|_~155           ; out0             ;
; |Q|ALU_unit3:inst|lpm_mux:Mux0|mux_aqc:auto_generated|_~156           ; |Q|ALU_unit3:inst|lpm_mux:Mux0|mux_aqc:auto_generated|_~156           ; out0             ;
; |Q|ALU_unit3:inst|lpm_mux:Mux0|mux_aqc:auto_generated|_~157           ; |Q|ALU_unit3:inst|lpm_mux:Mux0|mux_aqc:auto_generated|_~157           ; out0             ;
; |Q|ALU_unit3:inst|lpm_mux:Mux0|mux_aqc:auto_generated|_~159           ; |Q|ALU_unit3:inst|lpm_mux:Mux0|mux_aqc:auto_generated|_~159           ; out0             ;
; |Q|ALU_unit3:inst|lpm_mux:Mux0|mux_aqc:auto_generated|_~161           ; |Q|ALU_unit3:inst|lpm_mux:Mux0|mux_aqc:auto_generated|_~161           ; out0             ;
; |Q|ALU_unit3:inst|lpm_mux:Mux0|mux_aqc:auto_generated|_~163           ; |Q|ALU_unit3:inst|lpm_mux:Mux0|mux_aqc:auto_generated|_~163           ; out0             ;
; |Q|ALU_unit3:inst|lpm_mux:Mux0|mux_aqc:auto_generated|_~164           ; |Q|ALU_unit3:inst|lpm_mux:Mux0|mux_aqc:auto_generated|_~164           ; out0             ;
; |Q|ALU_unit3:inst|lpm_mux:Mux0|mux_aqc:auto_generated|_~167           ; |Q|ALU_unit3:inst|lpm_mux:Mux0|mux_aqc:auto_generated|_~167           ; out0             ;
; |Q|ALU_unit3:inst|lpm_mux:Mux0|mux_aqc:auto_generated|_~168           ; |Q|ALU_unit3:inst|lpm_mux:Mux0|mux_aqc:auto_generated|_~168           ; out0             ;
; |Q|ALU_unit3:inst|lpm_mux:Mux0|mux_aqc:auto_generated|_~169           ; |Q|ALU_unit3:inst|lpm_mux:Mux0|mux_aqc:auto_generated|_~169           ; out0             ;
; |Q|ALU_unit3:inst|lpm_mux:Mux0|mux_aqc:auto_generated|_~170           ; |Q|ALU_unit3:inst|lpm_mux:Mux0|mux_aqc:auto_generated|_~170           ; out0             ;
; |Q|ALU_unit3:inst|lpm_mux:Mux0|mux_aqc:auto_generated|_~176           ; |Q|ALU_unit3:inst|lpm_mux:Mux0|mux_aqc:auto_generated|_~176           ; out0             ;
; |Q|ALU_unit3:inst|lpm_mux:Mux0|mux_aqc:auto_generated|_~179           ; |Q|ALU_unit3:inst|lpm_mux:Mux0|mux_aqc:auto_generated|_~179           ; out0             ;
; |Q|ALU_unit3:inst|lpm_mux:Mux0|mux_aqc:auto_generated|_~185           ; |Q|ALU_unit3:inst|lpm_mux:Mux0|mux_aqc:auto_generated|_~185           ; out0             ;
; |Q|ALU_unit3:inst|lpm_mux:Mux0|mux_aqc:auto_generated|_~195           ; |Q|ALU_unit3:inst|lpm_mux:Mux0|mux_aqc:auto_generated|_~195           ; out0             ;
; |Q|ALU_unit3:inst|lpm_mux:Mux0|mux_aqc:auto_generated|_~197           ; |Q|ALU_unit3:inst|lpm_mux:Mux0|mux_aqc:auto_generated|_~197           ; out0             ;
; |Q|ALU_unit3:inst|lpm_mux:Mux0|mux_aqc:auto_generated|_~199           ; |Q|ALU_unit3:inst|lpm_mux:Mux0|mux_aqc:auto_generated|_~199           ; out0             ;
; |Q|ALU_unit3:inst|lpm_mux:Mux0|mux_aqc:auto_generated|_~201           ; |Q|ALU_unit3:inst|lpm_mux:Mux0|mux_aqc:auto_generated|_~201           ; out0             ;
; |Q|ALU_unit3:inst|lpm_mux:Mux0|mux_aqc:auto_generated|_~202           ; |Q|ALU_unit3:inst|lpm_mux:Mux0|mux_aqc:auto_generated|_~202           ; out0             ;
; |Q|ALU_unit3:inst|lpm_mux:Mux0|mux_aqc:auto_generated|_~203           ; |Q|ALU_unit3:inst|lpm_mux:Mux0|mux_aqc:auto_generated|_~203           ; out0             ;
; |Q|ALU_unit3:inst|lpm_mux:Mux0|mux_aqc:auto_generated|_~204           ; |Q|ALU_unit3:inst|lpm_mux:Mux0|mux_aqc:auto_generated|_~204           ; out0             ;
; |Q|ALU_unit3:inst|lpm_mux:Mux0|mux_aqc:auto_generated|_~206           ; |Q|ALU_unit3:inst|lpm_mux:Mux0|mux_aqc:auto_generated|_~206           ; out0             ;
; |Q|ALU_unit3:inst|lpm_mux:Mux0|mux_aqc:auto_generated|_~208           ; |Q|ALU_unit3:inst|lpm_mux:Mux0|mux_aqc:auto_generated|_~208           ; out0             ;
; |Q|ALU_unit3:inst|lpm_mux:Mux0|mux_aqc:auto_generated|_~210           ; |Q|ALU_unit3:inst|lpm_mux:Mux0|mux_aqc:auto_generated|_~210           ; out0             ;
; |Q|ALU_unit3:inst|lpm_mux:Mux0|mux_aqc:auto_generated|_~211           ; |Q|ALU_unit3:inst|lpm_mux:Mux0|mux_aqc:auto_generated|_~211           ; out0             ;
; |Q|ALU_unit3:inst|lpm_mux:Mux0|mux_aqc:auto_generated|_~214           ; |Q|ALU_unit3:inst|lpm_mux:Mux0|mux_aqc:auto_generated|_~214           ; out0             ;
; |Q|ALU_unit3:inst|lpm_mux:Mux0|mux_aqc:auto_generated|_~215           ; |Q|ALU_unit3:inst|lpm_mux:Mux0|mux_aqc:auto_generated|_~215           ; out0             ;
; |Q|ALU_unit3:inst|lpm_mux:Mux0|mux_aqc:auto_generated|_~217           ; |Q|ALU_unit3:inst|lpm_mux:Mux0|mux_aqc:auto_generated|_~217           ; out0             ;
; |Q|ALU_unit3:inst|lpm_mux:Mux0|mux_aqc:auto_generated|_~220           ; |Q|ALU_unit3:inst|lpm_mux:Mux0|mux_aqc:auto_generated|_~220           ; out0             ;
; |Q|ALU_unit3:inst|lpm_mux:Mux0|mux_aqc:auto_generated|_~221           ; |Q|ALU_unit3:inst|lpm_mux:Mux0|mux_aqc:auto_generated|_~221           ; out0             ;
; |Q|ALU_unit3:inst|lpm_mux:Mux0|mux_aqc:auto_generated|_~227           ; |Q|ALU_unit3:inst|lpm_mux:Mux0|mux_aqc:auto_generated|_~227           ; out0             ;
; |Q|ALU_unit3:inst|lpm_mux:Mux0|mux_aqc:auto_generated|_~230           ; |Q|ALU_unit3:inst|lpm_mux:Mux0|mux_aqc:auto_generated|_~230           ; out0             ;
; |Q|ALU_unit3:inst|lpm_mux:Mux0|mux_aqc:auto_generated|_~236           ; |Q|ALU_unit3:inst|lpm_mux:Mux0|mux_aqc:auto_generated|_~236           ; out0             ;
; |Q|ALU_unit3:inst|lpm_mux:Mux0|mux_aqc:auto_generated|_~246           ; |Q|ALU_unit3:inst|lpm_mux:Mux0|mux_aqc:auto_generated|_~246           ; out0             ;
; |Q|ALU_unit3:inst|lpm_mux:Mux0|mux_aqc:auto_generated|_~248           ; |Q|ALU_unit3:inst|lpm_mux:Mux0|mux_aqc:auto_generated|_~248           ; out0             ;
; |Q|ALU_unit3:inst|lpm_mux:Mux0|mux_aqc:auto_generated|_~250           ; |Q|ALU_unit3:inst|lpm_mux:Mux0|mux_aqc:auto_generated|_~250           ; out0             ;
; |Q|ALU_unit3:inst|lpm_mux:Mux0|mux_aqc:auto_generated|_~252           ; |Q|ALU_unit3:inst|lpm_mux:Mux0|mux_aqc:auto_generated|_~252           ; out0             ;
; |Q|ALU_unit3:inst|lpm_mux:Mux0|mux_aqc:auto_generated|_~253           ; |Q|ALU_unit3:inst|lpm_mux:Mux0|mux_aqc:auto_generated|_~253           ; out0             ;
; |Q|ALU_unit3:inst|lpm_mux:Mux0|mux_aqc:auto_generated|_~254           ; |Q|ALU_unit3:inst|lpm_mux:Mux0|mux_aqc:auto_generated|_~254           ; out0             ;
; |Q|ALU_unit3:inst|lpm_mux:Mux0|mux_aqc:auto_generated|_~255           ; |Q|ALU_unit3:inst|lpm_mux:Mux0|mux_aqc:auto_generated|_~255           ; out0             ;
; |Q|ALU_unit3:inst|lpm_mux:Mux0|mux_aqc:auto_generated|_~257           ; |Q|ALU_unit3:inst|lpm_mux:Mux0|mux_aqc:auto_generated|_~257           ; out0             ;
; |Q|ALU_unit3:inst|lpm_mux:Mux0|mux_aqc:auto_generated|_~259           ; |Q|ALU_unit3:inst|lpm_mux:Mux0|mux_aqc:auto_generated|_~259           ; out0             ;
; |Q|ALU_unit3:inst|lpm_mux:Mux0|mux_aqc:auto_generated|_~261           ; |Q|ALU_unit3:inst|lpm_mux:Mux0|mux_aqc:auto_generated|_~261           ; out0             ;
; |Q|ALU_unit3:inst|lpm_mux:Mux0|mux_aqc:auto_generated|_~262           ; |Q|ALU_unit3:inst|lpm_mux:Mux0|mux_aqc:auto_generated|_~262           ; out0             ;
; |Q|ALU_unit3:inst|lpm_mux:Mux0|mux_aqc:auto_generated|_~265           ; |Q|ALU_unit3:inst|lpm_mux:Mux0|mux_aqc:auto_generated|_~265           ; out0             ;
; |Q|ALU_unit3:inst|lpm_mux:Mux0|mux_aqc:auto_generated|_~266           ; |Q|ALU_unit3:inst|lpm_mux:Mux0|mux_aqc:auto_generated|_~266           ; out0             ;
; |Q|ALU_unit3:inst|lpm_mux:Mux0|mux_aqc:auto_generated|_~268           ; |Q|ALU_unit3:inst|lpm_mux:Mux0|mux_aqc:auto_generated|_~268           ; out0             ;
; |Q|ALU_unit3:inst|lpm_mux:Mux0|mux_aqc:auto_generated|_~270           ; |Q|ALU_unit3:inst|lpm_mux:Mux0|mux_aqc:auto_generated|_~270           ; out0             ;
; |Q|ALU_unit3:inst|lpm_mux:Mux0|mux_aqc:auto_generated|_~272           ; |Q|ALU_unit3:inst|lpm_mux:Mux0|mux_aqc:auto_generated|_~272           ; out0             ;
; |Q|ALU_unit3:inst|lpm_mux:Mux0|mux_aqc:auto_generated|_~274           ; |Q|ALU_unit3:inst|lpm_mux:Mux0|mux_aqc:auto_generated|_~274           ; out0             ;
; |Q|ALU_unit3:inst|lpm_mux:Mux0|mux_aqc:auto_generated|_~276           ; |Q|ALU_unit3:inst|lpm_mux:Mux0|mux_aqc:auto_generated|_~276           ; out0             ;
; |Q|ALU_unit3:inst|lpm_mux:Mux0|mux_aqc:auto_generated|_~277           ; |Q|ALU_unit3:inst|lpm_mux:Mux0|mux_aqc:auto_generated|_~277           ; out0             ;
; |Q|ALU_unit3:inst|lpm_mux:Mux0|mux_aqc:auto_generated|_~278           ; |Q|ALU_unit3:inst|lpm_mux:Mux0|mux_aqc:auto_generated|_~278           ; out0             ;
; |Q|ALU_unit3:inst|lpm_mux:Mux0|mux_aqc:auto_generated|_~279           ; |Q|ALU_unit3:inst|lpm_mux:Mux0|mux_aqc:auto_generated|_~279           ; out0             ;
; |Q|ALU_unit3:inst|lpm_mux:Mux0|mux_aqc:auto_generated|_~281           ; |Q|ALU_unit3:inst|lpm_mux:Mux0|mux_aqc:auto_generated|_~281           ; out0             ;
; |Q|ALU_unit3:inst|lpm_mux:Mux0|mux_aqc:auto_generated|_~283           ; |Q|ALU_unit3:inst|lpm_mux:Mux0|mux_aqc:auto_generated|_~283           ; out0             ;
; |Q|ALU_unit3:inst|lpm_mux:Mux0|mux_aqc:auto_generated|_~285           ; |Q|ALU_unit3:inst|lpm_mux:Mux0|mux_aqc:auto_generated|_~285           ; out0             ;
; |Q|ALU_unit3:inst|lpm_mux:Mux0|mux_aqc:auto_generated|_~286           ; |Q|ALU_unit3:inst|lpm_mux:Mux0|mux_aqc:auto_generated|_~286           ; out0             ;
; |Q|ALU_unit3:inst|lpm_mux:Mux0|mux_aqc:auto_generated|_~289           ; |Q|ALU_unit3:inst|lpm_mux:Mux0|mux_aqc:auto_generated|_~289           ; out0             ;
; |Q|ALU_unit3:inst|lpm_mux:Mux0|mux_aqc:auto_generated|_~290           ; |Q|ALU_unit3:inst|lpm_mux:Mux0|mux_aqc:auto_generated|_~290           ; out0             ;
; |Q|ALU_unit3:inst|lpm_mux:Mux0|mux_aqc:auto_generated|_~299           ; |Q|ALU_unit3:inst|lpm_mux:Mux0|mux_aqc:auto_generated|_~299           ; out0             ;
; |Q|ALU_unit3:inst|lpm_mux:Mux0|mux_aqc:auto_generated|_~301           ; |Q|ALU_unit3:inst|lpm_mux:Mux0|mux_aqc:auto_generated|_~301           ; out0             ;
; |Q|ALU_unit3:inst|lpm_mux:Mux0|mux_aqc:auto_generated|_~303           ; |Q|ALU_unit3:inst|lpm_mux:Mux0|mux_aqc:auto_generated|_~303           ; out0             ;
; |Q|ALU_unit3:inst|lpm_mux:Mux0|mux_aqc:auto_generated|_~305           ; |Q|ALU_unit3:inst|lpm_mux:Mux0|mux_aqc:auto_generated|_~305           ; out0             ;
; |Q|ALU_unit3:inst|lpm_mux:Mux0|mux_aqc:auto_generated|_~306           ; |Q|ALU_unit3:inst|lpm_mux:Mux0|mux_aqc:auto_generated|_~306           ; out0             ;
; |Q|ALU_unit3:inst|lpm_mux:Mux0|mux_aqc:auto_generated|_~307           ; |Q|ALU_unit3:inst|lpm_mux:Mux0|mux_aqc:auto_generated|_~307           ; out0             ;
; |Q|ALU_unit3:inst|lpm_mux:Mux0|mux_aqc:auto_generated|_~308           ; |Q|ALU_unit3:inst|lpm_mux:Mux0|mux_aqc:auto_generated|_~308           ; out0             ;
; |Q|ALU_unit3:inst|lpm_mux:Mux0|mux_aqc:auto_generated|_~310           ; |Q|ALU_unit3:inst|lpm_mux:Mux0|mux_aqc:auto_generated|_~310           ; out0             ;
; |Q|ALU_unit3:inst|lpm_mux:Mux0|mux_aqc:auto_generated|_~312           ; |Q|ALU_unit3:inst|lpm_mux:Mux0|mux_aqc:auto_generated|_~312           ; out0             ;
; |Q|ALU_unit3:inst|lpm_mux:Mux0|mux_aqc:auto_generated|_~314           ; |Q|ALU_unit3:inst|lpm_mux:Mux0|mux_aqc:auto_generated|_~314           ; out0             ;
; |Q|ALU_unit3:inst|lpm_mux:Mux0|mux_aqc:auto_generated|_~315           ; |Q|ALU_unit3:inst|lpm_mux:Mux0|mux_aqc:auto_generated|_~315           ; out0             ;
; |Q|ALU_unit3:inst|lpm_mux:Mux0|mux_aqc:auto_generated|_~318           ; |Q|ALU_unit3:inst|lpm_mux:Mux0|mux_aqc:auto_generated|_~318           ; out0             ;
; |Q|ALU_unit3:inst|lpm_mux:Mux0|mux_aqc:auto_generated|_~319           ; |Q|ALU_unit3:inst|lpm_mux:Mux0|mux_aqc:auto_generated|_~319           ; out0             ;
; |Q|ALU_unit3:inst|lpm_mux:Mux0|mux_aqc:auto_generated|_~320           ; |Q|ALU_unit3:inst|lpm_mux:Mux0|mux_aqc:auto_generated|_~320           ; out0             ;
; |Q|ALU_unit3:inst|lpm_mux:Mux0|mux_aqc:auto_generated|_~321           ; |Q|ALU_unit3:inst|lpm_mux:Mux0|mux_aqc:auto_generated|_~321           ; out0             ;
; |Q|ALU_unit3:inst|lpm_mux:Mux0|mux_aqc:auto_generated|_~323           ; |Q|ALU_unit3:inst|lpm_mux:Mux0|mux_aqc:auto_generated|_~323           ; out0             ;
; |Q|ALU_unit3:inst|lpm_mux:Mux0|mux_aqc:auto_generated|_~325           ; |Q|ALU_unit3:inst|lpm_mux:Mux0|mux_aqc:auto_generated|_~325           ; out0             ;
; |Q|ALU_unit3:inst|lpm_mux:Mux0|mux_aqc:auto_generated|_~327           ; |Q|ALU_unit3:inst|lpm_mux:Mux0|mux_aqc:auto_generated|_~327           ; out0             ;
; |Q|ALU_unit3:inst|lpm_mux:Mux0|mux_aqc:auto_generated|_~328           ; |Q|ALU_unit3:inst|lpm_mux:Mux0|mux_aqc:auto_generated|_~328           ; out0             ;
; |Q|ALU_unit3:inst|lpm_mux:Mux0|mux_aqc:auto_generated|_~329           ; |Q|ALU_unit3:inst|lpm_mux:Mux0|mux_aqc:auto_generated|_~329           ; out0             ;
; |Q|ALU_unit3:inst|lpm_mux:Mux0|mux_aqc:auto_generated|_~330           ; |Q|ALU_unit3:inst|lpm_mux:Mux0|mux_aqc:auto_generated|_~330           ; out0             ;
; |Q|ALU_unit3:inst|lpm_mux:Mux0|mux_aqc:auto_generated|_~332           ; |Q|ALU_unit3:inst|lpm_mux:Mux0|mux_aqc:auto_generated|_~332           ; out0             ;
; |Q|ALU_unit3:inst|lpm_mux:Mux0|mux_aqc:auto_generated|_~334           ; |Q|ALU_unit3:inst|lpm_mux:Mux0|mux_aqc:auto_generated|_~334           ; out0             ;
; |Q|ALU_unit3:inst|lpm_mux:Mux0|mux_aqc:auto_generated|_~336           ; |Q|ALU_unit3:inst|lpm_mux:Mux0|mux_aqc:auto_generated|_~336           ; out0             ;
; |Q|ALU_unit3:inst|lpm_mux:Mux0|mux_aqc:auto_generated|_~337           ; |Q|ALU_unit3:inst|lpm_mux:Mux0|mux_aqc:auto_generated|_~337           ; out0             ;
; |Q|ALU_unit3:inst|lpm_mux:Mux0|mux_aqc:auto_generated|_~340           ; |Q|ALU_unit3:inst|lpm_mux:Mux0|mux_aqc:auto_generated|_~340           ; out0             ;
; |Q|ALU_unit3:inst|lpm_mux:Mux0|mux_aqc:auto_generated|_~341           ; |Q|ALU_unit3:inst|lpm_mux:Mux0|mux_aqc:auto_generated|_~341           ; out0             ;
; |Q|ALU_unit3:inst|lpm_mux:Mux0|mux_aqc:auto_generated|_~343           ; |Q|ALU_unit3:inst|lpm_mux:Mux0|mux_aqc:auto_generated|_~343           ; out0             ;
; |Q|ALU_unit3:inst|lpm_mux:Mux0|mux_aqc:auto_generated|_~345           ; |Q|ALU_unit3:inst|lpm_mux:Mux0|mux_aqc:auto_generated|_~345           ; out0             ;
; |Q|ALU_unit3:inst|lpm_mux:Mux0|mux_aqc:auto_generated|_~346           ; |Q|ALU_unit3:inst|lpm_mux:Mux0|mux_aqc:auto_generated|_~346           ; out0             ;
; |Q|ALU_unit3:inst|lpm_mux:Mux0|mux_aqc:auto_generated|_~348           ; |Q|ALU_unit3:inst|lpm_mux:Mux0|mux_aqc:auto_generated|_~348           ; out0             ;
; |Q|ALU_unit3:inst|lpm_mux:Mux0|mux_aqc:auto_generated|_~350           ; |Q|ALU_unit3:inst|lpm_mux:Mux0|mux_aqc:auto_generated|_~350           ; out0             ;
; |Q|ALU_unit3:inst|lpm_mux:Mux0|mux_aqc:auto_generated|_~352           ; |Q|ALU_unit3:inst|lpm_mux:Mux0|mux_aqc:auto_generated|_~352           ; out0             ;
; |Q|ALU_unit3:inst|lpm_mux:Mux0|mux_aqc:auto_generated|_~353           ; |Q|ALU_unit3:inst|lpm_mux:Mux0|mux_aqc:auto_generated|_~353           ; out0             ;
; |Q|ALU_unit3:inst|lpm_mux:Mux0|mux_aqc:auto_generated|_~354           ; |Q|ALU_unit3:inst|lpm_mux:Mux0|mux_aqc:auto_generated|_~354           ; out0             ;
; |Q|ALU_unit3:inst|lpm_mux:Mux0|mux_aqc:auto_generated|_~355           ; |Q|ALU_unit3:inst|lpm_mux:Mux0|mux_aqc:auto_generated|_~355           ; out0             ;
; |Q|ALU_unit3:inst|lpm_mux:Mux0|mux_aqc:auto_generated|_~357           ; |Q|ALU_unit3:inst|lpm_mux:Mux0|mux_aqc:auto_generated|_~357           ; out0             ;
; |Q|ALU_unit3:inst|lpm_mux:Mux0|mux_aqc:auto_generated|_~359           ; |Q|ALU_unit3:inst|lpm_mux:Mux0|mux_aqc:auto_generated|_~359           ; out0             ;
; |Q|ALU_unit3:inst|lpm_mux:Mux0|mux_aqc:auto_generated|_~361           ; |Q|ALU_unit3:inst|lpm_mux:Mux0|mux_aqc:auto_generated|_~361           ; out0             ;
; |Q|ALU_unit3:inst|lpm_mux:Mux0|mux_aqc:auto_generated|_~362           ; |Q|ALU_unit3:inst|lpm_mux:Mux0|mux_aqc:auto_generated|_~362           ; out0             ;
; |Q|ALU_unit3:inst|lpm_mux:Mux0|mux_aqc:auto_generated|_~365           ; |Q|ALU_unit3:inst|lpm_mux:Mux0|mux_aqc:auto_generated|_~365           ; out0             ;
; |Q|ALU_unit3:inst|lpm_mux:Mux0|mux_aqc:auto_generated|_~366           ; |Q|ALU_unit3:inst|lpm_mux:Mux0|mux_aqc:auto_generated|_~366           ; out0             ;
; |Q|ALU_unit3:inst|lpm_mux:Mux0|mux_aqc:auto_generated|_~368           ; |Q|ALU_unit3:inst|lpm_mux:Mux0|mux_aqc:auto_generated|_~368           ; out0             ;
; |Q|ALU_unit3:inst|lpm_mux:Mux0|mux_aqc:auto_generated|_~369           ; |Q|ALU_unit3:inst|lpm_mux:Mux0|mux_aqc:auto_generated|_~369           ; out0             ;
; |Q|ALU_unit3:inst|lpm_mux:Mux0|mux_aqc:auto_generated|_~370           ; |Q|ALU_unit3:inst|lpm_mux:Mux0|mux_aqc:auto_generated|_~370           ; out0             ;
; |Q|ALU_unit3:inst|lpm_mux:Mux0|mux_aqc:auto_generated|_~371           ; |Q|ALU_unit3:inst|lpm_mux:Mux0|mux_aqc:auto_generated|_~371           ; out0             ;
; |Q|ALU_unit3:inst|lpm_mux:Mux0|mux_aqc:auto_generated|_~372           ; |Q|ALU_unit3:inst|lpm_mux:Mux0|mux_aqc:auto_generated|_~372           ; out0             ;
; |Q|ALU_unit3:inst|lpm_mux:Mux0|mux_aqc:auto_generated|_~374           ; |Q|ALU_unit3:inst|lpm_mux:Mux0|mux_aqc:auto_generated|_~374           ; out0             ;
; |Q|ALU_unit3:inst|lpm_mux:Mux0|mux_aqc:auto_generated|_~376           ; |Q|ALU_unit3:inst|lpm_mux:Mux0|mux_aqc:auto_generated|_~376           ; out0             ;
; |Q|ALU_unit3:inst|lpm_mux:Mux0|mux_aqc:auto_generated|_~378           ; |Q|ALU_unit3:inst|lpm_mux:Mux0|mux_aqc:auto_generated|_~378           ; out0             ;
; |Q|ALU_unit3:inst|lpm_mux:Mux0|mux_aqc:auto_generated|_~379           ; |Q|ALU_unit3:inst|lpm_mux:Mux0|mux_aqc:auto_generated|_~379           ; out0             ;
; |Q|ALU_unit3:inst|lpm_mux:Mux0|mux_aqc:auto_generated|_~380           ; |Q|ALU_unit3:inst|lpm_mux:Mux0|mux_aqc:auto_generated|_~380           ; out0             ;
; |Q|ALU_unit3:inst|lpm_mux:Mux0|mux_aqc:auto_generated|_~381           ; |Q|ALU_unit3:inst|lpm_mux:Mux0|mux_aqc:auto_generated|_~381           ; out0             ;
; |Q|ALU_unit3:inst|lpm_mux:Mux0|mux_aqc:auto_generated|_~383           ; |Q|ALU_unit3:inst|lpm_mux:Mux0|mux_aqc:auto_generated|_~383           ; out0             ;
; |Q|ALU_unit3:inst|lpm_mux:Mux0|mux_aqc:auto_generated|_~385           ; |Q|ALU_unit3:inst|lpm_mux:Mux0|mux_aqc:auto_generated|_~385           ; out0             ;
; |Q|ALU_unit3:inst|lpm_mux:Mux0|mux_aqc:auto_generated|_~387           ; |Q|ALU_unit3:inst|lpm_mux:Mux0|mux_aqc:auto_generated|_~387           ; out0             ;
; |Q|ALU_unit3:inst|lpm_mux:Mux0|mux_aqc:auto_generated|_~388           ; |Q|ALU_unit3:inst|lpm_mux:Mux0|mux_aqc:auto_generated|_~388           ; out0             ;
; |Q|ALU_unit3:inst|lpm_mux:Mux0|mux_aqc:auto_generated|_~391           ; |Q|ALU_unit3:inst|lpm_mux:Mux0|mux_aqc:auto_generated|_~391           ; out0             ;
; |Q|ALU_unit3:inst|lpm_mux:Mux0|mux_aqc:auto_generated|_~392           ; |Q|ALU_unit3:inst|lpm_mux:Mux0|mux_aqc:auto_generated|_~392           ; out0             ;
; |Q|ALU_unit3:inst|lpm_mux:Mux0|mux_aqc:auto_generated|_~394           ; |Q|ALU_unit3:inst|lpm_mux:Mux0|mux_aqc:auto_generated|_~394           ; out0             ;
; |Q|ALU_unit3:inst|lpm_mux:Mux0|mux_aqc:auto_generated|_~396           ; |Q|ALU_unit3:inst|lpm_mux:Mux0|mux_aqc:auto_generated|_~396           ; out0             ;
; |Q|ALU_unit3:inst|lpm_mux:Mux0|mux_aqc:auto_generated|_~397           ; |Q|ALU_unit3:inst|lpm_mux:Mux0|mux_aqc:auto_generated|_~397           ; out0             ;
; |Q|ALU_unit3:inst|lpm_mux:Mux0|mux_aqc:auto_generated|_~399           ; |Q|ALU_unit3:inst|lpm_mux:Mux0|mux_aqc:auto_generated|_~399           ; out0             ;
; |Q|ALU_unit3:inst|lpm_mux:Mux0|mux_aqc:auto_generated|_~401           ; |Q|ALU_unit3:inst|lpm_mux:Mux0|mux_aqc:auto_generated|_~401           ; out0             ;
; |Q|ALU_unit3:inst|lpm_mux:Mux0|mux_aqc:auto_generated|_~403           ; |Q|ALU_unit3:inst|lpm_mux:Mux0|mux_aqc:auto_generated|_~403           ; out0             ;
; |Q|ALU_unit3:inst|lpm_mux:Mux0|mux_aqc:auto_generated|_~404           ; |Q|ALU_unit3:inst|lpm_mux:Mux0|mux_aqc:auto_generated|_~404           ; out0             ;
; |Q|ALU_unit3:inst|lpm_mux:Mux0|mux_aqc:auto_generated|_~405           ; |Q|ALU_unit3:inst|lpm_mux:Mux0|mux_aqc:auto_generated|_~405           ; out0             ;
; |Q|ALU_unit3:inst|lpm_mux:Mux0|mux_aqc:auto_generated|_~406           ; |Q|ALU_unit3:inst|lpm_mux:Mux0|mux_aqc:auto_generated|_~406           ; out0             ;
; |Q|ALU_unit3:inst|lpm_mux:Mux0|mux_aqc:auto_generated|_~408           ; |Q|ALU_unit3:inst|lpm_mux:Mux0|mux_aqc:auto_generated|_~408           ; out0             ;
; |Q|ALU_unit3:inst|lpm_mux:Mux0|mux_aqc:auto_generated|_~410           ; |Q|ALU_unit3:inst|lpm_mux:Mux0|mux_aqc:auto_generated|_~410           ; out0             ;
; |Q|ALU_unit3:inst|lpm_mux:Mux0|mux_aqc:auto_generated|_~412           ; |Q|ALU_unit3:inst|lpm_mux:Mux0|mux_aqc:auto_generated|_~412           ; out0             ;
; |Q|ALU_unit3:inst|lpm_mux:Mux0|mux_aqc:auto_generated|_~413           ; |Q|ALU_unit3:inst|lpm_mux:Mux0|mux_aqc:auto_generated|_~413           ; out0             ;
; |Q|ALU_unit3:inst|lpm_mux:Mux0|mux_aqc:auto_generated|_~416           ; |Q|ALU_unit3:inst|lpm_mux:Mux0|mux_aqc:auto_generated|_~416           ; out0             ;
; |Q|ALU_unit3:inst|lpm_mux:Mux0|mux_aqc:auto_generated|_~417           ; |Q|ALU_unit3:inst|lpm_mux:Mux0|mux_aqc:auto_generated|_~417           ; out0             ;
; |Q|ALU_unit3:inst|lpm_mux:Mux0|mux_aqc:auto_generated|_~419           ; |Q|ALU_unit3:inst|lpm_mux:Mux0|mux_aqc:auto_generated|_~419           ; out0             ;
; |Q|ALU_unit3:inst|lpm_mux:Mux0|mux_aqc:auto_generated|_~420           ; |Q|ALU_unit3:inst|lpm_mux:Mux0|mux_aqc:auto_generated|_~420           ; out0             ;
; |Q|ALU_unit3:inst|lpm_mux:Mux0|mux_aqc:auto_generated|_~421           ; |Q|ALU_unit3:inst|lpm_mux:Mux0|mux_aqc:auto_generated|_~421           ; out0             ;
; |Q|ALU_unit3:inst|lpm_mux:Mux0|mux_aqc:auto_generated|_~423           ; |Q|ALU_unit3:inst|lpm_mux:Mux0|mux_aqc:auto_generated|_~423           ; out0             ;
; |Q|ALU_unit3:inst|lpm_mux:Mux0|mux_aqc:auto_generated|_~425           ; |Q|ALU_unit3:inst|lpm_mux:Mux0|mux_aqc:auto_generated|_~425           ; out0             ;
; |Q|ALU_unit3:inst|lpm_mux:Mux0|mux_aqc:auto_generated|_~427           ; |Q|ALU_unit3:inst|lpm_mux:Mux0|mux_aqc:auto_generated|_~427           ; out0             ;
; |Q|ALU_unit3:inst|lpm_mux:Mux0|mux_aqc:auto_generated|_~428           ; |Q|ALU_unit3:inst|lpm_mux:Mux0|mux_aqc:auto_generated|_~428           ; out0             ;
; |Q|ALU_unit3:inst|lpm_mux:Mux0|mux_aqc:auto_generated|_~429           ; |Q|ALU_unit3:inst|lpm_mux:Mux0|mux_aqc:auto_generated|_~429           ; out0             ;
; |Q|ALU_unit3:inst|lpm_mux:Mux0|mux_aqc:auto_generated|_~430           ; |Q|ALU_unit3:inst|lpm_mux:Mux0|mux_aqc:auto_generated|_~430           ; out0             ;
; |Q|ALU_unit3:inst|lpm_mux:Mux0|mux_aqc:auto_generated|_~432           ; |Q|ALU_unit3:inst|lpm_mux:Mux0|mux_aqc:auto_generated|_~432           ; out0             ;
; |Q|ALU_unit3:inst|lpm_mux:Mux0|mux_aqc:auto_generated|_~434           ; |Q|ALU_unit3:inst|lpm_mux:Mux0|mux_aqc:auto_generated|_~434           ; out0             ;
; |Q|ALU_unit3:inst|lpm_mux:Mux0|mux_aqc:auto_generated|_~436           ; |Q|ALU_unit3:inst|lpm_mux:Mux0|mux_aqc:auto_generated|_~436           ; out0             ;
; |Q|ALU_unit3:inst|lpm_mux:Mux0|mux_aqc:auto_generated|_~437           ; |Q|ALU_unit3:inst|lpm_mux:Mux0|mux_aqc:auto_generated|_~437           ; out0             ;
; |Q|ALU_unit3:inst|lpm_mux:Mux0|mux_aqc:auto_generated|_~440           ; |Q|ALU_unit3:inst|lpm_mux:Mux0|mux_aqc:auto_generated|_~440           ; out0             ;
; |Q|ALU_unit3:inst|lpm_mux:Mux0|mux_aqc:auto_generated|_~441           ; |Q|ALU_unit3:inst|lpm_mux:Mux0|mux_aqc:auto_generated|_~441           ; out0             ;
; |Q|ALU_unit3:inst|lpm_mux:Mux0|mux_aqc:auto_generated|_~444           ; |Q|ALU_unit3:inst|lpm_mux:Mux0|mux_aqc:auto_generated|_~444           ; out0             ;
; |Q|ALU_unit3:inst|lpm_mux:Mux0|mux_aqc:auto_generated|_~445           ; |Q|ALU_unit3:inst|lpm_mux:Mux0|mux_aqc:auto_generated|_~445           ; out0             ;
; |Q|ALU_unit3:inst|lpm_mux:Mux0|mux_aqc:auto_generated|_~447           ; |Q|ALU_unit3:inst|lpm_mux:Mux0|mux_aqc:auto_generated|_~447           ; out0             ;
; |Q|ALU_unit3:inst|lpm_mux:Mux0|mux_aqc:auto_generated|_~450           ; |Q|ALU_unit3:inst|lpm_mux:Mux0|mux_aqc:auto_generated|_~450           ; out0             ;
; |Q|ALU_unit3:inst|lpm_mux:Mux0|mux_aqc:auto_generated|_~451           ; |Q|ALU_unit3:inst|lpm_mux:Mux0|mux_aqc:auto_generated|_~451           ; out0             ;
; |Q|ALU_unit3:inst|lpm_mux:Mux0|mux_aqc:auto_generated|_~453           ; |Q|ALU_unit3:inst|lpm_mux:Mux0|mux_aqc:auto_generated|_~453           ; out0             ;
; |Q|ALU_unit3:inst|lpm_mux:Mux0|mux_aqc:auto_generated|_~455           ; |Q|ALU_unit3:inst|lpm_mux:Mux0|mux_aqc:auto_generated|_~455           ; out0             ;
; |Q|ALU_unit3:inst|lpm_mux:Mux0|mux_aqc:auto_generated|_~457           ; |Q|ALU_unit3:inst|lpm_mux:Mux0|mux_aqc:auto_generated|_~457           ; out0             ;
; |Q|ALU_unit3:inst|lpm_mux:Mux0|mux_aqc:auto_generated|_~458           ; |Q|ALU_unit3:inst|lpm_mux:Mux0|mux_aqc:auto_generated|_~458           ; out0             ;
; |Q|ALU_unit3:inst|lpm_mux:Mux0|mux_aqc:auto_generated|_~459           ; |Q|ALU_unit3:inst|lpm_mux:Mux0|mux_aqc:auto_generated|_~459           ; out0             ;
; |Q|ALU_unit3:inst|lpm_mux:Mux0|mux_aqc:auto_generated|_~460           ; |Q|ALU_unit3:inst|lpm_mux:Mux0|mux_aqc:auto_generated|_~460           ; out0             ;
; |Q|ALU_unit3:inst|lpm_mux:Mux0|mux_aqc:auto_generated|_~462           ; |Q|ALU_unit3:inst|lpm_mux:Mux0|mux_aqc:auto_generated|_~462           ; out0             ;
; |Q|ALU_unit3:inst|lpm_mux:Mux0|mux_aqc:auto_generated|_~464           ; |Q|ALU_unit3:inst|lpm_mux:Mux0|mux_aqc:auto_generated|_~464           ; out0             ;
; |Q|ALU_unit3:inst|lpm_mux:Mux0|mux_aqc:auto_generated|_~466           ; |Q|ALU_unit3:inst|lpm_mux:Mux0|mux_aqc:auto_generated|_~466           ; out0             ;
; |Q|ALU_unit3:inst|lpm_mux:Mux0|mux_aqc:auto_generated|_~467           ; |Q|ALU_unit3:inst|lpm_mux:Mux0|mux_aqc:auto_generated|_~467           ; out0             ;
; |Q|ALU_unit3:inst|lpm_mux:Mux0|mux_aqc:auto_generated|_~470           ; |Q|ALU_unit3:inst|lpm_mux:Mux0|mux_aqc:auto_generated|_~470           ; out0             ;
; |Q|ALU_unit3:inst|lpm_mux:Mux0|mux_aqc:auto_generated|_~471           ; |Q|ALU_unit3:inst|lpm_mux:Mux0|mux_aqc:auto_generated|_~471           ; out0             ;
; |Q|ALU_unit3:inst|lpm_mux:Mux0|mux_aqc:auto_generated|_~472           ; |Q|ALU_unit3:inst|lpm_mux:Mux0|mux_aqc:auto_generated|_~472           ; out0             ;
; |Q|ALU_unit3:inst|lpm_mux:Mux0|mux_aqc:auto_generated|_~473           ; |Q|ALU_unit3:inst|lpm_mux:Mux0|mux_aqc:auto_generated|_~473           ; out0             ;
; |Q|ALU_unit3:inst|lpm_mux:Mux0|mux_aqc:auto_generated|_~479           ; |Q|ALU_unit3:inst|lpm_mux:Mux0|mux_aqc:auto_generated|_~479           ; out0             ;
; |Q|ALU_unit3:inst|lpm_mux:Mux0|mux_aqc:auto_generated|_~482           ; |Q|ALU_unit3:inst|lpm_mux:Mux0|mux_aqc:auto_generated|_~482           ; out0             ;
; |Q|ALU_unit3:inst|lpm_mux:Mux0|mux_aqc:auto_generated|_~488           ; |Q|ALU_unit3:inst|lpm_mux:Mux0|mux_aqc:auto_generated|_~488           ; out0             ;
; |Q|ALU_unit3:inst|lpm_mux:Mux0|mux_aqc:auto_generated|_~498           ; |Q|ALU_unit3:inst|lpm_mux:Mux0|mux_aqc:auto_generated|_~498           ; out0             ;
; |Q|ALU_unit3:inst|lpm_mux:Mux0|mux_aqc:auto_generated|_~500           ; |Q|ALU_unit3:inst|lpm_mux:Mux0|mux_aqc:auto_generated|_~500           ; out0             ;
; |Q|ALU_unit3:inst|lpm_mux:Mux0|mux_aqc:auto_generated|_~502           ; |Q|ALU_unit3:inst|lpm_mux:Mux0|mux_aqc:auto_generated|_~502           ; out0             ;
; |Q|ALU_unit3:inst|lpm_mux:Mux0|mux_aqc:auto_generated|_~504           ; |Q|ALU_unit3:inst|lpm_mux:Mux0|mux_aqc:auto_generated|_~504           ; out0             ;
; |Q|ALU_unit3:inst|lpm_mux:Mux0|mux_aqc:auto_generated|_~505           ; |Q|ALU_unit3:inst|lpm_mux:Mux0|mux_aqc:auto_generated|_~505           ; out0             ;
; |Q|ALU_unit3:inst|lpm_mux:Mux0|mux_aqc:auto_generated|_~506           ; |Q|ALU_unit3:inst|lpm_mux:Mux0|mux_aqc:auto_generated|_~506           ; out0             ;
; |Q|ALU_unit3:inst|lpm_mux:Mux0|mux_aqc:auto_generated|_~507           ; |Q|ALU_unit3:inst|lpm_mux:Mux0|mux_aqc:auto_generated|_~507           ; out0             ;
; |Q|ALU_unit3:inst|lpm_mux:Mux0|mux_aqc:auto_generated|_~509           ; |Q|ALU_unit3:inst|lpm_mux:Mux0|mux_aqc:auto_generated|_~509           ; out0             ;
; |Q|ALU_unit3:inst|lpm_mux:Mux0|mux_aqc:auto_generated|_~511           ; |Q|ALU_unit3:inst|lpm_mux:Mux0|mux_aqc:auto_generated|_~511           ; out0             ;
; |Q|ALU_unit3:inst|lpm_mux:Mux0|mux_aqc:auto_generated|_~513           ; |Q|ALU_unit3:inst|lpm_mux:Mux0|mux_aqc:auto_generated|_~513           ; out0             ;
; |Q|ALU_unit3:inst|lpm_mux:Mux0|mux_aqc:auto_generated|_~514           ; |Q|ALU_unit3:inst|lpm_mux:Mux0|mux_aqc:auto_generated|_~514           ; out0             ;
; |Q|ALU_unit3:inst|lpm_mux:Mux0|mux_aqc:auto_generated|_~517           ; |Q|ALU_unit3:inst|lpm_mux:Mux0|mux_aqc:auto_generated|_~517           ; out0             ;
; |Q|ALU_unit3:inst|lpm_mux:Mux0|mux_aqc:auto_generated|_~518           ; |Q|ALU_unit3:inst|lpm_mux:Mux0|mux_aqc:auto_generated|_~518           ; out0             ;
; |Q|ALU_unit3:inst|lpm_mux:Mux0|mux_aqc:auto_generated|_~520           ; |Q|ALU_unit3:inst|lpm_mux:Mux0|mux_aqc:auto_generated|_~520           ; out0             ;
; |Q|ALU_unit3:inst|lpm_mux:Mux0|mux_aqc:auto_generated|_~523           ; |Q|ALU_unit3:inst|lpm_mux:Mux0|mux_aqc:auto_generated|_~523           ; out0             ;
; |Q|ALU_unit3:inst|lpm_mux:Mux0|mux_aqc:auto_generated|_~524           ; |Q|ALU_unit3:inst|lpm_mux:Mux0|mux_aqc:auto_generated|_~524           ; out0             ;
; |Q|ALU_unit3:inst|lpm_mux:Mux0|mux_aqc:auto_generated|_~530           ; |Q|ALU_unit3:inst|lpm_mux:Mux0|mux_aqc:auto_generated|_~530           ; out0             ;
; |Q|ALU_unit3:inst|lpm_mux:Mux0|mux_aqc:auto_generated|_~533           ; |Q|ALU_unit3:inst|lpm_mux:Mux0|mux_aqc:auto_generated|_~533           ; out0             ;
; |Q|ALU_unit3:inst|lpm_mux:Mux0|mux_aqc:auto_generated|_~539           ; |Q|ALU_unit3:inst|lpm_mux:Mux0|mux_aqc:auto_generated|_~539           ; out0             ;
; |Q|ALU_unit3:inst|lpm_mux:Mux0|mux_aqc:auto_generated|_~549           ; |Q|ALU_unit3:inst|lpm_mux:Mux0|mux_aqc:auto_generated|_~549           ; out0             ;
; |Q|ALU_unit3:inst|lpm_mux:Mux0|mux_aqc:auto_generated|_~551           ; |Q|ALU_unit3:inst|lpm_mux:Mux0|mux_aqc:auto_generated|_~551           ; out0             ;
; |Q|ALU_unit3:inst|lpm_mux:Mux0|mux_aqc:auto_generated|_~553           ; |Q|ALU_unit3:inst|lpm_mux:Mux0|mux_aqc:auto_generated|_~553           ; out0             ;
; |Q|ALU_unit3:inst|lpm_mux:Mux0|mux_aqc:auto_generated|_~555           ; |Q|ALU_unit3:inst|lpm_mux:Mux0|mux_aqc:auto_generated|_~555           ; out0             ;
; |Q|ALU_unit3:inst|lpm_mux:Mux0|mux_aqc:auto_generated|_~556           ; |Q|ALU_unit3:inst|lpm_mux:Mux0|mux_aqc:auto_generated|_~556           ; out0             ;
; |Q|ALU_unit3:inst|lpm_mux:Mux0|mux_aqc:auto_generated|_~557           ; |Q|ALU_unit3:inst|lpm_mux:Mux0|mux_aqc:auto_generated|_~557           ; out0             ;
; |Q|ALU_unit3:inst|lpm_mux:Mux0|mux_aqc:auto_generated|_~558           ; |Q|ALU_unit3:inst|lpm_mux:Mux0|mux_aqc:auto_generated|_~558           ; out0             ;
; |Q|ALU_unit3:inst|lpm_mux:Mux0|mux_aqc:auto_generated|_~560           ; |Q|ALU_unit3:inst|lpm_mux:Mux0|mux_aqc:auto_generated|_~560           ; out0             ;
; |Q|ALU_unit3:inst|lpm_mux:Mux0|mux_aqc:auto_generated|_~562           ; |Q|ALU_unit3:inst|lpm_mux:Mux0|mux_aqc:auto_generated|_~562           ; out0             ;
; |Q|ALU_unit3:inst|lpm_mux:Mux0|mux_aqc:auto_generated|_~564           ; |Q|ALU_unit3:inst|lpm_mux:Mux0|mux_aqc:auto_generated|_~564           ; out0             ;
; |Q|ALU_unit3:inst|lpm_mux:Mux0|mux_aqc:auto_generated|_~565           ; |Q|ALU_unit3:inst|lpm_mux:Mux0|mux_aqc:auto_generated|_~565           ; out0             ;
; |Q|ALU_unit3:inst|lpm_mux:Mux0|mux_aqc:auto_generated|_~568           ; |Q|ALU_unit3:inst|lpm_mux:Mux0|mux_aqc:auto_generated|_~568           ; out0             ;
; |Q|ALU_unit3:inst|lpm_mux:Mux0|mux_aqc:auto_generated|_~569           ; |Q|ALU_unit3:inst|lpm_mux:Mux0|mux_aqc:auto_generated|_~569           ; out0             ;
; |Q|ALU_unit3:inst|lpm_mux:Mux0|mux_aqc:auto_generated|_~571           ; |Q|ALU_unit3:inst|lpm_mux:Mux0|mux_aqc:auto_generated|_~571           ; out0             ;
; |Q|ALU_unit3:inst|lpm_mux:Mux0|mux_aqc:auto_generated|_~573           ; |Q|ALU_unit3:inst|lpm_mux:Mux0|mux_aqc:auto_generated|_~573           ; out0             ;
; |Q|ALU_unit3:inst|lpm_mux:Mux0|mux_aqc:auto_generated|_~575           ; |Q|ALU_unit3:inst|lpm_mux:Mux0|mux_aqc:auto_generated|_~575           ; out0             ;
; |Q|ALU_unit3:inst|lpm_mux:Mux0|mux_aqc:auto_generated|_~577           ; |Q|ALU_unit3:inst|lpm_mux:Mux0|mux_aqc:auto_generated|_~577           ; out0             ;
; |Q|ALU_unit3:inst|lpm_mux:Mux0|mux_aqc:auto_generated|_~579           ; |Q|ALU_unit3:inst|lpm_mux:Mux0|mux_aqc:auto_generated|_~579           ; out0             ;
; |Q|ALU_unit3:inst|lpm_mux:Mux0|mux_aqc:auto_generated|_~580           ; |Q|ALU_unit3:inst|lpm_mux:Mux0|mux_aqc:auto_generated|_~580           ; out0             ;
; |Q|ALU_unit3:inst|lpm_mux:Mux0|mux_aqc:auto_generated|_~581           ; |Q|ALU_unit3:inst|lpm_mux:Mux0|mux_aqc:auto_generated|_~581           ; out0             ;
; |Q|ALU_unit3:inst|lpm_mux:Mux0|mux_aqc:auto_generated|_~582           ; |Q|ALU_unit3:inst|lpm_mux:Mux0|mux_aqc:auto_generated|_~582           ; out0             ;
; |Q|ALU_unit3:inst|lpm_mux:Mux0|mux_aqc:auto_generated|_~584           ; |Q|ALU_unit3:inst|lpm_mux:Mux0|mux_aqc:auto_generated|_~584           ; out0             ;
; |Q|ALU_unit3:inst|lpm_mux:Mux0|mux_aqc:auto_generated|_~586           ; |Q|ALU_unit3:inst|lpm_mux:Mux0|mux_aqc:auto_generated|_~586           ; out0             ;
; |Q|ALU_unit3:inst|lpm_mux:Mux0|mux_aqc:auto_generated|_~588           ; |Q|ALU_unit3:inst|lpm_mux:Mux0|mux_aqc:auto_generated|_~588           ; out0             ;
; |Q|ALU_unit3:inst|lpm_mux:Mux0|mux_aqc:auto_generated|_~589           ; |Q|ALU_unit3:inst|lpm_mux:Mux0|mux_aqc:auto_generated|_~589           ; out0             ;
; |Q|ALU_unit3:inst|lpm_mux:Mux0|mux_aqc:auto_generated|_~592           ; |Q|ALU_unit3:inst|lpm_mux:Mux0|mux_aqc:auto_generated|_~592           ; out0             ;
; |Q|ALU_unit3:inst|lpm_mux:Mux0|mux_aqc:auto_generated|_~593           ; |Q|ALU_unit3:inst|lpm_mux:Mux0|mux_aqc:auto_generated|_~593           ; out0             ;
; |Q|ALU_unit3:inst|lpm_mux:Mux0|mux_aqc:auto_generated|_~602           ; |Q|ALU_unit3:inst|lpm_mux:Mux0|mux_aqc:auto_generated|_~602           ; out0             ;
; |Q|ALU_unit3:inst|lpm_mux:Mux0|mux_aqc:auto_generated|_~604           ; |Q|ALU_unit3:inst|lpm_mux:Mux0|mux_aqc:auto_generated|_~604           ; out0             ;
; |Q|ALU_unit3:inst|lpm_mux:Mux0|mux_aqc:auto_generated|_~606           ; |Q|ALU_unit3:inst|lpm_mux:Mux0|mux_aqc:auto_generated|_~606           ; out0             ;
; |Q|ALU_unit3:inst|lpm_mux:Mux0|mux_aqc:auto_generated|_~608           ; |Q|ALU_unit3:inst|lpm_mux:Mux0|mux_aqc:auto_generated|_~608           ; out0             ;
; |Q|ALU_unit3:inst|lpm_mux:Mux0|mux_aqc:auto_generated|_~609           ; |Q|ALU_unit3:inst|lpm_mux:Mux0|mux_aqc:auto_generated|_~609           ; out0             ;
; |Q|ALU_unit3:inst|lpm_mux:Mux0|mux_aqc:auto_generated|_~610           ; |Q|ALU_unit3:inst|lpm_mux:Mux0|mux_aqc:auto_generated|_~610           ; out0             ;
; |Q|ALU_unit3:inst|lpm_mux:Mux0|mux_aqc:auto_generated|_~611           ; |Q|ALU_unit3:inst|lpm_mux:Mux0|mux_aqc:auto_generated|_~611           ; out0             ;
; |Q|ALU_unit3:inst|lpm_mux:Mux0|mux_aqc:auto_generated|_~613           ; |Q|ALU_unit3:inst|lpm_mux:Mux0|mux_aqc:auto_generated|_~613           ; out0             ;
; |Q|ALU_unit3:inst|lpm_mux:Mux0|mux_aqc:auto_generated|_~615           ; |Q|ALU_unit3:inst|lpm_mux:Mux0|mux_aqc:auto_generated|_~615           ; out0             ;
; |Q|ALU_unit3:inst|lpm_mux:Mux0|mux_aqc:auto_generated|_~617           ; |Q|ALU_unit3:inst|lpm_mux:Mux0|mux_aqc:auto_generated|_~617           ; out0             ;
; |Q|ALU_unit3:inst|lpm_mux:Mux0|mux_aqc:auto_generated|_~618           ; |Q|ALU_unit3:inst|lpm_mux:Mux0|mux_aqc:auto_generated|_~618           ; out0             ;
; |Q|ALU_unit3:inst|lpm_mux:Mux0|mux_aqc:auto_generated|_~621           ; |Q|ALU_unit3:inst|lpm_mux:Mux0|mux_aqc:auto_generated|_~621           ; out0             ;
; |Q|ALU_unit3:inst|lpm_mux:Mux0|mux_aqc:auto_generated|_~622           ; |Q|ALU_unit3:inst|lpm_mux:Mux0|mux_aqc:auto_generated|_~622           ; out0             ;
; |Q|ALU_unit3:inst|lpm_mux:Mux0|mux_aqc:auto_generated|_~623           ; |Q|ALU_unit3:inst|lpm_mux:Mux0|mux_aqc:auto_generated|_~623           ; out0             ;
; |Q|ALU_unit3:inst|lpm_mux:Mux0|mux_aqc:auto_generated|_~624           ; |Q|ALU_unit3:inst|lpm_mux:Mux0|mux_aqc:auto_generated|_~624           ; out0             ;
; |Q|ALU_unit3:inst|lpm_mux:Mux0|mux_aqc:auto_generated|_~626           ; |Q|ALU_unit3:inst|lpm_mux:Mux0|mux_aqc:auto_generated|_~626           ; out0             ;
; |Q|ALU_unit3:inst|lpm_mux:Mux0|mux_aqc:auto_generated|_~628           ; |Q|ALU_unit3:inst|lpm_mux:Mux0|mux_aqc:auto_generated|_~628           ; out0             ;
; |Q|ALU_unit3:inst|lpm_mux:Mux0|mux_aqc:auto_generated|_~630           ; |Q|ALU_unit3:inst|lpm_mux:Mux0|mux_aqc:auto_generated|_~630           ; out0             ;
; |Q|ALU_unit3:inst|lpm_mux:Mux0|mux_aqc:auto_generated|_~631           ; |Q|ALU_unit3:inst|lpm_mux:Mux0|mux_aqc:auto_generated|_~631           ; out0             ;
; |Q|ALU_unit3:inst|lpm_mux:Mux0|mux_aqc:auto_generated|_~632           ; |Q|ALU_unit3:inst|lpm_mux:Mux0|mux_aqc:auto_generated|_~632           ; out0             ;
; |Q|ALU_unit3:inst|lpm_mux:Mux0|mux_aqc:auto_generated|_~633           ; |Q|ALU_unit3:inst|lpm_mux:Mux0|mux_aqc:auto_generated|_~633           ; out0             ;
; |Q|ALU_unit3:inst|lpm_mux:Mux0|mux_aqc:auto_generated|_~635           ; |Q|ALU_unit3:inst|lpm_mux:Mux0|mux_aqc:auto_generated|_~635           ; out0             ;
; |Q|ALU_unit3:inst|lpm_mux:Mux0|mux_aqc:auto_generated|_~637           ; |Q|ALU_unit3:inst|lpm_mux:Mux0|mux_aqc:auto_generated|_~637           ; out0             ;
; |Q|ALU_unit3:inst|lpm_mux:Mux0|mux_aqc:auto_generated|_~639           ; |Q|ALU_unit3:inst|lpm_mux:Mux0|mux_aqc:auto_generated|_~639           ; out0             ;
; |Q|ALU_unit3:inst|lpm_mux:Mux0|mux_aqc:auto_generated|_~640           ; |Q|ALU_unit3:inst|lpm_mux:Mux0|mux_aqc:auto_generated|_~640           ; out0             ;
; |Q|ALU_unit3:inst|lpm_mux:Mux0|mux_aqc:auto_generated|_~643           ; |Q|ALU_unit3:inst|lpm_mux:Mux0|mux_aqc:auto_generated|_~643           ; out0             ;
; |Q|ALU_unit3:inst|lpm_mux:Mux0|mux_aqc:auto_generated|_~644           ; |Q|ALU_unit3:inst|lpm_mux:Mux0|mux_aqc:auto_generated|_~644           ; out0             ;
; |Q|ALU_unit3:inst|lpm_mux:Mux0|mux_aqc:auto_generated|_~646           ; |Q|ALU_unit3:inst|lpm_mux:Mux0|mux_aqc:auto_generated|_~646           ; out0             ;
; |Q|ALU_unit3:inst|lpm_mux:Mux0|mux_aqc:auto_generated|_~648           ; |Q|ALU_unit3:inst|lpm_mux:Mux0|mux_aqc:auto_generated|_~648           ; out0             ;
; |Q|ALU_unit3:inst|lpm_mux:Mux0|mux_aqc:auto_generated|_~649           ; |Q|ALU_unit3:inst|lpm_mux:Mux0|mux_aqc:auto_generated|_~649           ; out0             ;
; |Q|ALU_unit3:inst|lpm_mux:Mux0|mux_aqc:auto_generated|_~651           ; |Q|ALU_unit3:inst|lpm_mux:Mux0|mux_aqc:auto_generated|_~651           ; out0             ;
; |Q|ALU_unit3:inst|lpm_mux:Mux0|mux_aqc:auto_generated|_~653           ; |Q|ALU_unit3:inst|lpm_mux:Mux0|mux_aqc:auto_generated|_~653           ; out0             ;
; |Q|ALU_unit3:inst|lpm_mux:Mux0|mux_aqc:auto_generated|_~655           ; |Q|ALU_unit3:inst|lpm_mux:Mux0|mux_aqc:auto_generated|_~655           ; out0             ;
; |Q|ALU_unit3:inst|lpm_mux:Mux0|mux_aqc:auto_generated|_~656           ; |Q|ALU_unit3:inst|lpm_mux:Mux0|mux_aqc:auto_generated|_~656           ; out0             ;
; |Q|ALU_unit3:inst|lpm_mux:Mux0|mux_aqc:auto_generated|_~657           ; |Q|ALU_unit3:inst|lpm_mux:Mux0|mux_aqc:auto_generated|_~657           ; out0             ;
; |Q|ALU_unit3:inst|lpm_mux:Mux0|mux_aqc:auto_generated|_~658           ; |Q|ALU_unit3:inst|lpm_mux:Mux0|mux_aqc:auto_generated|_~658           ; out0             ;
; |Q|ALU_unit3:inst|lpm_mux:Mux0|mux_aqc:auto_generated|_~660           ; |Q|ALU_unit3:inst|lpm_mux:Mux0|mux_aqc:auto_generated|_~660           ; out0             ;
; |Q|ALU_unit3:inst|lpm_mux:Mux0|mux_aqc:auto_generated|_~662           ; |Q|ALU_unit3:inst|lpm_mux:Mux0|mux_aqc:auto_generated|_~662           ; out0             ;
; |Q|ALU_unit3:inst|lpm_mux:Mux0|mux_aqc:auto_generated|_~664           ; |Q|ALU_unit3:inst|lpm_mux:Mux0|mux_aqc:auto_generated|_~664           ; out0             ;
; |Q|ALU_unit3:inst|lpm_mux:Mux0|mux_aqc:auto_generated|_~665           ; |Q|ALU_unit3:inst|lpm_mux:Mux0|mux_aqc:auto_generated|_~665           ; out0             ;
; |Q|ALU_unit3:inst|lpm_mux:Mux0|mux_aqc:auto_generated|_~668           ; |Q|ALU_unit3:inst|lpm_mux:Mux0|mux_aqc:auto_generated|_~668           ; out0             ;
; |Q|ALU_unit3:inst|lpm_mux:Mux0|mux_aqc:auto_generated|_~669           ; |Q|ALU_unit3:inst|lpm_mux:Mux0|mux_aqc:auto_generated|_~669           ; out0             ;
; |Q|ALU_unit3:inst|lpm_mux:Mux0|mux_aqc:auto_generated|_~671           ; |Q|ALU_unit3:inst|lpm_mux:Mux0|mux_aqc:auto_generated|_~671           ; out0             ;
; |Q|ALU_unit3:inst|lpm_mux:Mux0|mux_aqc:auto_generated|_~672           ; |Q|ALU_unit3:inst|lpm_mux:Mux0|mux_aqc:auto_generated|_~672           ; out0             ;
; |Q|ALU_unit3:inst|lpm_mux:Mux0|mux_aqc:auto_generated|_~673           ; |Q|ALU_unit3:inst|lpm_mux:Mux0|mux_aqc:auto_generated|_~673           ; out0             ;
; |Q|ALU_unit3:inst|lpm_mux:Mux0|mux_aqc:auto_generated|_~674           ; |Q|ALU_unit3:inst|lpm_mux:Mux0|mux_aqc:auto_generated|_~674           ; out0             ;
; |Q|ALU_unit3:inst|lpm_mux:Mux0|mux_aqc:auto_generated|_~675           ; |Q|ALU_unit3:inst|lpm_mux:Mux0|mux_aqc:auto_generated|_~675           ; out0             ;
; |Q|ALU_unit3:inst|lpm_mux:Mux0|mux_aqc:auto_generated|_~677           ; |Q|ALU_unit3:inst|lpm_mux:Mux0|mux_aqc:auto_generated|_~677           ; out0             ;
; |Q|ALU_unit3:inst|lpm_mux:Mux0|mux_aqc:auto_generated|_~679           ; |Q|ALU_unit3:inst|lpm_mux:Mux0|mux_aqc:auto_generated|_~679           ; out0             ;
; |Q|ALU_unit3:inst|lpm_mux:Mux0|mux_aqc:auto_generated|_~681           ; |Q|ALU_unit3:inst|lpm_mux:Mux0|mux_aqc:auto_generated|_~681           ; out0             ;
; |Q|ALU_unit3:inst|lpm_mux:Mux0|mux_aqc:auto_generated|_~682           ; |Q|ALU_unit3:inst|lpm_mux:Mux0|mux_aqc:auto_generated|_~682           ; out0             ;
; |Q|ALU_unit3:inst|lpm_mux:Mux0|mux_aqc:auto_generated|_~683           ; |Q|ALU_unit3:inst|lpm_mux:Mux0|mux_aqc:auto_generated|_~683           ; out0             ;
; |Q|ALU_unit3:inst|lpm_mux:Mux0|mux_aqc:auto_generated|_~684           ; |Q|ALU_unit3:inst|lpm_mux:Mux0|mux_aqc:auto_generated|_~684           ; out0             ;
; |Q|ALU_unit3:inst|lpm_mux:Mux0|mux_aqc:auto_generated|_~686           ; |Q|ALU_unit3:inst|lpm_mux:Mux0|mux_aqc:auto_generated|_~686           ; out0             ;
; |Q|ALU_unit3:inst|lpm_mux:Mux0|mux_aqc:auto_generated|_~688           ; |Q|ALU_unit3:inst|lpm_mux:Mux0|mux_aqc:auto_generated|_~688           ; out0             ;
; |Q|ALU_unit3:inst|lpm_mux:Mux0|mux_aqc:auto_generated|_~690           ; |Q|ALU_unit3:inst|lpm_mux:Mux0|mux_aqc:auto_generated|_~690           ; out0             ;
; |Q|ALU_unit3:inst|lpm_mux:Mux0|mux_aqc:auto_generated|_~691           ; |Q|ALU_unit3:inst|lpm_mux:Mux0|mux_aqc:auto_generated|_~691           ; out0             ;
; |Q|ALU_unit3:inst|lpm_mux:Mux0|mux_aqc:auto_generated|_~694           ; |Q|ALU_unit3:inst|lpm_mux:Mux0|mux_aqc:auto_generated|_~694           ; out0             ;
; |Q|ALU_unit3:inst|lpm_mux:Mux0|mux_aqc:auto_generated|_~695           ; |Q|ALU_unit3:inst|lpm_mux:Mux0|mux_aqc:auto_generated|_~695           ; out0             ;
; |Q|ALU_unit3:inst|lpm_mux:Mux0|mux_aqc:auto_generated|_~697           ; |Q|ALU_unit3:inst|lpm_mux:Mux0|mux_aqc:auto_generated|_~697           ; out0             ;
; |Q|ALU_unit3:inst|lpm_mux:Mux0|mux_aqc:auto_generated|_~699           ; |Q|ALU_unit3:inst|lpm_mux:Mux0|mux_aqc:auto_generated|_~699           ; out0             ;
; |Q|ALU_unit3:inst|lpm_mux:Mux0|mux_aqc:auto_generated|_~700           ; |Q|ALU_unit3:inst|lpm_mux:Mux0|mux_aqc:auto_generated|_~700           ; out0             ;
; |Q|ALU_unit3:inst|lpm_mux:Mux0|mux_aqc:auto_generated|_~702           ; |Q|ALU_unit3:inst|lpm_mux:Mux0|mux_aqc:auto_generated|_~702           ; out0             ;
; |Q|ALU_unit3:inst|lpm_mux:Mux0|mux_aqc:auto_generated|_~704           ; |Q|ALU_unit3:inst|lpm_mux:Mux0|mux_aqc:auto_generated|_~704           ; out0             ;
; |Q|ALU_unit3:inst|lpm_mux:Mux0|mux_aqc:auto_generated|_~706           ; |Q|ALU_unit3:inst|lpm_mux:Mux0|mux_aqc:auto_generated|_~706           ; out0             ;
; |Q|ALU_unit3:inst|lpm_mux:Mux0|mux_aqc:auto_generated|_~707           ; |Q|ALU_unit3:inst|lpm_mux:Mux0|mux_aqc:auto_generated|_~707           ; out0             ;
; |Q|ALU_unit3:inst|lpm_mux:Mux0|mux_aqc:auto_generated|_~708           ; |Q|ALU_unit3:inst|lpm_mux:Mux0|mux_aqc:auto_generated|_~708           ; out0             ;
; |Q|ALU_unit3:inst|lpm_mux:Mux0|mux_aqc:auto_generated|_~709           ; |Q|ALU_unit3:inst|lpm_mux:Mux0|mux_aqc:auto_generated|_~709           ; out0             ;
; |Q|ALU_unit3:inst|lpm_mux:Mux0|mux_aqc:auto_generated|_~711           ; |Q|ALU_unit3:inst|lpm_mux:Mux0|mux_aqc:auto_generated|_~711           ; out0             ;
; |Q|ALU_unit3:inst|lpm_mux:Mux0|mux_aqc:auto_generated|_~713           ; |Q|ALU_unit3:inst|lpm_mux:Mux0|mux_aqc:auto_generated|_~713           ; out0             ;
; |Q|ALU_unit3:inst|lpm_mux:Mux0|mux_aqc:auto_generated|_~715           ; |Q|ALU_unit3:inst|lpm_mux:Mux0|mux_aqc:auto_generated|_~715           ; out0             ;
; |Q|ALU_unit3:inst|lpm_mux:Mux0|mux_aqc:auto_generated|_~716           ; |Q|ALU_unit3:inst|lpm_mux:Mux0|mux_aqc:auto_generated|_~716           ; out0             ;
; |Q|ALU_unit3:inst|lpm_mux:Mux0|mux_aqc:auto_generated|_~719           ; |Q|ALU_unit3:inst|lpm_mux:Mux0|mux_aqc:auto_generated|_~719           ; out0             ;
; |Q|ALU_unit3:inst|lpm_mux:Mux0|mux_aqc:auto_generated|_~720           ; |Q|ALU_unit3:inst|lpm_mux:Mux0|mux_aqc:auto_generated|_~720           ; out0             ;
; |Q|ALU_unit3:inst|lpm_mux:Mux0|mux_aqc:auto_generated|_~722           ; |Q|ALU_unit3:inst|lpm_mux:Mux0|mux_aqc:auto_generated|_~722           ; out0             ;
; |Q|ALU_unit3:inst|lpm_mux:Mux0|mux_aqc:auto_generated|_~723           ; |Q|ALU_unit3:inst|lpm_mux:Mux0|mux_aqc:auto_generated|_~723           ; out0             ;
; |Q|ALU_unit3:inst|lpm_mux:Mux0|mux_aqc:auto_generated|_~724           ; |Q|ALU_unit3:inst|lpm_mux:Mux0|mux_aqc:auto_generated|_~724           ; out0             ;
; |Q|ALU_unit3:inst|lpm_mux:Mux0|mux_aqc:auto_generated|_~726           ; |Q|ALU_unit3:inst|lpm_mux:Mux0|mux_aqc:auto_generated|_~726           ; out0             ;
; |Q|ALU_unit3:inst|lpm_mux:Mux0|mux_aqc:auto_generated|_~728           ; |Q|ALU_unit3:inst|lpm_mux:Mux0|mux_aqc:auto_generated|_~728           ; out0             ;
; |Q|ALU_unit3:inst|lpm_mux:Mux0|mux_aqc:auto_generated|_~730           ; |Q|ALU_unit3:inst|lpm_mux:Mux0|mux_aqc:auto_generated|_~730           ; out0             ;
; |Q|ALU_unit3:inst|lpm_mux:Mux0|mux_aqc:auto_generated|_~731           ; |Q|ALU_unit3:inst|lpm_mux:Mux0|mux_aqc:auto_generated|_~731           ; out0             ;
; |Q|ALU_unit3:inst|lpm_mux:Mux0|mux_aqc:auto_generated|_~732           ; |Q|ALU_unit3:inst|lpm_mux:Mux0|mux_aqc:auto_generated|_~732           ; out0             ;
; |Q|ALU_unit3:inst|lpm_mux:Mux0|mux_aqc:auto_generated|_~733           ; |Q|ALU_unit3:inst|lpm_mux:Mux0|mux_aqc:auto_generated|_~733           ; out0             ;
; |Q|ALU_unit3:inst|lpm_mux:Mux0|mux_aqc:auto_generated|_~735           ; |Q|ALU_unit3:inst|lpm_mux:Mux0|mux_aqc:auto_generated|_~735           ; out0             ;
; |Q|ALU_unit3:inst|lpm_mux:Mux0|mux_aqc:auto_generated|_~737           ; |Q|ALU_unit3:inst|lpm_mux:Mux0|mux_aqc:auto_generated|_~737           ; out0             ;
; |Q|ALU_unit3:inst|lpm_mux:Mux0|mux_aqc:auto_generated|_~739           ; |Q|ALU_unit3:inst|lpm_mux:Mux0|mux_aqc:auto_generated|_~739           ; out0             ;
; |Q|ALU_unit3:inst|lpm_mux:Mux0|mux_aqc:auto_generated|_~740           ; |Q|ALU_unit3:inst|lpm_mux:Mux0|mux_aqc:auto_generated|_~740           ; out0             ;
; |Q|ALU_unit3:inst|lpm_mux:Mux0|mux_aqc:auto_generated|_~743           ; |Q|ALU_unit3:inst|lpm_mux:Mux0|mux_aqc:auto_generated|_~743           ; out0             ;
; |Q|ALU_unit3:inst|lpm_mux:Mux0|mux_aqc:auto_generated|_~744           ; |Q|ALU_unit3:inst|lpm_mux:Mux0|mux_aqc:auto_generated|_~744           ; out0             ;
; |Q|ALU_unit3:inst|lpm_mux:Mux0|mux_aqc:auto_generated|_~747           ; |Q|ALU_unit3:inst|lpm_mux:Mux0|mux_aqc:auto_generated|_~747           ; out0             ;
; |Q|ALU_unit3:inst|lpm_mux:Mux0|mux_aqc:auto_generated|_~748           ; |Q|ALU_unit3:inst|lpm_mux:Mux0|mux_aqc:auto_generated|_~748           ; out0             ;
; |Q|ALU_unit3:inst|lpm_mux:Mux0|mux_aqc:auto_generated|_~750           ; |Q|ALU_unit3:inst|lpm_mux:Mux0|mux_aqc:auto_generated|_~750           ; out0             ;
; |Q|ALU_unit3:inst|lpm_mux:Mux0|mux_aqc:auto_generated|_~752           ; |Q|ALU_unit3:inst|lpm_mux:Mux0|mux_aqc:auto_generated|_~752           ; out0             ;
; |Q|ALU_unit3:inst|lpm_mux:Mux0|mux_aqc:auto_generated|_~754           ; |Q|ALU_unit3:inst|lpm_mux:Mux0|mux_aqc:auto_generated|_~754           ; out0             ;
; |Q|ALU_unit3:inst|lpm_mux:Mux0|mux_aqc:auto_generated|_~756           ; |Q|ALU_unit3:inst|lpm_mux:Mux0|mux_aqc:auto_generated|_~756           ; out0             ;
; |Q|ALU_unit3:inst|lpm_mux:Mux0|mux_aqc:auto_generated|_~758           ; |Q|ALU_unit3:inst|lpm_mux:Mux0|mux_aqc:auto_generated|_~758           ; out0             ;
; |Q|ALU_unit3:inst|lpm_mux:Mux0|mux_aqc:auto_generated|_~759           ; |Q|ALU_unit3:inst|lpm_mux:Mux0|mux_aqc:auto_generated|_~759           ; out0             ;
; |Q|ALU_unit3:inst|lpm_mux:Mux0|mux_aqc:auto_generated|_~760           ; |Q|ALU_unit3:inst|lpm_mux:Mux0|mux_aqc:auto_generated|_~760           ; out0             ;
; |Q|ALU_unit3:inst|lpm_mux:Mux0|mux_aqc:auto_generated|_~761           ; |Q|ALU_unit3:inst|lpm_mux:Mux0|mux_aqc:auto_generated|_~761           ; out0             ;
; |Q|ALU_unit3:inst|lpm_mux:Mux0|mux_aqc:auto_generated|_~763           ; |Q|ALU_unit3:inst|lpm_mux:Mux0|mux_aqc:auto_generated|_~763           ; out0             ;
; |Q|ALU_unit3:inst|lpm_mux:Mux0|mux_aqc:auto_generated|_~765           ; |Q|ALU_unit3:inst|lpm_mux:Mux0|mux_aqc:auto_generated|_~765           ; out0             ;
; |Q|ALU_unit3:inst|lpm_mux:Mux0|mux_aqc:auto_generated|_~767           ; |Q|ALU_unit3:inst|lpm_mux:Mux0|mux_aqc:auto_generated|_~767           ; out0             ;
; |Q|ALU_unit3:inst|lpm_mux:Mux0|mux_aqc:auto_generated|_~768           ; |Q|ALU_unit3:inst|lpm_mux:Mux0|mux_aqc:auto_generated|_~768           ; out0             ;
; |Q|ALU_unit3:inst|lpm_mux:Mux0|mux_aqc:auto_generated|_~771           ; |Q|ALU_unit3:inst|lpm_mux:Mux0|mux_aqc:auto_generated|_~771           ; out0             ;
; |Q|ALU_unit3:inst|lpm_mux:Mux0|mux_aqc:auto_generated|_~772           ; |Q|ALU_unit3:inst|lpm_mux:Mux0|mux_aqc:auto_generated|_~772           ; out0             ;
; |Q|ALU_unit3:inst|lpm_mux:Mux0|mux_aqc:auto_generated|_~773           ; |Q|ALU_unit3:inst|lpm_mux:Mux0|mux_aqc:auto_generated|_~773           ; out0             ;
; |Q|ALU_unit3:inst|lpm_mux:Mux0|mux_aqc:auto_generated|_~774           ; |Q|ALU_unit3:inst|lpm_mux:Mux0|mux_aqc:auto_generated|_~774           ; out0             ;
; |Q|ALU_unit3:inst|lpm_mux:Mux0|mux_aqc:auto_generated|_~776           ; |Q|ALU_unit3:inst|lpm_mux:Mux0|mux_aqc:auto_generated|_~776           ; out0             ;
; |Q|ALU_unit3:inst|lpm_mux:Mux0|mux_aqc:auto_generated|_~778           ; |Q|ALU_unit3:inst|lpm_mux:Mux0|mux_aqc:auto_generated|_~778           ; out0             ;
; |Q|ALU_unit3:inst|lpm_mux:Mux0|mux_aqc:auto_generated|_~780           ; |Q|ALU_unit3:inst|lpm_mux:Mux0|mux_aqc:auto_generated|_~780           ; out0             ;
; |Q|ALU_unit3:inst|lpm_mux:Mux0|mux_aqc:auto_generated|_~781           ; |Q|ALU_unit3:inst|lpm_mux:Mux0|mux_aqc:auto_generated|_~781           ; out0             ;
; |Q|ALU_unit3:inst|lpm_mux:Mux0|mux_aqc:auto_generated|_~782           ; |Q|ALU_unit3:inst|lpm_mux:Mux0|mux_aqc:auto_generated|_~782           ; out0             ;
; |Q|ALU_unit3:inst|lpm_mux:Mux0|mux_aqc:auto_generated|_~783           ; |Q|ALU_unit3:inst|lpm_mux:Mux0|mux_aqc:auto_generated|_~783           ; out0             ;
; |Q|ALU_unit3:inst|lpm_mux:Mux0|mux_aqc:auto_generated|_~785           ; |Q|ALU_unit3:inst|lpm_mux:Mux0|mux_aqc:auto_generated|_~785           ; out0             ;
; |Q|ALU_unit3:inst|lpm_mux:Mux0|mux_aqc:auto_generated|_~787           ; |Q|ALU_unit3:inst|lpm_mux:Mux0|mux_aqc:auto_generated|_~787           ; out0             ;
; |Q|ALU_unit3:inst|lpm_mux:Mux0|mux_aqc:auto_generated|_~789           ; |Q|ALU_unit3:inst|lpm_mux:Mux0|mux_aqc:auto_generated|_~789           ; out0             ;
; |Q|ALU_unit3:inst|lpm_mux:Mux0|mux_aqc:auto_generated|_~790           ; |Q|ALU_unit3:inst|lpm_mux:Mux0|mux_aqc:auto_generated|_~790           ; out0             ;
; |Q|ALU_unit3:inst|lpm_mux:Mux0|mux_aqc:auto_generated|_~793           ; |Q|ALU_unit3:inst|lpm_mux:Mux0|mux_aqc:auto_generated|_~793           ; out0             ;
; |Q|ALU_unit3:inst|lpm_mux:Mux0|mux_aqc:auto_generated|_~794           ; |Q|ALU_unit3:inst|lpm_mux:Mux0|mux_aqc:auto_generated|_~794           ; out0             ;
; |Q|ALU_unit3:inst|lpm_mux:Mux0|mux_aqc:auto_generated|_~796           ; |Q|ALU_unit3:inst|lpm_mux:Mux0|mux_aqc:auto_generated|_~796           ; out0             ;
; |Q|ALU_unit3:inst|lpm_mux:Mux0|mux_aqc:auto_generated|_~798           ; |Q|ALU_unit3:inst|lpm_mux:Mux0|mux_aqc:auto_generated|_~798           ; out0             ;
; |Q|ALU_unit3:inst|lpm_mux:Mux0|mux_aqc:auto_generated|_~799           ; |Q|ALU_unit3:inst|lpm_mux:Mux0|mux_aqc:auto_generated|_~799           ; out0             ;
; |Q|ALU_unit3:inst|lpm_mux:Mux0|mux_aqc:auto_generated|_~801           ; |Q|ALU_unit3:inst|lpm_mux:Mux0|mux_aqc:auto_generated|_~801           ; out0             ;
; |Q|ALU_unit3:inst|lpm_mux:Mux0|mux_aqc:auto_generated|_~803           ; |Q|ALU_unit3:inst|lpm_mux:Mux0|mux_aqc:auto_generated|_~803           ; out0             ;
; |Q|ALU_unit3:inst|lpm_mux:Mux0|mux_aqc:auto_generated|_~805           ; |Q|ALU_unit3:inst|lpm_mux:Mux0|mux_aqc:auto_generated|_~805           ; out0             ;
; |Q|ALU_unit3:inst|lpm_mux:Mux0|mux_aqc:auto_generated|_~806           ; |Q|ALU_unit3:inst|lpm_mux:Mux0|mux_aqc:auto_generated|_~806           ; out0             ;
; |Q|ALU_unit3:inst|lpm_mux:Mux0|mux_aqc:auto_generated|_~807           ; |Q|ALU_unit3:inst|lpm_mux:Mux0|mux_aqc:auto_generated|_~807           ; out0             ;
; |Q|ALU_unit3:inst|lpm_mux:Mux0|mux_aqc:auto_generated|_~808           ; |Q|ALU_unit3:inst|lpm_mux:Mux0|mux_aqc:auto_generated|_~808           ; out0             ;
; |Q|ALU_unit3:inst|lpm_mux:Mux0|mux_aqc:auto_generated|_~810           ; |Q|ALU_unit3:inst|lpm_mux:Mux0|mux_aqc:auto_generated|_~810           ; out0             ;
; |Q|ALU_unit3:inst|lpm_mux:Mux0|mux_aqc:auto_generated|_~812           ; |Q|ALU_unit3:inst|lpm_mux:Mux0|mux_aqc:auto_generated|_~812           ; out0             ;
; |Q|ALU_unit3:inst|lpm_mux:Mux0|mux_aqc:auto_generated|_~814           ; |Q|ALU_unit3:inst|lpm_mux:Mux0|mux_aqc:auto_generated|_~814           ; out0             ;
; |Q|ALU_unit3:inst|lpm_mux:Mux0|mux_aqc:auto_generated|_~815           ; |Q|ALU_unit3:inst|lpm_mux:Mux0|mux_aqc:auto_generated|_~815           ; out0             ;
; |Q|ALU_unit3:inst|lpm_mux:Mux0|mux_aqc:auto_generated|_~818           ; |Q|ALU_unit3:inst|lpm_mux:Mux0|mux_aqc:auto_generated|_~818           ; out0             ;
; |Q|ALU_unit3:inst|lpm_mux:Mux0|mux_aqc:auto_generated|_~819           ; |Q|ALU_unit3:inst|lpm_mux:Mux0|mux_aqc:auto_generated|_~819           ; out0             ;
; |Q|ALU_unit3:inst|lpm_mux:Mux0|mux_aqc:auto_generated|_~821           ; |Q|ALU_unit3:inst|lpm_mux:Mux0|mux_aqc:auto_generated|_~821           ; out0             ;
; |Q|ALU_unit3:inst|lpm_mux:Mux0|mux_aqc:auto_generated|_~822           ; |Q|ALU_unit3:inst|lpm_mux:Mux0|mux_aqc:auto_generated|_~822           ; out0             ;
; |Q|ALU_unit3:inst|lpm_mux:Mux0|mux_aqc:auto_generated|_~823           ; |Q|ALU_unit3:inst|lpm_mux:Mux0|mux_aqc:auto_generated|_~823           ; out0             ;
; |Q|ALU_unit3:inst|lpm_mux:Mux0|mux_aqc:auto_generated|_~824           ; |Q|ALU_unit3:inst|lpm_mux:Mux0|mux_aqc:auto_generated|_~824           ; out0             ;
; |Q|ALU_unit3:inst|lpm_mux:Mux0|mux_aqc:auto_generated|_~825           ; |Q|ALU_unit3:inst|lpm_mux:Mux0|mux_aqc:auto_generated|_~825           ; out0             ;
; |Q|ALU_unit3:inst|lpm_mux:Mux0|mux_aqc:auto_generated|_~827           ; |Q|ALU_unit3:inst|lpm_mux:Mux0|mux_aqc:auto_generated|_~827           ; out0             ;
; |Q|ALU_unit3:inst|lpm_mux:Mux0|mux_aqc:auto_generated|_~829           ; |Q|ALU_unit3:inst|lpm_mux:Mux0|mux_aqc:auto_generated|_~829           ; out0             ;
; |Q|ALU_unit3:inst|lpm_mux:Mux0|mux_aqc:auto_generated|_~831           ; |Q|ALU_unit3:inst|lpm_mux:Mux0|mux_aqc:auto_generated|_~831           ; out0             ;
; |Q|ALU_unit3:inst|lpm_mux:Mux0|mux_aqc:auto_generated|_~832           ; |Q|ALU_unit3:inst|lpm_mux:Mux0|mux_aqc:auto_generated|_~832           ; out0             ;
; |Q|ALU_unit3:inst|lpm_mux:Mux0|mux_aqc:auto_generated|_~833           ; |Q|ALU_unit3:inst|lpm_mux:Mux0|mux_aqc:auto_generated|_~833           ; out0             ;
; |Q|ALU_unit3:inst|lpm_mux:Mux0|mux_aqc:auto_generated|_~834           ; |Q|ALU_unit3:inst|lpm_mux:Mux0|mux_aqc:auto_generated|_~834           ; out0             ;
; |Q|ALU_unit3:inst|lpm_mux:Mux0|mux_aqc:auto_generated|_~836           ; |Q|ALU_unit3:inst|lpm_mux:Mux0|mux_aqc:auto_generated|_~836           ; out0             ;
; |Q|ALU_unit3:inst|lpm_mux:Mux0|mux_aqc:auto_generated|_~838           ; |Q|ALU_unit3:inst|lpm_mux:Mux0|mux_aqc:auto_generated|_~838           ; out0             ;
; |Q|ALU_unit3:inst|lpm_mux:Mux0|mux_aqc:auto_generated|_~840           ; |Q|ALU_unit3:inst|lpm_mux:Mux0|mux_aqc:auto_generated|_~840           ; out0             ;
; |Q|ALU_unit3:inst|lpm_mux:Mux0|mux_aqc:auto_generated|_~841           ; |Q|ALU_unit3:inst|lpm_mux:Mux0|mux_aqc:auto_generated|_~841           ; out0             ;
; |Q|ALU_unit3:inst|lpm_mux:Mux0|mux_aqc:auto_generated|_~844           ; |Q|ALU_unit3:inst|lpm_mux:Mux0|mux_aqc:auto_generated|_~844           ; out0             ;
; |Q|ALU_unit3:inst|lpm_mux:Mux0|mux_aqc:auto_generated|_~845           ; |Q|ALU_unit3:inst|lpm_mux:Mux0|mux_aqc:auto_generated|_~845           ; out0             ;
; |Q|ALU_unit3:inst|lpm_mux:Mux0|mux_aqc:auto_generated|_~847           ; |Q|ALU_unit3:inst|lpm_mux:Mux0|mux_aqc:auto_generated|_~847           ; out0             ;
; |Q|ALU_unit3:inst|lpm_mux:Mux0|mux_aqc:auto_generated|_~849           ; |Q|ALU_unit3:inst|lpm_mux:Mux0|mux_aqc:auto_generated|_~849           ; out0             ;
; |Q|ALU_unit3:inst|lpm_mux:Mux0|mux_aqc:auto_generated|_~850           ; |Q|ALU_unit3:inst|lpm_mux:Mux0|mux_aqc:auto_generated|_~850           ; out0             ;
; |Q|ALU_unit3:inst|lpm_mux:Mux0|mux_aqc:auto_generated|_~852           ; |Q|ALU_unit3:inst|lpm_mux:Mux0|mux_aqc:auto_generated|_~852           ; out0             ;
; |Q|ALU_unit3:inst|lpm_mux:Mux0|mux_aqc:auto_generated|_~854           ; |Q|ALU_unit3:inst|lpm_mux:Mux0|mux_aqc:auto_generated|_~854           ; out0             ;
; |Q|ALU_unit3:inst|lpm_mux:Mux0|mux_aqc:auto_generated|_~856           ; |Q|ALU_unit3:inst|lpm_mux:Mux0|mux_aqc:auto_generated|_~856           ; out0             ;
; |Q|ALU_unit3:inst|lpm_mux:Mux0|mux_aqc:auto_generated|_~857           ; |Q|ALU_unit3:inst|lpm_mux:Mux0|mux_aqc:auto_generated|_~857           ; out0             ;
; |Q|ALU_unit3:inst|lpm_mux:Mux0|mux_aqc:auto_generated|_~858           ; |Q|ALU_unit3:inst|lpm_mux:Mux0|mux_aqc:auto_generated|_~858           ; out0             ;
; |Q|ALU_unit3:inst|lpm_mux:Mux0|mux_aqc:auto_generated|_~859           ; |Q|ALU_unit3:inst|lpm_mux:Mux0|mux_aqc:auto_generated|_~859           ; out0             ;
; |Q|ALU_unit3:inst|lpm_mux:Mux0|mux_aqc:auto_generated|_~861           ; |Q|ALU_unit3:inst|lpm_mux:Mux0|mux_aqc:auto_generated|_~861           ; out0             ;
; |Q|ALU_unit3:inst|lpm_mux:Mux0|mux_aqc:auto_generated|_~863           ; |Q|ALU_unit3:inst|lpm_mux:Mux0|mux_aqc:auto_generated|_~863           ; out0             ;
; |Q|ALU_unit3:inst|lpm_mux:Mux0|mux_aqc:auto_generated|_~865           ; |Q|ALU_unit3:inst|lpm_mux:Mux0|mux_aqc:auto_generated|_~865           ; out0             ;
; |Q|ALU_unit3:inst|lpm_mux:Mux0|mux_aqc:auto_generated|_~866           ; |Q|ALU_unit3:inst|lpm_mux:Mux0|mux_aqc:auto_generated|_~866           ; out0             ;
; |Q|ALU_unit3:inst|lpm_mux:Mux0|mux_aqc:auto_generated|_~869           ; |Q|ALU_unit3:inst|lpm_mux:Mux0|mux_aqc:auto_generated|_~869           ; out0             ;
; |Q|ALU_unit3:inst|lpm_mux:Mux0|mux_aqc:auto_generated|_~870           ; |Q|ALU_unit3:inst|lpm_mux:Mux0|mux_aqc:auto_generated|_~870           ; out0             ;
; |Q|ALU_unit3:inst|lpm_mux:Mux0|mux_aqc:auto_generated|_~872           ; |Q|ALU_unit3:inst|lpm_mux:Mux0|mux_aqc:auto_generated|_~872           ; out0             ;
; |Q|ALU_unit3:inst|lpm_mux:Mux0|mux_aqc:auto_generated|_~873           ; |Q|ALU_unit3:inst|lpm_mux:Mux0|mux_aqc:auto_generated|_~873           ; out0             ;
; |Q|ALU_unit3:inst|lpm_mux:Mux0|mux_aqc:auto_generated|_~874           ; |Q|ALU_unit3:inst|lpm_mux:Mux0|mux_aqc:auto_generated|_~874           ; out0             ;
; |Q|ALU_unit3:inst|lpm_mux:Mux0|mux_aqc:auto_generated|_~876           ; |Q|ALU_unit3:inst|lpm_mux:Mux0|mux_aqc:auto_generated|_~876           ; out0             ;
; |Q|ALU_unit3:inst|lpm_mux:Mux0|mux_aqc:auto_generated|_~878           ; |Q|ALU_unit3:inst|lpm_mux:Mux0|mux_aqc:auto_generated|_~878           ; out0             ;
; |Q|ALU_unit3:inst|lpm_mux:Mux0|mux_aqc:auto_generated|_~880           ; |Q|ALU_unit3:inst|lpm_mux:Mux0|mux_aqc:auto_generated|_~880           ; out0             ;
; |Q|ALU_unit3:inst|lpm_mux:Mux0|mux_aqc:auto_generated|_~881           ; |Q|ALU_unit3:inst|lpm_mux:Mux0|mux_aqc:auto_generated|_~881           ; out0             ;
; |Q|ALU_unit3:inst|lpm_mux:Mux0|mux_aqc:auto_generated|_~882           ; |Q|ALU_unit3:inst|lpm_mux:Mux0|mux_aqc:auto_generated|_~882           ; out0             ;
; |Q|ALU_unit3:inst|lpm_mux:Mux0|mux_aqc:auto_generated|_~883           ; |Q|ALU_unit3:inst|lpm_mux:Mux0|mux_aqc:auto_generated|_~883           ; out0             ;
; |Q|ALU_unit3:inst|lpm_mux:Mux0|mux_aqc:auto_generated|_~885           ; |Q|ALU_unit3:inst|lpm_mux:Mux0|mux_aqc:auto_generated|_~885           ; out0             ;
; |Q|ALU_unit3:inst|lpm_mux:Mux0|mux_aqc:auto_generated|_~887           ; |Q|ALU_unit3:inst|lpm_mux:Mux0|mux_aqc:auto_generated|_~887           ; out0             ;
; |Q|ALU_unit3:inst|lpm_mux:Mux0|mux_aqc:auto_generated|_~889           ; |Q|ALU_unit3:inst|lpm_mux:Mux0|mux_aqc:auto_generated|_~889           ; out0             ;
; |Q|ALU_unit3:inst|lpm_mux:Mux0|mux_aqc:auto_generated|_~890           ; |Q|ALU_unit3:inst|lpm_mux:Mux0|mux_aqc:auto_generated|_~890           ; out0             ;
; |Q|ALU_unit3:inst|lpm_mux:Mux0|mux_aqc:auto_generated|_~893           ; |Q|ALU_unit3:inst|lpm_mux:Mux0|mux_aqc:auto_generated|_~893           ; out0             ;
; |Q|ALU_unit3:inst|lpm_mux:Mux0|mux_aqc:auto_generated|_~894           ; |Q|ALU_unit3:inst|lpm_mux:Mux0|mux_aqc:auto_generated|_~894           ; out0             ;
; |Q|ALU_unit3:inst|lpm_mux:Mux0|mux_aqc:auto_generated|_~897           ; |Q|ALU_unit3:inst|lpm_mux:Mux0|mux_aqc:auto_generated|_~897           ; out0             ;
; |Q|ALU_unit3:inst|lpm_mux:Mux0|mux_aqc:auto_generated|_~898           ; |Q|ALU_unit3:inst|lpm_mux:Mux0|mux_aqc:auto_generated|_~898           ; out0             ;
; |Q|ALU_unit3:inst|lpm_mux:Mux0|mux_aqc:auto_generated|_~904           ; |Q|ALU_unit3:inst|lpm_mux:Mux0|mux_aqc:auto_generated|_~904           ; out0             ;
; |Q|ALU_unit3:inst|lpm_mux:Mux0|mux_aqc:auto_generated|_~906           ; |Q|ALU_unit3:inst|lpm_mux:Mux0|mux_aqc:auto_generated|_~906           ; out0             ;
; |Q|ALU_unit3:inst|lpm_mux:Mux0|mux_aqc:auto_generated|_~908           ; |Q|ALU_unit3:inst|lpm_mux:Mux0|mux_aqc:auto_generated|_~908           ; out0             ;
; |Q|ALU_unit3:inst|lpm_mux:Mux0|mux_aqc:auto_generated|_~910           ; |Q|ALU_unit3:inst|lpm_mux:Mux0|mux_aqc:auto_generated|_~910           ; out0             ;
; |Q|ALU_unit3:inst|lpm_mux:Mux0|mux_aqc:auto_generated|_~911           ; |Q|ALU_unit3:inst|lpm_mux:Mux0|mux_aqc:auto_generated|_~911           ; out0             ;
; |Q|ALU_unit3:inst|lpm_mux:Mux0|mux_aqc:auto_generated|_~912           ; |Q|ALU_unit3:inst|lpm_mux:Mux0|mux_aqc:auto_generated|_~912           ; out0             ;
; |Q|ALU_unit3:inst|lpm_mux:Mux0|mux_aqc:auto_generated|_~913           ; |Q|ALU_unit3:inst|lpm_mux:Mux0|mux_aqc:auto_generated|_~913           ; out0             ;
; |Q|ALU_unit3:inst|lpm_mux:Mux0|mux_aqc:auto_generated|_~915           ; |Q|ALU_unit3:inst|lpm_mux:Mux0|mux_aqc:auto_generated|_~915           ; out0             ;
; |Q|ALU_unit3:inst|lpm_mux:Mux0|mux_aqc:auto_generated|_~917           ; |Q|ALU_unit3:inst|lpm_mux:Mux0|mux_aqc:auto_generated|_~917           ; out0             ;
; |Q|ALU_unit3:inst|lpm_mux:Mux0|mux_aqc:auto_generated|_~919           ; |Q|ALU_unit3:inst|lpm_mux:Mux0|mux_aqc:auto_generated|_~919           ; out0             ;
; |Q|ALU_unit3:inst|lpm_mux:Mux0|mux_aqc:auto_generated|_~920           ; |Q|ALU_unit3:inst|lpm_mux:Mux0|mux_aqc:auto_generated|_~920           ; out0             ;
; |Q|ALU_unit3:inst|lpm_mux:Mux0|mux_aqc:auto_generated|_~923           ; |Q|ALU_unit3:inst|lpm_mux:Mux0|mux_aqc:auto_generated|_~923           ; out0             ;
; |Q|ALU_unit3:inst|lpm_mux:Mux0|mux_aqc:auto_generated|_~924           ; |Q|ALU_unit3:inst|lpm_mux:Mux0|mux_aqc:auto_generated|_~924           ; out0             ;
; |Q|ALU_unit3:inst|lpm_mux:Mux0|mux_aqc:auto_generated|_~925           ; |Q|ALU_unit3:inst|lpm_mux:Mux0|mux_aqc:auto_generated|_~925           ; out0             ;
; |Q|ALU_unit3:inst|lpm_mux:Mux0|mux_aqc:auto_generated|_~926           ; |Q|ALU_unit3:inst|lpm_mux:Mux0|mux_aqc:auto_generated|_~926           ; out0             ;
; |Q|ALU_unit3:inst|lpm_mux:Mux0|mux_aqc:auto_generated|_~932           ; |Q|ALU_unit3:inst|lpm_mux:Mux0|mux_aqc:auto_generated|_~932           ; out0             ;
; |Q|ALU_unit3:inst|lpm_mux:Mux0|mux_aqc:auto_generated|_~935           ; |Q|ALU_unit3:inst|lpm_mux:Mux0|mux_aqc:auto_generated|_~935           ; out0             ;
; |Q|ALU_unit3:inst|lpm_mux:Mux0|mux_aqc:auto_generated|_~941           ; |Q|ALU_unit3:inst|lpm_mux:Mux0|mux_aqc:auto_generated|_~941           ; out0             ;
; |Q|ALU_unit3:inst|lpm_mux:Mux0|mux_aqc:auto_generated|_~951           ; |Q|ALU_unit3:inst|lpm_mux:Mux0|mux_aqc:auto_generated|_~951           ; out0             ;
; |Q|ALU_unit3:inst|lpm_mux:Mux0|mux_aqc:auto_generated|_~953           ; |Q|ALU_unit3:inst|lpm_mux:Mux0|mux_aqc:auto_generated|_~953           ; out0             ;
; |Q|ALU_unit3:inst|lpm_mux:Mux0|mux_aqc:auto_generated|_~955           ; |Q|ALU_unit3:inst|lpm_mux:Mux0|mux_aqc:auto_generated|_~955           ; out0             ;
; |Q|ALU_unit3:inst|lpm_mux:Mux0|mux_aqc:auto_generated|_~957           ; |Q|ALU_unit3:inst|lpm_mux:Mux0|mux_aqc:auto_generated|_~957           ; out0             ;
; |Q|ALU_unit3:inst|lpm_mux:Mux0|mux_aqc:auto_generated|_~958           ; |Q|ALU_unit3:inst|lpm_mux:Mux0|mux_aqc:auto_generated|_~958           ; out0             ;
; |Q|ALU_unit3:inst|lpm_mux:Mux0|mux_aqc:auto_generated|_~959           ; |Q|ALU_unit3:inst|lpm_mux:Mux0|mux_aqc:auto_generated|_~959           ; out0             ;
; |Q|ALU_unit3:inst|lpm_mux:Mux0|mux_aqc:auto_generated|_~960           ; |Q|ALU_unit3:inst|lpm_mux:Mux0|mux_aqc:auto_generated|_~960           ; out0             ;
; |Q|ALU_unit3:inst|lpm_mux:Mux0|mux_aqc:auto_generated|_~962           ; |Q|ALU_unit3:inst|lpm_mux:Mux0|mux_aqc:auto_generated|_~962           ; out0             ;
; |Q|ALU_unit3:inst|lpm_mux:Mux0|mux_aqc:auto_generated|_~964           ; |Q|ALU_unit3:inst|lpm_mux:Mux0|mux_aqc:auto_generated|_~964           ; out0             ;
; |Q|ALU_unit3:inst|lpm_mux:Mux0|mux_aqc:auto_generated|_~966           ; |Q|ALU_unit3:inst|lpm_mux:Mux0|mux_aqc:auto_generated|_~966           ; out0             ;
; |Q|ALU_unit3:inst|lpm_mux:Mux0|mux_aqc:auto_generated|_~967           ; |Q|ALU_unit3:inst|lpm_mux:Mux0|mux_aqc:auto_generated|_~967           ; out0             ;
; |Q|ALU_unit3:inst|lpm_mux:Mux0|mux_aqc:auto_generated|_~970           ; |Q|ALU_unit3:inst|lpm_mux:Mux0|mux_aqc:auto_generated|_~970           ; out0             ;
; |Q|ALU_unit3:inst|lpm_mux:Mux0|mux_aqc:auto_generated|_~971           ; |Q|ALU_unit3:inst|lpm_mux:Mux0|mux_aqc:auto_generated|_~971           ; out0             ;
; |Q|ALU_unit3:inst|lpm_mux:Mux0|mux_aqc:auto_generated|_~973           ; |Q|ALU_unit3:inst|lpm_mux:Mux0|mux_aqc:auto_generated|_~973           ; out0             ;
; |Q|ALU_unit3:inst|lpm_mux:Mux0|mux_aqc:auto_generated|_~976           ; |Q|ALU_unit3:inst|lpm_mux:Mux0|mux_aqc:auto_generated|_~976           ; out0             ;
; |Q|ALU_unit3:inst|lpm_mux:Mux0|mux_aqc:auto_generated|_~977           ; |Q|ALU_unit3:inst|lpm_mux:Mux0|mux_aqc:auto_generated|_~977           ; out0             ;
; |Q|ALU_unit3:inst|lpm_mux:Mux0|mux_aqc:auto_generated|_~983           ; |Q|ALU_unit3:inst|lpm_mux:Mux0|mux_aqc:auto_generated|_~983           ; out0             ;
; |Q|ALU_unit3:inst|lpm_mux:Mux0|mux_aqc:auto_generated|_~986           ; |Q|ALU_unit3:inst|lpm_mux:Mux0|mux_aqc:auto_generated|_~986           ; out0             ;
; |Q|ALU_unit3:inst|lpm_mux:Mux0|mux_aqc:auto_generated|_~992           ; |Q|ALU_unit3:inst|lpm_mux:Mux0|mux_aqc:auto_generated|_~992           ; out0             ;
; |Q|ALU_unit3:inst|lpm_mux:Mux0|mux_aqc:auto_generated|_~1002          ; |Q|ALU_unit3:inst|lpm_mux:Mux0|mux_aqc:auto_generated|_~1002          ; out0             ;
; |Q|ALU_unit3:inst|lpm_mux:Mux0|mux_aqc:auto_generated|_~1004          ; |Q|ALU_unit3:inst|lpm_mux:Mux0|mux_aqc:auto_generated|_~1004          ; out0             ;
; |Q|ALU_unit3:inst|lpm_mux:Mux0|mux_aqc:auto_generated|_~1006          ; |Q|ALU_unit3:inst|lpm_mux:Mux0|mux_aqc:auto_generated|_~1006          ; out0             ;
; |Q|ALU_unit3:inst|lpm_mux:Mux0|mux_aqc:auto_generated|_~1008          ; |Q|ALU_unit3:inst|lpm_mux:Mux0|mux_aqc:auto_generated|_~1008          ; out0             ;
; |Q|ALU_unit3:inst|lpm_mux:Mux0|mux_aqc:auto_generated|_~1009          ; |Q|ALU_unit3:inst|lpm_mux:Mux0|mux_aqc:auto_generated|_~1009          ; out0             ;
; |Q|ALU_unit3:inst|lpm_mux:Mux0|mux_aqc:auto_generated|_~1010          ; |Q|ALU_unit3:inst|lpm_mux:Mux0|mux_aqc:auto_generated|_~1010          ; out0             ;
; |Q|ALU_unit3:inst|lpm_mux:Mux0|mux_aqc:auto_generated|_~1011          ; |Q|ALU_unit3:inst|lpm_mux:Mux0|mux_aqc:auto_generated|_~1011          ; out0             ;
; |Q|ALU_unit3:inst|lpm_mux:Mux0|mux_aqc:auto_generated|_~1013          ; |Q|ALU_unit3:inst|lpm_mux:Mux0|mux_aqc:auto_generated|_~1013          ; out0             ;
; |Q|ALU_unit3:inst|lpm_mux:Mux0|mux_aqc:auto_generated|_~1015          ; |Q|ALU_unit3:inst|lpm_mux:Mux0|mux_aqc:auto_generated|_~1015          ; out0             ;
; |Q|ALU_unit3:inst|lpm_mux:Mux0|mux_aqc:auto_generated|_~1017          ; |Q|ALU_unit3:inst|lpm_mux:Mux0|mux_aqc:auto_generated|_~1017          ; out0             ;
; |Q|ALU_unit3:inst|lpm_mux:Mux0|mux_aqc:auto_generated|_~1018          ; |Q|ALU_unit3:inst|lpm_mux:Mux0|mux_aqc:auto_generated|_~1018          ; out0             ;
; |Q|ALU_unit3:inst|lpm_mux:Mux0|mux_aqc:auto_generated|_~1021          ; |Q|ALU_unit3:inst|lpm_mux:Mux0|mux_aqc:auto_generated|_~1021          ; out0             ;
; |Q|ALU_unit3:inst|lpm_mux:Mux0|mux_aqc:auto_generated|_~1022          ; |Q|ALU_unit3:inst|lpm_mux:Mux0|mux_aqc:auto_generated|_~1022          ; out0             ;
; |Q|ALU_unit3:inst|lpm_mux:Mux0|mux_aqc:auto_generated|_~1024          ; |Q|ALU_unit3:inst|lpm_mux:Mux0|mux_aqc:auto_generated|_~1024          ; out0             ;
; |Q|ALU_unit3:inst|lpm_mux:Mux0|mux_aqc:auto_generated|_~1026          ; |Q|ALU_unit3:inst|lpm_mux:Mux0|mux_aqc:auto_generated|_~1026          ; out0             ;
; |Q|ALU_unit3:inst|lpm_mux:Mux0|mux_aqc:auto_generated|_~1028          ; |Q|ALU_unit3:inst|lpm_mux:Mux0|mux_aqc:auto_generated|_~1028          ; out0             ;
; |Q|ALU_unit3:inst|lpm_mux:Mux0|mux_aqc:auto_generated|_~1030          ; |Q|ALU_unit3:inst|lpm_mux:Mux0|mux_aqc:auto_generated|_~1030          ; out0             ;
; |Q|ALU_unit3:inst|lpm_mux:Mux0|mux_aqc:auto_generated|_~1032          ; |Q|ALU_unit3:inst|lpm_mux:Mux0|mux_aqc:auto_generated|_~1032          ; out0             ;
; |Q|ALU_unit3:inst|lpm_mux:Mux0|mux_aqc:auto_generated|_~1033          ; |Q|ALU_unit3:inst|lpm_mux:Mux0|mux_aqc:auto_generated|_~1033          ; out0             ;
; |Q|ALU_unit3:inst|lpm_mux:Mux0|mux_aqc:auto_generated|_~1034          ; |Q|ALU_unit3:inst|lpm_mux:Mux0|mux_aqc:auto_generated|_~1034          ; out0             ;
; |Q|ALU_unit3:inst|lpm_mux:Mux0|mux_aqc:auto_generated|_~1035          ; |Q|ALU_unit3:inst|lpm_mux:Mux0|mux_aqc:auto_generated|_~1035          ; out0             ;
; |Q|ALU_unit3:inst|lpm_mux:Mux0|mux_aqc:auto_generated|_~1037          ; |Q|ALU_unit3:inst|lpm_mux:Mux0|mux_aqc:auto_generated|_~1037          ; out0             ;
; |Q|ALU_unit3:inst|lpm_mux:Mux0|mux_aqc:auto_generated|_~1039          ; |Q|ALU_unit3:inst|lpm_mux:Mux0|mux_aqc:auto_generated|_~1039          ; out0             ;
; |Q|ALU_unit3:inst|lpm_mux:Mux0|mux_aqc:auto_generated|_~1041          ; |Q|ALU_unit3:inst|lpm_mux:Mux0|mux_aqc:auto_generated|_~1041          ; out0             ;
; |Q|ALU_unit3:inst|lpm_mux:Mux0|mux_aqc:auto_generated|_~1042          ; |Q|ALU_unit3:inst|lpm_mux:Mux0|mux_aqc:auto_generated|_~1042          ; out0             ;
; |Q|ALU_unit3:inst|lpm_mux:Mux0|mux_aqc:auto_generated|_~1045          ; |Q|ALU_unit3:inst|lpm_mux:Mux0|mux_aqc:auto_generated|_~1045          ; out0             ;
; |Q|ALU_unit3:inst|lpm_mux:Mux0|mux_aqc:auto_generated|_~1046          ; |Q|ALU_unit3:inst|lpm_mux:Mux0|mux_aqc:auto_generated|_~1046          ; out0             ;
; |Q|ALU_unit3:inst|lpm_mux:Mux0|mux_aqc:auto_generated|_~1052          ; |Q|ALU_unit3:inst|lpm_mux:Mux0|mux_aqc:auto_generated|_~1052          ; out0             ;
; |Q|ALU_unit3:inst|lpm_mux:Mux0|mux_aqc:auto_generated|_~1058          ; |Q|ALU_unit3:inst|lpm_mux:Mux0|mux_aqc:auto_generated|_~1058          ; out0             ;
; |Q|ALU_unit3:inst|lpm_mux:Mux0|mux_aqc:auto_generated|_~1061          ; |Q|ALU_unit3:inst|lpm_mux:Mux0|mux_aqc:auto_generated|_~1061          ; out0             ;
; |Q|ALU_unit3:inst|lpm_mux:Mux0|mux_aqc:auto_generated|_~1067          ; |Q|ALU_unit3:inst|lpm_mux:Mux0|mux_aqc:auto_generated|_~1067          ; out0             ;
; |Q|ALU_unit3:inst|lpm_mux:Mux0|mux_aqc:auto_generated|_~1099          ; |Q|ALU_unit3:inst|lpm_mux:Mux0|mux_aqc:auto_generated|_~1099          ; out0             ;
; |Q|ALU_unit3:inst|lpm_mux:Mux0|mux_aqc:auto_generated|_~1105          ; |Q|ALU_unit3:inst|lpm_mux:Mux0|mux_aqc:auto_generated|_~1105          ; out0             ;
; |Q|ALU_unit3:inst|lpm_mux:Mux0|mux_aqc:auto_generated|_~1108          ; |Q|ALU_unit3:inst|lpm_mux:Mux0|mux_aqc:auto_generated|_~1108          ; out0             ;
; |Q|ALU_unit3:inst|lpm_mux:Mux0|mux_aqc:auto_generated|_~1114          ; |Q|ALU_unit3:inst|lpm_mux:Mux0|mux_aqc:auto_generated|_~1114          ; out0             ;
; |Q|ALU_unit3:inst|lpm_mux:Mux0|mux_aqc:auto_generated|_~1150          ; |Q|ALU_unit3:inst|lpm_mux:Mux0|mux_aqc:auto_generated|_~1150          ; out0             ;
; |Q|ALU_unit3:inst|lpm_mux:Mux0|mux_aqc:auto_generated|_~1156          ; |Q|ALU_unit3:inst|lpm_mux:Mux0|mux_aqc:auto_generated|_~1156          ; out0             ;
; |Q|ALU_unit3:inst|lpm_mux:Mux0|mux_aqc:auto_generated|_~1159          ; |Q|ALU_unit3:inst|lpm_mux:Mux0|mux_aqc:auto_generated|_~1159          ; out0             ;
; |Q|ALU_unit3:inst|lpm_mux:Mux0|mux_aqc:auto_generated|_~1165          ; |Q|ALU_unit3:inst|lpm_mux:Mux0|mux_aqc:auto_generated|_~1165          ; out0             ;
; |Q|ALU_unit3:inst|lpm_mux:Mux0|mux_aqc:auto_generated|_~1174          ; |Q|ALU_unit3:inst|lpm_mux:Mux0|mux_aqc:auto_generated|_~1174          ; out0             ;
; |Q|ALU_unit3:inst|lpm_mux:Mux0|mux_aqc:auto_generated|_~1176          ; |Q|ALU_unit3:inst|lpm_mux:Mux0|mux_aqc:auto_generated|_~1176          ; out0             ;
; |Q|ALU_unit3:inst|lpm_mux:Mux0|mux_aqc:auto_generated|_~1178          ; |Q|ALU_unit3:inst|lpm_mux:Mux0|mux_aqc:auto_generated|_~1178          ; out0             ;
; |Q|ALU_unit3:inst|lpm_mux:Mux0|mux_aqc:auto_generated|_~1180          ; |Q|ALU_unit3:inst|lpm_mux:Mux0|mux_aqc:auto_generated|_~1180          ; out0             ;
; |Q|ALU_unit3:inst|lpm_mux:Mux0|mux_aqc:auto_generated|_~1181          ; |Q|ALU_unit3:inst|lpm_mux:Mux0|mux_aqc:auto_generated|_~1181          ; out0             ;
; |Q|ALU_unit3:inst|lpm_mux:Mux0|mux_aqc:auto_generated|_~1182          ; |Q|ALU_unit3:inst|lpm_mux:Mux0|mux_aqc:auto_generated|_~1182          ; out0             ;
; |Q|ALU_unit3:inst|lpm_mux:Mux0|mux_aqc:auto_generated|_~1183          ; |Q|ALU_unit3:inst|lpm_mux:Mux0|mux_aqc:auto_generated|_~1183          ; out0             ;
; |Q|ALU_unit3:inst|lpm_mux:Mux0|mux_aqc:auto_generated|_~1185          ; |Q|ALU_unit3:inst|lpm_mux:Mux0|mux_aqc:auto_generated|_~1185          ; out0             ;
; |Q|ALU_unit3:inst|lpm_mux:Mux0|mux_aqc:auto_generated|_~1187          ; |Q|ALU_unit3:inst|lpm_mux:Mux0|mux_aqc:auto_generated|_~1187          ; out0             ;
; |Q|ALU_unit3:inst|lpm_mux:Mux0|mux_aqc:auto_generated|_~1189          ; |Q|ALU_unit3:inst|lpm_mux:Mux0|mux_aqc:auto_generated|_~1189          ; out0             ;
; |Q|ALU_unit3:inst|lpm_mux:Mux0|mux_aqc:auto_generated|_~1190          ; |Q|ALU_unit3:inst|lpm_mux:Mux0|mux_aqc:auto_generated|_~1190          ; out0             ;
; |Q|ALU_unit3:inst|lpm_mux:Mux0|mux_aqc:auto_generated|_~1193          ; |Q|ALU_unit3:inst|lpm_mux:Mux0|mux_aqc:auto_generated|_~1193          ; out0             ;
; |Q|ALU_unit3:inst|lpm_mux:Mux0|mux_aqc:auto_generated|_~1194          ; |Q|ALU_unit3:inst|lpm_mux:Mux0|mux_aqc:auto_generated|_~1194          ; out0             ;
; |Q|ALU_unit3:inst|lpm_mux:Mux0|mux_aqc:auto_generated|_~1203          ; |Q|ALU_unit3:inst|lpm_mux:Mux0|mux_aqc:auto_generated|_~1203          ; out0             ;
; |Q|ALU_unit3:inst|lpm_mux:Mux0|mux_aqc:auto_generated|_~1205          ; |Q|ALU_unit3:inst|lpm_mux:Mux0|mux_aqc:auto_generated|_~1205          ; out0             ;
; |Q|ALU_unit3:inst|lpm_mux:Mux0|mux_aqc:auto_generated|_~1207          ; |Q|ALU_unit3:inst|lpm_mux:Mux0|mux_aqc:auto_generated|_~1207          ; out0             ;
; |Q|ALU_unit3:inst|lpm_mux:Mux0|mux_aqc:auto_generated|_~1209          ; |Q|ALU_unit3:inst|lpm_mux:Mux0|mux_aqc:auto_generated|_~1209          ; out0             ;
; |Q|ALU_unit3:inst|lpm_mux:Mux0|mux_aqc:auto_generated|_~1210          ; |Q|ALU_unit3:inst|lpm_mux:Mux0|mux_aqc:auto_generated|_~1210          ; out0             ;
; |Q|ALU_unit3:inst|lpm_mux:Mux0|mux_aqc:auto_generated|_~1211          ; |Q|ALU_unit3:inst|lpm_mux:Mux0|mux_aqc:auto_generated|_~1211          ; out0             ;
; |Q|ALU_unit3:inst|lpm_mux:Mux0|mux_aqc:auto_generated|_~1212          ; |Q|ALU_unit3:inst|lpm_mux:Mux0|mux_aqc:auto_generated|_~1212          ; out0             ;
; |Q|ALU_unit3:inst|lpm_mux:Mux0|mux_aqc:auto_generated|_~1214          ; |Q|ALU_unit3:inst|lpm_mux:Mux0|mux_aqc:auto_generated|_~1214          ; out0             ;
; |Q|ALU_unit3:inst|lpm_mux:Mux0|mux_aqc:auto_generated|_~1216          ; |Q|ALU_unit3:inst|lpm_mux:Mux0|mux_aqc:auto_generated|_~1216          ; out0             ;
; |Q|ALU_unit3:inst|lpm_mux:Mux0|mux_aqc:auto_generated|_~1218          ; |Q|ALU_unit3:inst|lpm_mux:Mux0|mux_aqc:auto_generated|_~1218          ; out0             ;
; |Q|ALU_unit3:inst|lpm_mux:Mux0|mux_aqc:auto_generated|_~1219          ; |Q|ALU_unit3:inst|lpm_mux:Mux0|mux_aqc:auto_generated|_~1219          ; out0             ;
; |Q|ALU_unit3:inst|lpm_mux:Mux0|mux_aqc:auto_generated|_~1222          ; |Q|ALU_unit3:inst|lpm_mux:Mux0|mux_aqc:auto_generated|_~1222          ; out0             ;
; |Q|ALU_unit3:inst|lpm_mux:Mux0|mux_aqc:auto_generated|_~1223          ; |Q|ALU_unit3:inst|lpm_mux:Mux0|mux_aqc:auto_generated|_~1223          ; out0             ;
; |Q|ALU_unit3:inst|lpm_mux:Mux0|mux_aqc:auto_generated|_~1224          ; |Q|ALU_unit3:inst|lpm_mux:Mux0|mux_aqc:auto_generated|_~1224          ; out0             ;
; |Q|ALU_unit3:inst|lpm_mux:Mux0|mux_aqc:auto_generated|_~1225          ; |Q|ALU_unit3:inst|lpm_mux:Mux0|mux_aqc:auto_generated|_~1225          ; out0             ;
; |Q|ALU_unit3:inst|lpm_mux:Mux0|mux_aqc:auto_generated|_~1231          ; |Q|ALU_unit3:inst|lpm_mux:Mux0|mux_aqc:auto_generated|_~1231          ; out0             ;
; |Q|ALU_unit3:inst|lpm_mux:Mux0|mux_aqc:auto_generated|_~1234          ; |Q|ALU_unit3:inst|lpm_mux:Mux0|mux_aqc:auto_generated|_~1234          ; out0             ;
; |Q|ALU_unit3:inst|lpm_mux:Mux0|mux_aqc:auto_generated|_~1240          ; |Q|ALU_unit3:inst|lpm_mux:Mux0|mux_aqc:auto_generated|_~1240          ; out0             ;
; |Q|ALU_unit3:inst|lpm_mux:Mux0|mux_aqc:auto_generated|_~1250          ; |Q|ALU_unit3:inst|lpm_mux:Mux0|mux_aqc:auto_generated|_~1250          ; out0             ;
; |Q|ALU_unit3:inst|lpm_mux:Mux0|mux_aqc:auto_generated|_~1252          ; |Q|ALU_unit3:inst|lpm_mux:Mux0|mux_aqc:auto_generated|_~1252          ; out0             ;
; |Q|ALU_unit3:inst|lpm_mux:Mux0|mux_aqc:auto_generated|_~1254          ; |Q|ALU_unit3:inst|lpm_mux:Mux0|mux_aqc:auto_generated|_~1254          ; out0             ;
; |Q|ALU_unit3:inst|lpm_mux:Mux0|mux_aqc:auto_generated|_~1256          ; |Q|ALU_unit3:inst|lpm_mux:Mux0|mux_aqc:auto_generated|_~1256          ; out0             ;
; |Q|ALU_unit3:inst|lpm_mux:Mux0|mux_aqc:auto_generated|_~1257          ; |Q|ALU_unit3:inst|lpm_mux:Mux0|mux_aqc:auto_generated|_~1257          ; out0             ;
; |Q|ALU_unit3:inst|lpm_mux:Mux0|mux_aqc:auto_generated|_~1258          ; |Q|ALU_unit3:inst|lpm_mux:Mux0|mux_aqc:auto_generated|_~1258          ; out0             ;
; |Q|ALU_unit3:inst|lpm_mux:Mux0|mux_aqc:auto_generated|_~1259          ; |Q|ALU_unit3:inst|lpm_mux:Mux0|mux_aqc:auto_generated|_~1259          ; out0             ;
; |Q|ALU_unit3:inst|lpm_mux:Mux0|mux_aqc:auto_generated|_~1261          ; |Q|ALU_unit3:inst|lpm_mux:Mux0|mux_aqc:auto_generated|_~1261          ; out0             ;
; |Q|ALU_unit3:inst|lpm_mux:Mux0|mux_aqc:auto_generated|_~1263          ; |Q|ALU_unit3:inst|lpm_mux:Mux0|mux_aqc:auto_generated|_~1263          ; out0             ;
; |Q|ALU_unit3:inst|lpm_mux:Mux0|mux_aqc:auto_generated|_~1265          ; |Q|ALU_unit3:inst|lpm_mux:Mux0|mux_aqc:auto_generated|_~1265          ; out0             ;
; |Q|ALU_unit3:inst|lpm_mux:Mux0|mux_aqc:auto_generated|_~1266          ; |Q|ALU_unit3:inst|lpm_mux:Mux0|mux_aqc:auto_generated|_~1266          ; out0             ;
; |Q|ALU_unit3:inst|lpm_mux:Mux0|mux_aqc:auto_generated|_~1269          ; |Q|ALU_unit3:inst|lpm_mux:Mux0|mux_aqc:auto_generated|_~1269          ; out0             ;
; |Q|ALU_unit3:inst|lpm_mux:Mux0|mux_aqc:auto_generated|_~1270          ; |Q|ALU_unit3:inst|lpm_mux:Mux0|mux_aqc:auto_generated|_~1270          ; out0             ;
; |Q|ALU_unit3:inst|lpm_mux:Mux0|mux_aqc:auto_generated|_~1272          ; |Q|ALU_unit3:inst|lpm_mux:Mux0|mux_aqc:auto_generated|_~1272          ; out0             ;
; |Q|ALU_unit3:inst|lpm_mux:Mux0|mux_aqc:auto_generated|_~1275          ; |Q|ALU_unit3:inst|lpm_mux:Mux0|mux_aqc:auto_generated|_~1275          ; out0             ;
; |Q|ALU_unit3:inst|lpm_mux:Mux0|mux_aqc:auto_generated|_~1276          ; |Q|ALU_unit3:inst|lpm_mux:Mux0|mux_aqc:auto_generated|_~1276          ; out0             ;
; |Q|ALU_unit3:inst|lpm_mux:Mux0|mux_aqc:auto_generated|_~1282          ; |Q|ALU_unit3:inst|lpm_mux:Mux0|mux_aqc:auto_generated|_~1282          ; out0             ;
; |Q|ALU_unit3:inst|lpm_mux:Mux0|mux_aqc:auto_generated|_~1285          ; |Q|ALU_unit3:inst|lpm_mux:Mux0|mux_aqc:auto_generated|_~1285          ; out0             ;
; |Q|ALU_unit3:inst|lpm_mux:Mux0|mux_aqc:auto_generated|_~1291          ; |Q|ALU_unit3:inst|lpm_mux:Mux0|mux_aqc:auto_generated|_~1291          ; out0             ;
; |Q|ALU_unit3:inst|lpm_mux:Mux0|mux_aqc:auto_generated|_~1301          ; |Q|ALU_unit3:inst|lpm_mux:Mux0|mux_aqc:auto_generated|_~1301          ; out0             ;
; |Q|ALU_unit3:inst|lpm_mux:Mux0|mux_aqc:auto_generated|_~1303          ; |Q|ALU_unit3:inst|lpm_mux:Mux0|mux_aqc:auto_generated|_~1303          ; out0             ;
; |Q|ALU_unit3:inst|lpm_mux:Mux0|mux_aqc:auto_generated|_~1305          ; |Q|ALU_unit3:inst|lpm_mux:Mux0|mux_aqc:auto_generated|_~1305          ; out0             ;
; |Q|ALU_unit3:inst|lpm_mux:Mux0|mux_aqc:auto_generated|_~1307          ; |Q|ALU_unit3:inst|lpm_mux:Mux0|mux_aqc:auto_generated|_~1307          ; out0             ;
; |Q|ALU_unit3:inst|lpm_mux:Mux0|mux_aqc:auto_generated|_~1308          ; |Q|ALU_unit3:inst|lpm_mux:Mux0|mux_aqc:auto_generated|_~1308          ; out0             ;
; |Q|ALU_unit3:inst|lpm_mux:Mux0|mux_aqc:auto_generated|_~1309          ; |Q|ALU_unit3:inst|lpm_mux:Mux0|mux_aqc:auto_generated|_~1309          ; out0             ;
; |Q|ALU_unit3:inst|lpm_mux:Mux0|mux_aqc:auto_generated|_~1310          ; |Q|ALU_unit3:inst|lpm_mux:Mux0|mux_aqc:auto_generated|_~1310          ; out0             ;
; |Q|ALU_unit3:inst|lpm_mux:Mux0|mux_aqc:auto_generated|_~1312          ; |Q|ALU_unit3:inst|lpm_mux:Mux0|mux_aqc:auto_generated|_~1312          ; out0             ;
; |Q|ALU_unit3:inst|lpm_mux:Mux0|mux_aqc:auto_generated|_~1314          ; |Q|ALU_unit3:inst|lpm_mux:Mux0|mux_aqc:auto_generated|_~1314          ; out0             ;
; |Q|ALU_unit3:inst|lpm_mux:Mux0|mux_aqc:auto_generated|_~1316          ; |Q|ALU_unit3:inst|lpm_mux:Mux0|mux_aqc:auto_generated|_~1316          ; out0             ;
; |Q|ALU_unit3:inst|lpm_mux:Mux0|mux_aqc:auto_generated|_~1317          ; |Q|ALU_unit3:inst|lpm_mux:Mux0|mux_aqc:auto_generated|_~1317          ; out0             ;
; |Q|ALU_unit3:inst|lpm_mux:Mux0|mux_aqc:auto_generated|_~1320          ; |Q|ALU_unit3:inst|lpm_mux:Mux0|mux_aqc:auto_generated|_~1320          ; out0             ;
; |Q|ALU_unit3:inst|lpm_mux:Mux0|mux_aqc:auto_generated|_~1321          ; |Q|ALU_unit3:inst|lpm_mux:Mux0|mux_aqc:auto_generated|_~1321          ; out0             ;
; |Q|ALU_unit3:inst|lpm_mux:Mux0|mux_aqc:auto_generated|_~1323          ; |Q|ALU_unit3:inst|lpm_mux:Mux0|mux_aqc:auto_generated|_~1323          ; out0             ;
; |Q|ALU_unit3:inst|lpm_mux:Mux0|mux_aqc:auto_generated|_~1325          ; |Q|ALU_unit3:inst|lpm_mux:Mux0|mux_aqc:auto_generated|_~1325          ; out0             ;
; |Q|ALU_unit3:inst|lpm_mux:Mux0|mux_aqc:auto_generated|_~1327          ; |Q|ALU_unit3:inst|lpm_mux:Mux0|mux_aqc:auto_generated|_~1327          ; out0             ;
; |Q|ALU_unit3:inst|lpm_mux:Mux0|mux_aqc:auto_generated|_~1329          ; |Q|ALU_unit3:inst|lpm_mux:Mux0|mux_aqc:auto_generated|_~1329          ; out0             ;
; |Q|ALU_unit3:inst|lpm_mux:Mux0|mux_aqc:auto_generated|_~1331          ; |Q|ALU_unit3:inst|lpm_mux:Mux0|mux_aqc:auto_generated|_~1331          ; out0             ;
; |Q|ALU_unit3:inst|lpm_mux:Mux0|mux_aqc:auto_generated|_~1332          ; |Q|ALU_unit3:inst|lpm_mux:Mux0|mux_aqc:auto_generated|_~1332          ; out0             ;
; |Q|ALU_unit3:inst|lpm_mux:Mux0|mux_aqc:auto_generated|_~1333          ; |Q|ALU_unit3:inst|lpm_mux:Mux0|mux_aqc:auto_generated|_~1333          ; out0             ;
; |Q|ALU_unit3:inst|lpm_mux:Mux0|mux_aqc:auto_generated|_~1334          ; |Q|ALU_unit3:inst|lpm_mux:Mux0|mux_aqc:auto_generated|_~1334          ; out0             ;
; |Q|ALU_unit3:inst|lpm_mux:Mux0|mux_aqc:auto_generated|_~1336          ; |Q|ALU_unit3:inst|lpm_mux:Mux0|mux_aqc:auto_generated|_~1336          ; out0             ;
; |Q|ALU_unit3:inst|lpm_mux:Mux0|mux_aqc:auto_generated|_~1338          ; |Q|ALU_unit3:inst|lpm_mux:Mux0|mux_aqc:auto_generated|_~1338          ; out0             ;
; |Q|ALU_unit3:inst|lpm_mux:Mux0|mux_aqc:auto_generated|_~1340          ; |Q|ALU_unit3:inst|lpm_mux:Mux0|mux_aqc:auto_generated|_~1340          ; out0             ;
; |Q|ALU_unit3:inst|lpm_mux:Mux0|mux_aqc:auto_generated|_~1341          ; |Q|ALU_unit3:inst|lpm_mux:Mux0|mux_aqc:auto_generated|_~1341          ; out0             ;
; |Q|ALU_unit3:inst|lpm_mux:Mux0|mux_aqc:auto_generated|_~1344          ; |Q|ALU_unit3:inst|lpm_mux:Mux0|mux_aqc:auto_generated|_~1344          ; out0             ;
; |Q|ALU_unit3:inst|lpm_mux:Mux0|mux_aqc:auto_generated|_~1345          ; |Q|ALU_unit3:inst|lpm_mux:Mux0|mux_aqc:auto_generated|_~1345          ; out0             ;
; |Q|ALU_unit3:inst|lpm_mux:Mux0|mux_aqc:auto_generated|_~1355          ; |Q|ALU_unit3:inst|lpm_mux:Mux0|mux_aqc:auto_generated|_~1355          ; out0             ;
; |Q|ALU_unit3:inst|lpm_mux:Mux0|mux_aqc:auto_generated|_~1361          ; |Q|ALU_unit3:inst|lpm_mux:Mux0|mux_aqc:auto_generated|_~1361          ; out0             ;
; |Q|ALU_unit3:inst|lpm_mux:Mux0|mux_aqc:auto_generated|_~1364          ; |Q|ALU_unit3:inst|lpm_mux:Mux0|mux_aqc:auto_generated|_~1364          ; out0             ;
; |Q|ALU_unit3:inst|lpm_mux:Mux0|mux_aqc:auto_generated|_~1370          ; |Q|ALU_unit3:inst|lpm_mux:Mux0|mux_aqc:auto_generated|_~1370          ; out0             ;
; |Q|ALU_unit3:inst|lpm_mux:Mux0|mux_aqc:auto_generated|_~1402          ; |Q|ALU_unit3:inst|lpm_mux:Mux0|mux_aqc:auto_generated|_~1402          ; out0             ;
; |Q|ALU_unit3:inst|lpm_mux:Mux0|mux_aqc:auto_generated|_~1408          ; |Q|ALU_unit3:inst|lpm_mux:Mux0|mux_aqc:auto_generated|_~1408          ; out0             ;
; |Q|ALU_unit3:inst|lpm_mux:Mux0|mux_aqc:auto_generated|_~1411          ; |Q|ALU_unit3:inst|lpm_mux:Mux0|mux_aqc:auto_generated|_~1411          ; out0             ;
; |Q|ALU_unit3:inst|lpm_mux:Mux0|mux_aqc:auto_generated|_~1417          ; |Q|ALU_unit3:inst|lpm_mux:Mux0|mux_aqc:auto_generated|_~1417          ; out0             ;
; |Q|ALU_unit3:inst|lpm_mux:Mux0|mux_aqc:auto_generated|_~1453          ; |Q|ALU_unit3:inst|lpm_mux:Mux0|mux_aqc:auto_generated|_~1453          ; out0             ;
; |Q|ALU_unit3:inst|lpm_mux:Mux0|mux_aqc:auto_generated|_~1459          ; |Q|ALU_unit3:inst|lpm_mux:Mux0|mux_aqc:auto_generated|_~1459          ; out0             ;
; |Q|ALU_unit3:inst|lpm_mux:Mux0|mux_aqc:auto_generated|_~1462          ; |Q|ALU_unit3:inst|lpm_mux:Mux0|mux_aqc:auto_generated|_~1462          ; out0             ;
; |Q|ALU_unit3:inst|lpm_mux:Mux0|mux_aqc:auto_generated|_~1468          ; |Q|ALU_unit3:inst|lpm_mux:Mux0|mux_aqc:auto_generated|_~1468          ; out0             ;
; |Q|ALU_unit3:inst|lpm_mux:Mux0|mux_aqc:auto_generated|_~1477          ; |Q|ALU_unit3:inst|lpm_mux:Mux0|mux_aqc:auto_generated|_~1477          ; out0             ;
; |Q|ALU_unit3:inst|lpm_mux:Mux0|mux_aqc:auto_generated|_~1479          ; |Q|ALU_unit3:inst|lpm_mux:Mux0|mux_aqc:auto_generated|_~1479          ; out0             ;
; |Q|ALU_unit3:inst|lpm_mux:Mux0|mux_aqc:auto_generated|_~1481          ; |Q|ALU_unit3:inst|lpm_mux:Mux0|mux_aqc:auto_generated|_~1481          ; out0             ;
; |Q|ALU_unit3:inst|lpm_mux:Mux0|mux_aqc:auto_generated|_~1483          ; |Q|ALU_unit3:inst|lpm_mux:Mux0|mux_aqc:auto_generated|_~1483          ; out0             ;
; |Q|ALU_unit3:inst|lpm_mux:Mux0|mux_aqc:auto_generated|_~1484          ; |Q|ALU_unit3:inst|lpm_mux:Mux0|mux_aqc:auto_generated|_~1484          ; out0             ;
; |Q|ALU_unit3:inst|lpm_mux:Mux0|mux_aqc:auto_generated|_~1485          ; |Q|ALU_unit3:inst|lpm_mux:Mux0|mux_aqc:auto_generated|_~1485          ; out0             ;
; |Q|ALU_unit3:inst|lpm_mux:Mux0|mux_aqc:auto_generated|_~1486          ; |Q|ALU_unit3:inst|lpm_mux:Mux0|mux_aqc:auto_generated|_~1486          ; out0             ;
; |Q|ALU_unit3:inst|lpm_mux:Mux0|mux_aqc:auto_generated|_~1488          ; |Q|ALU_unit3:inst|lpm_mux:Mux0|mux_aqc:auto_generated|_~1488          ; out0             ;
; |Q|ALU_unit3:inst|lpm_mux:Mux0|mux_aqc:auto_generated|_~1490          ; |Q|ALU_unit3:inst|lpm_mux:Mux0|mux_aqc:auto_generated|_~1490          ; out0             ;
; |Q|ALU_unit3:inst|lpm_mux:Mux0|mux_aqc:auto_generated|_~1492          ; |Q|ALU_unit3:inst|lpm_mux:Mux0|mux_aqc:auto_generated|_~1492          ; out0             ;
; |Q|ALU_unit3:inst|lpm_mux:Mux0|mux_aqc:auto_generated|_~1493          ; |Q|ALU_unit3:inst|lpm_mux:Mux0|mux_aqc:auto_generated|_~1493          ; out0             ;
; |Q|ALU_unit3:inst|lpm_mux:Mux0|mux_aqc:auto_generated|_~1496          ; |Q|ALU_unit3:inst|lpm_mux:Mux0|mux_aqc:auto_generated|_~1496          ; out0             ;
; |Q|ALU_unit3:inst|lpm_mux:Mux0|mux_aqc:auto_generated|_~1497          ; |Q|ALU_unit3:inst|lpm_mux:Mux0|mux_aqc:auto_generated|_~1497          ; out0             ;
; |Q|ALU_unit3:inst|lpm_mux:Mux0|mux_aqc:auto_generated|_~1506          ; |Q|ALU_unit3:inst|lpm_mux:Mux0|mux_aqc:auto_generated|_~1506          ; out0             ;
; |Q|ALU_unit3:inst|lpm_mux:Mux0|mux_aqc:auto_generated|_~1508          ; |Q|ALU_unit3:inst|lpm_mux:Mux0|mux_aqc:auto_generated|_~1508          ; out0             ;
; |Q|ALU_unit3:inst|lpm_mux:Mux0|mux_aqc:auto_generated|_~1510          ; |Q|ALU_unit3:inst|lpm_mux:Mux0|mux_aqc:auto_generated|_~1510          ; out0             ;
; |Q|ALU_unit3:inst|lpm_mux:Mux0|mux_aqc:auto_generated|_~1512          ; |Q|ALU_unit3:inst|lpm_mux:Mux0|mux_aqc:auto_generated|_~1512          ; out0             ;
; |Q|ALU_unit3:inst|lpm_mux:Mux0|mux_aqc:auto_generated|_~1513          ; |Q|ALU_unit3:inst|lpm_mux:Mux0|mux_aqc:auto_generated|_~1513          ; out0             ;
; |Q|ALU_unit3:inst|lpm_mux:Mux0|mux_aqc:auto_generated|_~1514          ; |Q|ALU_unit3:inst|lpm_mux:Mux0|mux_aqc:auto_generated|_~1514          ; out0             ;
; |Q|ALU_unit3:inst|lpm_mux:Mux0|mux_aqc:auto_generated|_~1515          ; |Q|ALU_unit3:inst|lpm_mux:Mux0|mux_aqc:auto_generated|_~1515          ; out0             ;
; |Q|ALU_unit3:inst|lpm_mux:Mux0|mux_aqc:auto_generated|_~1517          ; |Q|ALU_unit3:inst|lpm_mux:Mux0|mux_aqc:auto_generated|_~1517          ; out0             ;
; |Q|ALU_unit3:inst|lpm_mux:Mux0|mux_aqc:auto_generated|_~1519          ; |Q|ALU_unit3:inst|lpm_mux:Mux0|mux_aqc:auto_generated|_~1519          ; out0             ;
; |Q|ALU_unit3:inst|lpm_mux:Mux0|mux_aqc:auto_generated|_~1521          ; |Q|ALU_unit3:inst|lpm_mux:Mux0|mux_aqc:auto_generated|_~1521          ; out0             ;
; |Q|ALU_unit3:inst|lpm_mux:Mux0|mux_aqc:auto_generated|_~1522          ; |Q|ALU_unit3:inst|lpm_mux:Mux0|mux_aqc:auto_generated|_~1522          ; out0             ;
; |Q|ALU_unit3:inst|lpm_mux:Mux0|mux_aqc:auto_generated|_~1525          ; |Q|ALU_unit3:inst|lpm_mux:Mux0|mux_aqc:auto_generated|_~1525          ; out0             ;
; |Q|ALU_unit3:inst|lpm_mux:Mux0|mux_aqc:auto_generated|_~1526          ; |Q|ALU_unit3:inst|lpm_mux:Mux0|mux_aqc:auto_generated|_~1526          ; out0             ;
; |Q|ALU_unit3:inst|lpm_mux:Mux0|mux_aqc:auto_generated|_~1527          ; |Q|ALU_unit3:inst|lpm_mux:Mux0|mux_aqc:auto_generated|_~1527          ; out0             ;
; |Q|ALU_unit3:inst|lpm_mux:Mux0|mux_aqc:auto_generated|_~1528          ; |Q|ALU_unit3:inst|lpm_mux:Mux0|mux_aqc:auto_generated|_~1528          ; out0             ;
; |Q|ALU_unit3:inst|lpm_mux:Mux0|mux_aqc:auto_generated|_~1534          ; |Q|ALU_unit3:inst|lpm_mux:Mux0|mux_aqc:auto_generated|_~1534          ; out0             ;
; |Q|ALU_unit3:inst|lpm_mux:Mux0|mux_aqc:auto_generated|_~1537          ; |Q|ALU_unit3:inst|lpm_mux:Mux0|mux_aqc:auto_generated|_~1537          ; out0             ;
; |Q|ALU_unit3:inst|lpm_mux:Mux0|mux_aqc:auto_generated|_~1543          ; |Q|ALU_unit3:inst|lpm_mux:Mux0|mux_aqc:auto_generated|_~1543          ; out0             ;
; |Q|ALU_unit3:inst|lpm_mux:Mux0|mux_aqc:auto_generated|_~1553          ; |Q|ALU_unit3:inst|lpm_mux:Mux0|mux_aqc:auto_generated|_~1553          ; out0             ;
; |Q|ALU_unit3:inst|lpm_mux:Mux0|mux_aqc:auto_generated|_~1555          ; |Q|ALU_unit3:inst|lpm_mux:Mux0|mux_aqc:auto_generated|_~1555          ; out0             ;
; |Q|ALU_unit3:inst|lpm_mux:Mux0|mux_aqc:auto_generated|_~1557          ; |Q|ALU_unit3:inst|lpm_mux:Mux0|mux_aqc:auto_generated|_~1557          ; out0             ;
; |Q|ALU_unit3:inst|lpm_mux:Mux0|mux_aqc:auto_generated|_~1559          ; |Q|ALU_unit3:inst|lpm_mux:Mux0|mux_aqc:auto_generated|_~1559          ; out0             ;
; |Q|ALU_unit3:inst|lpm_mux:Mux0|mux_aqc:auto_generated|_~1560          ; |Q|ALU_unit3:inst|lpm_mux:Mux0|mux_aqc:auto_generated|_~1560          ; out0             ;
; |Q|ALU_unit3:inst|lpm_mux:Mux0|mux_aqc:auto_generated|_~1561          ; |Q|ALU_unit3:inst|lpm_mux:Mux0|mux_aqc:auto_generated|_~1561          ; out0             ;
; |Q|ALU_unit3:inst|lpm_mux:Mux0|mux_aqc:auto_generated|_~1562          ; |Q|ALU_unit3:inst|lpm_mux:Mux0|mux_aqc:auto_generated|_~1562          ; out0             ;
; |Q|ALU_unit3:inst|lpm_mux:Mux0|mux_aqc:auto_generated|_~1564          ; |Q|ALU_unit3:inst|lpm_mux:Mux0|mux_aqc:auto_generated|_~1564          ; out0             ;
; |Q|ALU_unit3:inst|lpm_mux:Mux0|mux_aqc:auto_generated|_~1566          ; |Q|ALU_unit3:inst|lpm_mux:Mux0|mux_aqc:auto_generated|_~1566          ; out0             ;
; |Q|ALU_unit3:inst|lpm_mux:Mux0|mux_aqc:auto_generated|_~1568          ; |Q|ALU_unit3:inst|lpm_mux:Mux0|mux_aqc:auto_generated|_~1568          ; out0             ;
; |Q|ALU_unit3:inst|lpm_mux:Mux0|mux_aqc:auto_generated|_~1569          ; |Q|ALU_unit3:inst|lpm_mux:Mux0|mux_aqc:auto_generated|_~1569          ; out0             ;
; |Q|ALU_unit3:inst|lpm_mux:Mux0|mux_aqc:auto_generated|_~1572          ; |Q|ALU_unit3:inst|lpm_mux:Mux0|mux_aqc:auto_generated|_~1572          ; out0             ;
; |Q|ALU_unit3:inst|lpm_mux:Mux0|mux_aqc:auto_generated|_~1573          ; |Q|ALU_unit3:inst|lpm_mux:Mux0|mux_aqc:auto_generated|_~1573          ; out0             ;
; |Q|ALU_unit3:inst|lpm_mux:Mux0|mux_aqc:auto_generated|_~1575          ; |Q|ALU_unit3:inst|lpm_mux:Mux0|mux_aqc:auto_generated|_~1575          ; out0             ;
; |Q|ALU_unit3:inst|lpm_mux:Mux0|mux_aqc:auto_generated|_~1578          ; |Q|ALU_unit3:inst|lpm_mux:Mux0|mux_aqc:auto_generated|_~1578          ; out0             ;
; |Q|ALU_unit3:inst|lpm_mux:Mux0|mux_aqc:auto_generated|_~1579          ; |Q|ALU_unit3:inst|lpm_mux:Mux0|mux_aqc:auto_generated|_~1579          ; out0             ;
; |Q|ALU_unit3:inst|lpm_mux:Mux0|mux_aqc:auto_generated|_~1585          ; |Q|ALU_unit3:inst|lpm_mux:Mux0|mux_aqc:auto_generated|_~1585          ; out0             ;
; |Q|ALU_unit3:inst|lpm_mux:Mux0|mux_aqc:auto_generated|_~1588          ; |Q|ALU_unit3:inst|lpm_mux:Mux0|mux_aqc:auto_generated|_~1588          ; out0             ;
; |Q|ALU_unit3:inst|lpm_mux:Mux0|mux_aqc:auto_generated|_~1594          ; |Q|ALU_unit3:inst|lpm_mux:Mux0|mux_aqc:auto_generated|_~1594          ; out0             ;
; |Q|ALU_unit3:inst|lpm_mux:Mux0|mux_aqc:auto_generated|_~1604          ; |Q|ALU_unit3:inst|lpm_mux:Mux0|mux_aqc:auto_generated|_~1604          ; out0             ;
; |Q|ALU_unit3:inst|lpm_mux:Mux0|mux_aqc:auto_generated|_~1606          ; |Q|ALU_unit3:inst|lpm_mux:Mux0|mux_aqc:auto_generated|_~1606          ; out0             ;
; |Q|ALU_unit3:inst|lpm_mux:Mux0|mux_aqc:auto_generated|_~1608          ; |Q|ALU_unit3:inst|lpm_mux:Mux0|mux_aqc:auto_generated|_~1608          ; out0             ;
; |Q|ALU_unit3:inst|lpm_mux:Mux0|mux_aqc:auto_generated|_~1610          ; |Q|ALU_unit3:inst|lpm_mux:Mux0|mux_aqc:auto_generated|_~1610          ; out0             ;
; |Q|ALU_unit3:inst|lpm_mux:Mux0|mux_aqc:auto_generated|_~1611          ; |Q|ALU_unit3:inst|lpm_mux:Mux0|mux_aqc:auto_generated|_~1611          ; out0             ;
; |Q|ALU_unit3:inst|lpm_mux:Mux0|mux_aqc:auto_generated|_~1612          ; |Q|ALU_unit3:inst|lpm_mux:Mux0|mux_aqc:auto_generated|_~1612          ; out0             ;
; |Q|ALU_unit3:inst|lpm_mux:Mux0|mux_aqc:auto_generated|_~1613          ; |Q|ALU_unit3:inst|lpm_mux:Mux0|mux_aqc:auto_generated|_~1613          ; out0             ;
; |Q|ALU_unit3:inst|lpm_mux:Mux0|mux_aqc:auto_generated|_~1615          ; |Q|ALU_unit3:inst|lpm_mux:Mux0|mux_aqc:auto_generated|_~1615          ; out0             ;
; |Q|ALU_unit3:inst|lpm_mux:Mux0|mux_aqc:auto_generated|_~1617          ; |Q|ALU_unit3:inst|lpm_mux:Mux0|mux_aqc:auto_generated|_~1617          ; out0             ;
; |Q|ALU_unit3:inst|lpm_mux:Mux0|mux_aqc:auto_generated|_~1619          ; |Q|ALU_unit3:inst|lpm_mux:Mux0|mux_aqc:auto_generated|_~1619          ; out0             ;
; |Q|ALU_unit3:inst|lpm_mux:Mux0|mux_aqc:auto_generated|_~1620          ; |Q|ALU_unit3:inst|lpm_mux:Mux0|mux_aqc:auto_generated|_~1620          ; out0             ;
; |Q|ALU_unit3:inst|lpm_mux:Mux0|mux_aqc:auto_generated|_~1623          ; |Q|ALU_unit3:inst|lpm_mux:Mux0|mux_aqc:auto_generated|_~1623          ; out0             ;
; |Q|ALU_unit3:inst|lpm_mux:Mux0|mux_aqc:auto_generated|_~1624          ; |Q|ALU_unit3:inst|lpm_mux:Mux0|mux_aqc:auto_generated|_~1624          ; out0             ;
; |Q|ALU_unit3:inst|lpm_mux:Mux0|mux_aqc:auto_generated|_~1626          ; |Q|ALU_unit3:inst|lpm_mux:Mux0|mux_aqc:auto_generated|_~1626          ; out0             ;
; |Q|ALU_unit3:inst|lpm_mux:Mux0|mux_aqc:auto_generated|_~1628          ; |Q|ALU_unit3:inst|lpm_mux:Mux0|mux_aqc:auto_generated|_~1628          ; out0             ;
; |Q|ALU_unit3:inst|lpm_mux:Mux0|mux_aqc:auto_generated|_~1630          ; |Q|ALU_unit3:inst|lpm_mux:Mux0|mux_aqc:auto_generated|_~1630          ; out0             ;
; |Q|ALU_unit3:inst|lpm_mux:Mux0|mux_aqc:auto_generated|_~1632          ; |Q|ALU_unit3:inst|lpm_mux:Mux0|mux_aqc:auto_generated|_~1632          ; out0             ;
; |Q|ALU_unit3:inst|lpm_mux:Mux0|mux_aqc:auto_generated|_~1634          ; |Q|ALU_unit3:inst|lpm_mux:Mux0|mux_aqc:auto_generated|_~1634          ; out0             ;
; |Q|ALU_unit3:inst|lpm_mux:Mux0|mux_aqc:auto_generated|_~1635          ; |Q|ALU_unit3:inst|lpm_mux:Mux0|mux_aqc:auto_generated|_~1635          ; out0             ;
; |Q|ALU_unit3:inst|lpm_mux:Mux0|mux_aqc:auto_generated|_~1636          ; |Q|ALU_unit3:inst|lpm_mux:Mux0|mux_aqc:auto_generated|_~1636          ; out0             ;
; |Q|ALU_unit3:inst|lpm_mux:Mux0|mux_aqc:auto_generated|_~1637          ; |Q|ALU_unit3:inst|lpm_mux:Mux0|mux_aqc:auto_generated|_~1637          ; out0             ;
; |Q|ALU_unit3:inst|lpm_mux:Mux0|mux_aqc:auto_generated|_~1639          ; |Q|ALU_unit3:inst|lpm_mux:Mux0|mux_aqc:auto_generated|_~1639          ; out0             ;
; |Q|ALU_unit3:inst|lpm_mux:Mux0|mux_aqc:auto_generated|_~1641          ; |Q|ALU_unit3:inst|lpm_mux:Mux0|mux_aqc:auto_generated|_~1641          ; out0             ;
; |Q|ALU_unit3:inst|lpm_mux:Mux0|mux_aqc:auto_generated|_~1643          ; |Q|ALU_unit3:inst|lpm_mux:Mux0|mux_aqc:auto_generated|_~1643          ; out0             ;
; |Q|ALU_unit3:inst|lpm_mux:Mux0|mux_aqc:auto_generated|_~1644          ; |Q|ALU_unit3:inst|lpm_mux:Mux0|mux_aqc:auto_generated|_~1644          ; out0             ;
; |Q|ALU_unit3:inst|lpm_mux:Mux0|mux_aqc:auto_generated|_~1647          ; |Q|ALU_unit3:inst|lpm_mux:Mux0|mux_aqc:auto_generated|_~1647          ; out0             ;
; |Q|ALU_unit3:inst|lpm_mux:Mux0|mux_aqc:auto_generated|_~1648          ; |Q|ALU_unit3:inst|lpm_mux:Mux0|mux_aqc:auto_generated|_~1648          ; out0             ;
; |Q|ALU_unit3:inst|lpm_mux:Mux0|mux_aqc:auto_generated|_~1656          ; |Q|ALU_unit3:inst|lpm_mux:Mux0|mux_aqc:auto_generated|_~1656          ; out0             ;
; |Q|ALU_unit3:inst|lpm_mux:Mux0|mux_aqc:auto_generated|_~1658          ; |Q|ALU_unit3:inst|lpm_mux:Mux0|mux_aqc:auto_generated|_~1658          ; out0             ;
; |Q|ALU_unit3:inst|lpm_mux:Mux0|mux_aqc:auto_generated|_~1660          ; |Q|ALU_unit3:inst|lpm_mux:Mux0|mux_aqc:auto_generated|_~1660          ; out0             ;
; |Q|ALU_unit3:inst|lpm_mux:Mux0|mux_aqc:auto_generated|_~1662          ; |Q|ALU_unit3:inst|lpm_mux:Mux0|mux_aqc:auto_generated|_~1662          ; out0             ;
; |Q|ALU_unit3:inst|lpm_mux:Mux0|mux_aqc:auto_generated|_~1663          ; |Q|ALU_unit3:inst|lpm_mux:Mux0|mux_aqc:auto_generated|_~1663          ; out0             ;
; |Q|ALU_unit3:inst|lpm_mux:Mux0|mux_aqc:auto_generated|_~1664          ; |Q|ALU_unit3:inst|lpm_mux:Mux0|mux_aqc:auto_generated|_~1664          ; out0             ;
; |Q|ALU_unit3:inst|lpm_mux:Mux0|mux_aqc:auto_generated|_~1665          ; |Q|ALU_unit3:inst|lpm_mux:Mux0|mux_aqc:auto_generated|_~1665          ; out0             ;
; |Q|ALU_unit3:inst|lpm_mux:Mux0|mux_aqc:auto_generated|_~1667          ; |Q|ALU_unit3:inst|lpm_mux:Mux0|mux_aqc:auto_generated|_~1667          ; out0             ;
; |Q|ALU_unit3:inst|lpm_mux:Mux0|mux_aqc:auto_generated|_~1669          ; |Q|ALU_unit3:inst|lpm_mux:Mux0|mux_aqc:auto_generated|_~1669          ; out0             ;
; |Q|ALU_unit3:inst|lpm_mux:Mux0|mux_aqc:auto_generated|_~1671          ; |Q|ALU_unit3:inst|lpm_mux:Mux0|mux_aqc:auto_generated|_~1671          ; out0             ;
; |Q|ALU_unit3:inst|lpm_mux:Mux0|mux_aqc:auto_generated|_~1672          ; |Q|ALU_unit3:inst|lpm_mux:Mux0|mux_aqc:auto_generated|_~1672          ; out0             ;
; |Q|ALU_unit3:inst|lpm_mux:Mux0|mux_aqc:auto_generated|_~1675          ; |Q|ALU_unit3:inst|lpm_mux:Mux0|mux_aqc:auto_generated|_~1675          ; out0             ;
; |Q|ALU_unit3:inst|lpm_mux:Mux0|mux_aqc:auto_generated|_~1676          ; |Q|ALU_unit3:inst|lpm_mux:Mux0|mux_aqc:auto_generated|_~1676          ; out0             ;
; |Q|ALU_unit3:inst|lpm_mux:Mux0|mux_aqc:auto_generated|_~1677          ; |Q|ALU_unit3:inst|lpm_mux:Mux0|mux_aqc:auto_generated|_~1677          ; out0             ;
; |Q|ALU_unit3:inst|lpm_mux:Mux0|mux_aqc:auto_generated|_~1678          ; |Q|ALU_unit3:inst|lpm_mux:Mux0|mux_aqc:auto_generated|_~1678          ; out0             ;
; |Q|ALU_unit3:inst|lpm_mux:Mux0|mux_aqc:auto_generated|_~1680          ; |Q|ALU_unit3:inst|lpm_mux:Mux0|mux_aqc:auto_generated|_~1680          ; out0             ;
; |Q|ALU_unit3:inst|lpm_mux:Mux0|mux_aqc:auto_generated|_~1682          ; |Q|ALU_unit3:inst|lpm_mux:Mux0|mux_aqc:auto_generated|_~1682          ; out0             ;
; |Q|ALU_unit3:inst|lpm_mux:Mux0|mux_aqc:auto_generated|_~1684          ; |Q|ALU_unit3:inst|lpm_mux:Mux0|mux_aqc:auto_generated|_~1684          ; out0             ;
; |Q|ALU_unit3:inst|lpm_mux:Mux0|mux_aqc:auto_generated|_~1685          ; |Q|ALU_unit3:inst|lpm_mux:Mux0|mux_aqc:auto_generated|_~1685          ; out0             ;
; |Q|ALU_unit3:inst|lpm_mux:Mux0|mux_aqc:auto_generated|_~1686          ; |Q|ALU_unit3:inst|lpm_mux:Mux0|mux_aqc:auto_generated|_~1686          ; out0             ;
; |Q|ALU_unit3:inst|lpm_mux:Mux0|mux_aqc:auto_generated|_~1687          ; |Q|ALU_unit3:inst|lpm_mux:Mux0|mux_aqc:auto_generated|_~1687          ; out0             ;
; |Q|ALU_unit3:inst|lpm_mux:Mux0|mux_aqc:auto_generated|_~1689          ; |Q|ALU_unit3:inst|lpm_mux:Mux0|mux_aqc:auto_generated|_~1689          ; out0             ;
; |Q|ALU_unit3:inst|lpm_mux:Mux0|mux_aqc:auto_generated|_~1691          ; |Q|ALU_unit3:inst|lpm_mux:Mux0|mux_aqc:auto_generated|_~1691          ; out0             ;
; |Q|ALU_unit3:inst|lpm_mux:Mux0|mux_aqc:auto_generated|_~1693          ; |Q|ALU_unit3:inst|lpm_mux:Mux0|mux_aqc:auto_generated|_~1693          ; out0             ;
; |Q|ALU_unit3:inst|lpm_mux:Mux0|mux_aqc:auto_generated|_~1694          ; |Q|ALU_unit3:inst|lpm_mux:Mux0|mux_aqc:auto_generated|_~1694          ; out0             ;
; |Q|ALU_unit3:inst|lpm_mux:Mux0|mux_aqc:auto_generated|_~1697          ; |Q|ALU_unit3:inst|lpm_mux:Mux0|mux_aqc:auto_generated|_~1697          ; out0             ;
; |Q|ALU_unit3:inst|lpm_mux:Mux0|mux_aqc:auto_generated|_~1698          ; |Q|ALU_unit3:inst|lpm_mux:Mux0|mux_aqc:auto_generated|_~1698          ; out0             ;
; |Q|ALU_unit3:inst|lpm_mux:Mux0|mux_aqc:auto_generated|_~1700          ; |Q|ALU_unit3:inst|lpm_mux:Mux0|mux_aqc:auto_generated|_~1700          ; out0             ;
; |Q|ALU_unit3:inst|lpm_mux:Mux0|mux_aqc:auto_generated|_~1702          ; |Q|ALU_unit3:inst|lpm_mux:Mux0|mux_aqc:auto_generated|_~1702          ; out0             ;
; |Q|ALU_unit3:inst|lpm_mux:Mux0|mux_aqc:auto_generated|_~1703          ; |Q|ALU_unit3:inst|lpm_mux:Mux0|mux_aqc:auto_generated|_~1703          ; out0             ;
; |Q|ALU_unit3:inst|lpm_mux:Mux0|mux_aqc:auto_generated|_~1705          ; |Q|ALU_unit3:inst|lpm_mux:Mux0|mux_aqc:auto_generated|_~1705          ; out0             ;
; |Q|ALU_unit3:inst|lpm_mux:Mux0|mux_aqc:auto_generated|_~1707          ; |Q|ALU_unit3:inst|lpm_mux:Mux0|mux_aqc:auto_generated|_~1707          ; out0             ;
; |Q|ALU_unit3:inst|lpm_mux:Mux0|mux_aqc:auto_generated|_~1709          ; |Q|ALU_unit3:inst|lpm_mux:Mux0|mux_aqc:auto_generated|_~1709          ; out0             ;
; |Q|ALU_unit3:inst|lpm_mux:Mux0|mux_aqc:auto_generated|_~1710          ; |Q|ALU_unit3:inst|lpm_mux:Mux0|mux_aqc:auto_generated|_~1710          ; out0             ;
; |Q|ALU_unit3:inst|lpm_mux:Mux0|mux_aqc:auto_generated|_~1711          ; |Q|ALU_unit3:inst|lpm_mux:Mux0|mux_aqc:auto_generated|_~1711          ; out0             ;
; |Q|ALU_unit3:inst|lpm_mux:Mux0|mux_aqc:auto_generated|_~1712          ; |Q|ALU_unit3:inst|lpm_mux:Mux0|mux_aqc:auto_generated|_~1712          ; out0             ;
; |Q|ALU_unit3:inst|lpm_mux:Mux0|mux_aqc:auto_generated|_~1714          ; |Q|ALU_unit3:inst|lpm_mux:Mux0|mux_aqc:auto_generated|_~1714          ; out0             ;
; |Q|ALU_unit3:inst|lpm_mux:Mux0|mux_aqc:auto_generated|_~1716          ; |Q|ALU_unit3:inst|lpm_mux:Mux0|mux_aqc:auto_generated|_~1716          ; out0             ;
; |Q|ALU_unit3:inst|lpm_mux:Mux0|mux_aqc:auto_generated|_~1718          ; |Q|ALU_unit3:inst|lpm_mux:Mux0|mux_aqc:auto_generated|_~1718          ; out0             ;
; |Q|ALU_unit3:inst|lpm_mux:Mux0|mux_aqc:auto_generated|_~1719          ; |Q|ALU_unit3:inst|lpm_mux:Mux0|mux_aqc:auto_generated|_~1719          ; out0             ;
; |Q|ALU_unit3:inst|lpm_mux:Mux0|mux_aqc:auto_generated|_~1722          ; |Q|ALU_unit3:inst|lpm_mux:Mux0|mux_aqc:auto_generated|_~1722          ; out0             ;
; |Q|ALU_unit3:inst|lpm_mux:Mux0|mux_aqc:auto_generated|_~1723          ; |Q|ALU_unit3:inst|lpm_mux:Mux0|mux_aqc:auto_generated|_~1723          ; out0             ;
; |Q|ALU_unit3:inst|lpm_mux:Mux0|mux_aqc:auto_generated|_~1725          ; |Q|ALU_unit3:inst|lpm_mux:Mux0|mux_aqc:auto_generated|_~1725          ; out0             ;
; |Q|ALU_unit3:inst|lpm_mux:Mux0|mux_aqc:auto_generated|_~1726          ; |Q|ALU_unit3:inst|lpm_mux:Mux0|mux_aqc:auto_generated|_~1726          ; out0             ;
; |Q|ALU_unit3:inst|lpm_mux:Mux0|mux_aqc:auto_generated|_~1727          ; |Q|ALU_unit3:inst|lpm_mux:Mux0|mux_aqc:auto_generated|_~1727          ; out0             ;
; |Q|ALU_unit3:inst|lpm_mux:Mux0|mux_aqc:auto_generated|_~1728          ; |Q|ALU_unit3:inst|lpm_mux:Mux0|mux_aqc:auto_generated|_~1728          ; out0             ;
; |Q|ALU_unit3:inst|lpm_mux:Mux0|mux_aqc:auto_generated|_~1729          ; |Q|ALU_unit3:inst|lpm_mux:Mux0|mux_aqc:auto_generated|_~1729          ; out0             ;
; |Q|ALU_unit3:inst|lpm_mux:Mux0|mux_aqc:auto_generated|_~1731          ; |Q|ALU_unit3:inst|lpm_mux:Mux0|mux_aqc:auto_generated|_~1731          ; out0             ;
; |Q|ALU_unit3:inst|lpm_mux:Mux0|mux_aqc:auto_generated|_~1733          ; |Q|ALU_unit3:inst|lpm_mux:Mux0|mux_aqc:auto_generated|_~1733          ; out0             ;
; |Q|ALU_unit3:inst|lpm_mux:Mux0|mux_aqc:auto_generated|_~1735          ; |Q|ALU_unit3:inst|lpm_mux:Mux0|mux_aqc:auto_generated|_~1735          ; out0             ;
; |Q|ALU_unit3:inst|lpm_mux:Mux0|mux_aqc:auto_generated|_~1736          ; |Q|ALU_unit3:inst|lpm_mux:Mux0|mux_aqc:auto_generated|_~1736          ; out0             ;
; |Q|ALU_unit3:inst|lpm_mux:Mux0|mux_aqc:auto_generated|_~1737          ; |Q|ALU_unit3:inst|lpm_mux:Mux0|mux_aqc:auto_generated|_~1737          ; out0             ;
; |Q|ALU_unit3:inst|lpm_mux:Mux0|mux_aqc:auto_generated|_~1738          ; |Q|ALU_unit3:inst|lpm_mux:Mux0|mux_aqc:auto_generated|_~1738          ; out0             ;
; |Q|ALU_unit3:inst|lpm_mux:Mux0|mux_aqc:auto_generated|_~1740          ; |Q|ALU_unit3:inst|lpm_mux:Mux0|mux_aqc:auto_generated|_~1740          ; out0             ;
; |Q|ALU_unit3:inst|lpm_mux:Mux0|mux_aqc:auto_generated|_~1742          ; |Q|ALU_unit3:inst|lpm_mux:Mux0|mux_aqc:auto_generated|_~1742          ; out0             ;
; |Q|ALU_unit3:inst|lpm_mux:Mux0|mux_aqc:auto_generated|_~1744          ; |Q|ALU_unit3:inst|lpm_mux:Mux0|mux_aqc:auto_generated|_~1744          ; out0             ;
; |Q|ALU_unit3:inst|lpm_mux:Mux0|mux_aqc:auto_generated|_~1745          ; |Q|ALU_unit3:inst|lpm_mux:Mux0|mux_aqc:auto_generated|_~1745          ; out0             ;
; |Q|ALU_unit3:inst|lpm_mux:Mux0|mux_aqc:auto_generated|_~1748          ; |Q|ALU_unit3:inst|lpm_mux:Mux0|mux_aqc:auto_generated|_~1748          ; out0             ;
; |Q|ALU_unit3:inst|lpm_mux:Mux0|mux_aqc:auto_generated|_~1749          ; |Q|ALU_unit3:inst|lpm_mux:Mux0|mux_aqc:auto_generated|_~1749          ; out0             ;
; |Q|ALU_unit3:inst|lpm_mux:Mux0|mux_aqc:auto_generated|_~1751          ; |Q|ALU_unit3:inst|lpm_mux:Mux0|mux_aqc:auto_generated|_~1751          ; out0             ;
; |Q|ALU_unit3:inst|lpm_mux:Mux0|mux_aqc:auto_generated|_~1753          ; |Q|ALU_unit3:inst|lpm_mux:Mux0|mux_aqc:auto_generated|_~1753          ; out0             ;
; |Q|ALU_unit3:inst|lpm_mux:Mux0|mux_aqc:auto_generated|_~1754          ; |Q|ALU_unit3:inst|lpm_mux:Mux0|mux_aqc:auto_generated|_~1754          ; out0             ;
; |Q|ALU_unit3:inst|lpm_mux:Mux0|mux_aqc:auto_generated|_~1756          ; |Q|ALU_unit3:inst|lpm_mux:Mux0|mux_aqc:auto_generated|_~1756          ; out0             ;
; |Q|ALU_unit3:inst|lpm_mux:Mux0|mux_aqc:auto_generated|_~1758          ; |Q|ALU_unit3:inst|lpm_mux:Mux0|mux_aqc:auto_generated|_~1758          ; out0             ;
; |Q|ALU_unit3:inst|lpm_mux:Mux0|mux_aqc:auto_generated|_~1760          ; |Q|ALU_unit3:inst|lpm_mux:Mux0|mux_aqc:auto_generated|_~1760          ; out0             ;
; |Q|ALU_unit3:inst|lpm_mux:Mux0|mux_aqc:auto_generated|_~1761          ; |Q|ALU_unit3:inst|lpm_mux:Mux0|mux_aqc:auto_generated|_~1761          ; out0             ;
; |Q|ALU_unit3:inst|lpm_mux:Mux0|mux_aqc:auto_generated|_~1762          ; |Q|ALU_unit3:inst|lpm_mux:Mux0|mux_aqc:auto_generated|_~1762          ; out0             ;
; |Q|ALU_unit3:inst|lpm_mux:Mux0|mux_aqc:auto_generated|_~1763          ; |Q|ALU_unit3:inst|lpm_mux:Mux0|mux_aqc:auto_generated|_~1763          ; out0             ;
; |Q|ALU_unit3:inst|lpm_mux:Mux0|mux_aqc:auto_generated|_~1765          ; |Q|ALU_unit3:inst|lpm_mux:Mux0|mux_aqc:auto_generated|_~1765          ; out0             ;
; |Q|ALU_unit3:inst|lpm_mux:Mux0|mux_aqc:auto_generated|_~1767          ; |Q|ALU_unit3:inst|lpm_mux:Mux0|mux_aqc:auto_generated|_~1767          ; out0             ;
; |Q|ALU_unit3:inst|lpm_mux:Mux0|mux_aqc:auto_generated|_~1769          ; |Q|ALU_unit3:inst|lpm_mux:Mux0|mux_aqc:auto_generated|_~1769          ; out0             ;
; |Q|ALU_unit3:inst|lpm_mux:Mux0|mux_aqc:auto_generated|_~1770          ; |Q|ALU_unit3:inst|lpm_mux:Mux0|mux_aqc:auto_generated|_~1770          ; out0             ;
; |Q|ALU_unit3:inst|lpm_mux:Mux0|mux_aqc:auto_generated|_~1773          ; |Q|ALU_unit3:inst|lpm_mux:Mux0|mux_aqc:auto_generated|_~1773          ; out0             ;
; |Q|ALU_unit3:inst|lpm_mux:Mux0|mux_aqc:auto_generated|_~1774          ; |Q|ALU_unit3:inst|lpm_mux:Mux0|mux_aqc:auto_generated|_~1774          ; out0             ;
; |Q|ALU_unit3:inst|lpm_mux:Mux0|mux_aqc:auto_generated|_~1776          ; |Q|ALU_unit3:inst|lpm_mux:Mux0|mux_aqc:auto_generated|_~1776          ; out0             ;
; |Q|ALU_unit3:inst|lpm_mux:Mux0|mux_aqc:auto_generated|_~1777          ; |Q|ALU_unit3:inst|lpm_mux:Mux0|mux_aqc:auto_generated|_~1777          ; out0             ;
; |Q|ALU_unit3:inst|lpm_mux:Mux0|mux_aqc:auto_generated|_~1778          ; |Q|ALU_unit3:inst|lpm_mux:Mux0|mux_aqc:auto_generated|_~1778          ; out0             ;
; |Q|ALU_unit3:inst|lpm_mux:Mux0|mux_aqc:auto_generated|_~1780          ; |Q|ALU_unit3:inst|lpm_mux:Mux0|mux_aqc:auto_generated|_~1780          ; out0             ;
; |Q|ALU_unit3:inst|lpm_mux:Mux0|mux_aqc:auto_generated|_~1782          ; |Q|ALU_unit3:inst|lpm_mux:Mux0|mux_aqc:auto_generated|_~1782          ; out0             ;
; |Q|ALU_unit3:inst|lpm_mux:Mux0|mux_aqc:auto_generated|_~1784          ; |Q|ALU_unit3:inst|lpm_mux:Mux0|mux_aqc:auto_generated|_~1784          ; out0             ;
; |Q|ALU_unit3:inst|lpm_mux:Mux0|mux_aqc:auto_generated|_~1785          ; |Q|ALU_unit3:inst|lpm_mux:Mux0|mux_aqc:auto_generated|_~1785          ; out0             ;
; |Q|ALU_unit3:inst|lpm_mux:Mux0|mux_aqc:auto_generated|_~1786          ; |Q|ALU_unit3:inst|lpm_mux:Mux0|mux_aqc:auto_generated|_~1786          ; out0             ;
; |Q|ALU_unit3:inst|lpm_mux:Mux0|mux_aqc:auto_generated|_~1787          ; |Q|ALU_unit3:inst|lpm_mux:Mux0|mux_aqc:auto_generated|_~1787          ; out0             ;
; |Q|ALU_unit3:inst|lpm_mux:Mux0|mux_aqc:auto_generated|_~1789          ; |Q|ALU_unit3:inst|lpm_mux:Mux0|mux_aqc:auto_generated|_~1789          ; out0             ;
; |Q|ALU_unit3:inst|lpm_mux:Mux0|mux_aqc:auto_generated|_~1791          ; |Q|ALU_unit3:inst|lpm_mux:Mux0|mux_aqc:auto_generated|_~1791          ; out0             ;
; |Q|ALU_unit3:inst|lpm_mux:Mux0|mux_aqc:auto_generated|_~1793          ; |Q|ALU_unit3:inst|lpm_mux:Mux0|mux_aqc:auto_generated|_~1793          ; out0             ;
; |Q|ALU_unit3:inst|lpm_mux:Mux0|mux_aqc:auto_generated|_~1794          ; |Q|ALU_unit3:inst|lpm_mux:Mux0|mux_aqc:auto_generated|_~1794          ; out0             ;
; |Q|ALU_unit3:inst|lpm_mux:Mux0|mux_aqc:auto_generated|_~1797          ; |Q|ALU_unit3:inst|lpm_mux:Mux0|mux_aqc:auto_generated|_~1797          ; out0             ;
; |Q|ALU_unit3:inst|lpm_mux:Mux0|mux_aqc:auto_generated|_~1798          ; |Q|ALU_unit3:inst|lpm_mux:Mux0|mux_aqc:auto_generated|_~1798          ; out0             ;
; |Q|ALU_unit3:inst|lpm_mux:Mux0|mux_aqc:auto_generated|_~1801          ; |Q|ALU_unit3:inst|lpm_mux:Mux0|mux_aqc:auto_generated|_~1801          ; out0             ;
; |Q|ALU_unit3:inst|lpm_mux:Mux0|mux_aqc:auto_generated|_~1802          ; |Q|ALU_unit3:inst|lpm_mux:Mux0|mux_aqc:auto_generated|_~1802          ; out0             ;
; |Q|seg7:inst7|lpm_mux:Mux6|mux_joc:auto_generated|_~0                 ; |Q|seg7:inst7|lpm_mux:Mux6|mux_joc:auto_generated|_~0                 ; out0             ;
; |Q|seg7:inst7|lpm_mux:Mux6|mux_joc:auto_generated|_~2                 ; |Q|seg7:inst7|lpm_mux:Mux6|mux_joc:auto_generated|_~2                 ; out0             ;
; |Q|seg7:inst7|lpm_mux:Mux6|mux_joc:auto_generated|_~4                 ; |Q|seg7:inst7|lpm_mux:Mux6|mux_joc:auto_generated|_~4                 ; out0             ;
; |Q|seg7:inst7|lpm_mux:Mux6|mux_joc:auto_generated|_~9                 ; |Q|seg7:inst7|lpm_mux:Mux6|mux_joc:auto_generated|_~9                 ; out0             ;
; |Q|seg7:inst7|lpm_mux:Mux6|mux_joc:auto_generated|_~11                ; |Q|seg7:inst7|lpm_mux:Mux6|mux_joc:auto_generated|_~11                ; out0             ;
; |Q|seg7:inst7|lpm_mux:Mux6|mux_joc:auto_generated|_~13                ; |Q|seg7:inst7|lpm_mux:Mux6|mux_joc:auto_generated|_~13                ; out0             ;
; |Q|seg7:inst7|lpm_mux:Mux6|mux_joc:auto_generated|_~18                ; |Q|seg7:inst7|lpm_mux:Mux6|mux_joc:auto_generated|_~18                ; out0             ;
; |Q|seg7:inst7|lpm_mux:Mux6|mux_joc:auto_generated|_~21                ; |Q|seg7:inst7|lpm_mux:Mux6|mux_joc:auto_generated|_~21                ; out0             ;
; |Q|seg7:inst7|lpm_mux:Mux6|mux_joc:auto_generated|_~47                ; |Q|seg7:inst7|lpm_mux:Mux6|mux_joc:auto_generated|_~47                ; out0             ;
; |Q|seg7:inst7|lpm_mux:Mux6|mux_joc:auto_generated|_~49                ; |Q|seg7:inst7|lpm_mux:Mux6|mux_joc:auto_generated|_~49                ; out0             ;
; |Q|seg7:inst7|lpm_mux:Mux6|mux_joc:auto_generated|_~51                ; |Q|seg7:inst7|lpm_mux:Mux6|mux_joc:auto_generated|_~51                ; out0             ;
; |Q|seg7:inst7|lpm_mux:Mux6|mux_joc:auto_generated|_~56                ; |Q|seg7:inst7|lpm_mux:Mux6|mux_joc:auto_generated|_~56                ; out0             ;
; |Q|seg7:inst7|lpm_mux:Mux6|mux_joc:auto_generated|_~58                ; |Q|seg7:inst7|lpm_mux:Mux6|mux_joc:auto_generated|_~58                ; out0             ;
; |Q|seg7:inst7|lpm_mux:Mux6|mux_joc:auto_generated|_~60                ; |Q|seg7:inst7|lpm_mux:Mux6|mux_joc:auto_generated|_~60                ; out0             ;
; |Q|seg7:inst7|lpm_mux:Mux6|mux_joc:auto_generated|_~66                ; |Q|seg7:inst7|lpm_mux:Mux6|mux_joc:auto_generated|_~66                ; out0             ;
; |Q|seg7:inst7|lpm_mux:Mux6|mux_joc:auto_generated|_~67                ; |Q|seg7:inst7|lpm_mux:Mux6|mux_joc:auto_generated|_~67                ; out0             ;
; |Q|seg7:inst7|lpm_mux:Mux6|mux_joc:auto_generated|_~69                ; |Q|seg7:inst7|lpm_mux:Mux6|mux_joc:auto_generated|_~69                ; out0             ;
; |Q|seg7:inst7|lpm_mux:Mux6|mux_joc:auto_generated|result_node[0]~0    ; |Q|seg7:inst7|lpm_mux:Mux6|mux_joc:auto_generated|result_node[0]~0    ; out0             ;
; |Q|seg7:inst7|lpm_mux:Mux6|mux_joc:auto_generated|_~97                ; |Q|seg7:inst7|lpm_mux:Mux6|mux_joc:auto_generated|_~97                ; out0             ;
; |Q|seg7:inst7|lpm_mux:Mux6|mux_joc:auto_generated|_~99                ; |Q|seg7:inst7|lpm_mux:Mux6|mux_joc:auto_generated|_~99                ; out0             ;
; |Q|seg7:inst7|lpm_mux:Mux6|mux_joc:auto_generated|_~101               ; |Q|seg7:inst7|lpm_mux:Mux6|mux_joc:auto_generated|_~101               ; out0             ;
; |Q|seg7:inst7|lpm_mux:Mux6|mux_joc:auto_generated|_~106               ; |Q|seg7:inst7|lpm_mux:Mux6|mux_joc:auto_generated|_~106               ; out0             ;
; |Q|seg7:inst7|lpm_mux:Mux6|mux_joc:auto_generated|_~108               ; |Q|seg7:inst7|lpm_mux:Mux6|mux_joc:auto_generated|_~108               ; out0             ;
; |Q|seg7:inst7|lpm_mux:Mux6|mux_joc:auto_generated|_~110               ; |Q|seg7:inst7|lpm_mux:Mux6|mux_joc:auto_generated|_~110               ; out0             ;
; |Q|seg7:inst7|lpm_mux:Mux6|mux_joc:auto_generated|_~116               ; |Q|seg7:inst7|lpm_mux:Mux6|mux_joc:auto_generated|_~116               ; out0             ;
; |Q|seg7:inst7|lpm_mux:Mux6|mux_joc:auto_generated|_~117               ; |Q|seg7:inst7|lpm_mux:Mux6|mux_joc:auto_generated|_~117               ; out0             ;
; |Q|seg7:inst7|lpm_mux:Mux6|mux_joc:auto_generated|_~119               ; |Q|seg7:inst7|lpm_mux:Mux6|mux_joc:auto_generated|_~119               ; out0             ;
; |Q|seg7:inst7|lpm_mux:Mux6|mux_joc:auto_generated|_~121               ; |Q|seg7:inst7|lpm_mux:Mux6|mux_joc:auto_generated|_~121               ; out0             ;
; |Q|seg7:inst7|lpm_mux:Mux6|mux_joc:auto_generated|_~130               ; |Q|seg7:inst7|lpm_mux:Mux6|mux_joc:auto_generated|_~130               ; out0             ;
; |Q|seg7:inst7|lpm_mux:Mux5|mux_joc:auto_generated|_~0                 ; |Q|seg7:inst7|lpm_mux:Mux5|mux_joc:auto_generated|_~0                 ; out0             ;
; |Q|seg7:inst7|lpm_mux:Mux5|mux_joc:auto_generated|_~2                 ; |Q|seg7:inst7|lpm_mux:Mux5|mux_joc:auto_generated|_~2                 ; out0             ;
; |Q|seg7:inst7|lpm_mux:Mux5|mux_joc:auto_generated|_~4                 ; |Q|seg7:inst7|lpm_mux:Mux5|mux_joc:auto_generated|_~4                 ; out0             ;
; |Q|seg7:inst7|lpm_mux:Mux5|mux_joc:auto_generated|_~9                 ; |Q|seg7:inst7|lpm_mux:Mux5|mux_joc:auto_generated|_~9                 ; out0             ;
; |Q|seg7:inst7|lpm_mux:Mux5|mux_joc:auto_generated|_~11                ; |Q|seg7:inst7|lpm_mux:Mux5|mux_joc:auto_generated|_~11                ; out0             ;
; |Q|seg7:inst7|lpm_mux:Mux5|mux_joc:auto_generated|_~13                ; |Q|seg7:inst7|lpm_mux:Mux5|mux_joc:auto_generated|_~13                ; out0             ;
; |Q|seg7:inst7|lpm_mux:Mux5|mux_joc:auto_generated|_~18                ; |Q|seg7:inst7|lpm_mux:Mux5|mux_joc:auto_generated|_~18                ; out0             ;
; |Q|seg7:inst7|lpm_mux:Mux5|mux_joc:auto_generated|_~21                ; |Q|seg7:inst7|lpm_mux:Mux5|mux_joc:auto_generated|_~21                ; out0             ;
; |Q|seg7:inst7|lpm_mux:Mux5|mux_joc:auto_generated|_~24                ; |Q|seg7:inst7|lpm_mux:Mux5|mux_joc:auto_generated|_~24                ; out0             ;
; |Q|seg7:inst7|lpm_mux:Mux5|mux_joc:auto_generated|_~26                ; |Q|seg7:inst7|lpm_mux:Mux5|mux_joc:auto_generated|_~26                ; out0             ;
; |Q|seg7:inst7|lpm_mux:Mux5|mux_joc:auto_generated|_~27                ; |Q|seg7:inst7|lpm_mux:Mux5|mux_joc:auto_generated|_~27                ; out0             ;
; |Q|seg7:inst7|lpm_mux:Mux5|mux_joc:auto_generated|_~33                ; |Q|seg7:inst7|lpm_mux:Mux5|mux_joc:auto_generated|_~33                ; out0             ;
; |Q|seg7:inst7|lpm_mux:Mux5|mux_joc:auto_generated|_~35                ; |Q|seg7:inst7|lpm_mux:Mux5|mux_joc:auto_generated|_~35                ; out0             ;
; |Q|seg7:inst7|lpm_mux:Mux5|mux_joc:auto_generated|_~36                ; |Q|seg7:inst7|lpm_mux:Mux5|mux_joc:auto_generated|_~36                ; out0             ;
; |Q|seg7:inst7|lpm_mux:Mux5|mux_joc:auto_generated|_~40                ; |Q|seg7:inst7|lpm_mux:Mux5|mux_joc:auto_generated|_~40                ; out0             ;
; |Q|seg7:inst7|lpm_mux:Mux5|mux_joc:auto_generated|_~47                ; |Q|seg7:inst7|lpm_mux:Mux5|mux_joc:auto_generated|_~47                ; out0             ;
; |Q|seg7:inst7|lpm_mux:Mux5|mux_joc:auto_generated|_~49                ; |Q|seg7:inst7|lpm_mux:Mux5|mux_joc:auto_generated|_~49                ; out0             ;
; |Q|seg7:inst7|lpm_mux:Mux5|mux_joc:auto_generated|_~51                ; |Q|seg7:inst7|lpm_mux:Mux5|mux_joc:auto_generated|_~51                ; out0             ;
; |Q|seg7:inst7|lpm_mux:Mux5|mux_joc:auto_generated|_~56                ; |Q|seg7:inst7|lpm_mux:Mux5|mux_joc:auto_generated|_~56                ; out0             ;
; |Q|seg7:inst7|lpm_mux:Mux5|mux_joc:auto_generated|_~58                ; |Q|seg7:inst7|lpm_mux:Mux5|mux_joc:auto_generated|_~58                ; out0             ;
; |Q|seg7:inst7|lpm_mux:Mux5|mux_joc:auto_generated|_~60                ; |Q|seg7:inst7|lpm_mux:Mux5|mux_joc:auto_generated|_~60                ; out0             ;
; |Q|seg7:inst7|lpm_mux:Mux5|mux_joc:auto_generated|_~66                ; |Q|seg7:inst7|lpm_mux:Mux5|mux_joc:auto_generated|_~66                ; out0             ;
; |Q|seg7:inst7|lpm_mux:Mux5|mux_joc:auto_generated|_~67                ; |Q|seg7:inst7|lpm_mux:Mux5|mux_joc:auto_generated|_~67                ; out0             ;
; |Q|seg7:inst7|lpm_mux:Mux5|mux_joc:auto_generated|_~69                ; |Q|seg7:inst7|lpm_mux:Mux5|mux_joc:auto_generated|_~69                ; out0             ;
; |Q|seg7:inst7|lpm_mux:Mux5|mux_joc:auto_generated|result_node[0]~0    ; |Q|seg7:inst7|lpm_mux:Mux5|mux_joc:auto_generated|result_node[0]~0    ; out0             ;
; |Q|seg7:inst7|lpm_mux:Mux5|mux_joc:auto_generated|_~74                ; |Q|seg7:inst7|lpm_mux:Mux5|mux_joc:auto_generated|_~74                ; out0             ;
; |Q|seg7:inst7|lpm_mux:Mux5|mux_joc:auto_generated|_~76                ; |Q|seg7:inst7|lpm_mux:Mux5|mux_joc:auto_generated|_~76                ; out0             ;
; |Q|seg7:inst7|lpm_mux:Mux5|mux_joc:auto_generated|_~77                ; |Q|seg7:inst7|lpm_mux:Mux5|mux_joc:auto_generated|_~77                ; out0             ;
; |Q|seg7:inst7|lpm_mux:Mux5|mux_joc:auto_generated|_~83                ; |Q|seg7:inst7|lpm_mux:Mux5|mux_joc:auto_generated|_~83                ; out0             ;
; |Q|seg7:inst7|lpm_mux:Mux5|mux_joc:auto_generated|_~85                ; |Q|seg7:inst7|lpm_mux:Mux5|mux_joc:auto_generated|_~85                ; out0             ;
; |Q|seg7:inst7|lpm_mux:Mux5|mux_joc:auto_generated|_~86                ; |Q|seg7:inst7|lpm_mux:Mux5|mux_joc:auto_generated|_~86                ; out0             ;
; |Q|seg7:inst7|lpm_mux:Mux5|mux_joc:auto_generated|_~90                ; |Q|seg7:inst7|lpm_mux:Mux5|mux_joc:auto_generated|_~90                ; out0             ;
; |Q|seg7:inst7|lpm_mux:Mux5|mux_joc:auto_generated|_~97                ; |Q|seg7:inst7|lpm_mux:Mux5|mux_joc:auto_generated|_~97                ; out0             ;
; |Q|seg7:inst7|lpm_mux:Mux5|mux_joc:auto_generated|_~99                ; |Q|seg7:inst7|lpm_mux:Mux5|mux_joc:auto_generated|_~99                ; out0             ;
; |Q|seg7:inst7|lpm_mux:Mux5|mux_joc:auto_generated|_~101               ; |Q|seg7:inst7|lpm_mux:Mux5|mux_joc:auto_generated|_~101               ; out0             ;
; |Q|seg7:inst7|lpm_mux:Mux5|mux_joc:auto_generated|_~106               ; |Q|seg7:inst7|lpm_mux:Mux5|mux_joc:auto_generated|_~106               ; out0             ;
; |Q|seg7:inst7|lpm_mux:Mux5|mux_joc:auto_generated|_~108               ; |Q|seg7:inst7|lpm_mux:Mux5|mux_joc:auto_generated|_~108               ; out0             ;
; |Q|seg7:inst7|lpm_mux:Mux5|mux_joc:auto_generated|_~110               ; |Q|seg7:inst7|lpm_mux:Mux5|mux_joc:auto_generated|_~110               ; out0             ;
; |Q|seg7:inst7|lpm_mux:Mux5|mux_joc:auto_generated|_~116               ; |Q|seg7:inst7|lpm_mux:Mux5|mux_joc:auto_generated|_~116               ; out0             ;
; |Q|seg7:inst7|lpm_mux:Mux5|mux_joc:auto_generated|_~117               ; |Q|seg7:inst7|lpm_mux:Mux5|mux_joc:auto_generated|_~117               ; out0             ;
; |Q|seg7:inst7|lpm_mux:Mux5|mux_joc:auto_generated|_~119               ; |Q|seg7:inst7|lpm_mux:Mux5|mux_joc:auto_generated|_~119               ; out0             ;
; |Q|seg7:inst7|lpm_mux:Mux5|mux_joc:auto_generated|_~123               ; |Q|seg7:inst7|lpm_mux:Mux5|mux_joc:auto_generated|_~123               ; out0             ;
; |Q|seg7:inst7|lpm_mux:Mux5|mux_joc:auto_generated|_~125               ; |Q|seg7:inst7|lpm_mux:Mux5|mux_joc:auto_generated|_~125               ; out0             ;
; |Q|seg7:inst7|lpm_mux:Mux5|mux_joc:auto_generated|_~132               ; |Q|seg7:inst7|lpm_mux:Mux5|mux_joc:auto_generated|_~132               ; out0             ;
; |Q|seg7:inst7|lpm_mux:Mux5|mux_joc:auto_generated|_~134               ; |Q|seg7:inst7|lpm_mux:Mux5|mux_joc:auto_generated|_~134               ; out0             ;
; |Q|seg7:inst7|lpm_mux:Mux5|mux_joc:auto_generated|_~140               ; |Q|seg7:inst7|lpm_mux:Mux5|mux_joc:auto_generated|_~140               ; out0             ;
; |Q|seg7:inst7|lpm_mux:Mux4|mux_joc:auto_generated|_~18                ; |Q|seg7:inst7|lpm_mux:Mux4|mux_joc:auto_generated|_~18                ; out0             ;
; |Q|seg7:inst7|lpm_mux:Mux4|mux_joc:auto_generated|_~24                ; |Q|seg7:inst7|lpm_mux:Mux4|mux_joc:auto_generated|_~24                ; out0             ;
; |Q|seg7:inst7|lpm_mux:Mux4|mux_joc:auto_generated|_~26                ; |Q|seg7:inst7|lpm_mux:Mux4|mux_joc:auto_generated|_~26                ; out0             ;
; |Q|seg7:inst7|lpm_mux:Mux4|mux_joc:auto_generated|_~33                ; |Q|seg7:inst7|lpm_mux:Mux4|mux_joc:auto_generated|_~33                ; out0             ;
; |Q|seg7:inst7|lpm_mux:Mux4|mux_joc:auto_generated|_~35                ; |Q|seg7:inst7|lpm_mux:Mux4|mux_joc:auto_generated|_~35                ; out0             ;
; |Q|seg7:inst7|lpm_mux:Mux4|mux_joc:auto_generated|_~40                ; |Q|seg7:inst7|lpm_mux:Mux4|mux_joc:auto_generated|_~40                ; out0             ;
; |Q|seg7:inst7|lpm_mux:Mux4|mux_joc:auto_generated|_~49                ; |Q|seg7:inst7|lpm_mux:Mux4|mux_joc:auto_generated|_~49                ; out0             ;
; |Q|seg7:inst7|lpm_mux:Mux4|mux_joc:auto_generated|_~51                ; |Q|seg7:inst7|lpm_mux:Mux4|mux_joc:auto_generated|_~51                ; out0             ;
; |Q|seg7:inst7|lpm_mux:Mux4|mux_joc:auto_generated|_~58                ; |Q|seg7:inst7|lpm_mux:Mux4|mux_joc:auto_generated|_~58                ; out0             ;
; |Q|seg7:inst7|lpm_mux:Mux4|mux_joc:auto_generated|_~60                ; |Q|seg7:inst7|lpm_mux:Mux4|mux_joc:auto_generated|_~60                ; out0             ;
; |Q|seg7:inst7|lpm_mux:Mux4|mux_joc:auto_generated|_~66                ; |Q|seg7:inst7|lpm_mux:Mux4|mux_joc:auto_generated|_~66                ; out0             ;
; |Q|seg7:inst7|lpm_mux:Mux4|mux_joc:auto_generated|_~74                ; |Q|seg7:inst7|lpm_mux:Mux4|mux_joc:auto_generated|_~74                ; out0             ;
; |Q|seg7:inst7|lpm_mux:Mux4|mux_joc:auto_generated|_~76                ; |Q|seg7:inst7|lpm_mux:Mux4|mux_joc:auto_generated|_~76                ; out0             ;
; |Q|seg7:inst7|lpm_mux:Mux4|mux_joc:auto_generated|_~83                ; |Q|seg7:inst7|lpm_mux:Mux4|mux_joc:auto_generated|_~83                ; out0             ;
; |Q|seg7:inst7|lpm_mux:Mux4|mux_joc:auto_generated|_~85                ; |Q|seg7:inst7|lpm_mux:Mux4|mux_joc:auto_generated|_~85                ; out0             ;
; |Q|seg7:inst7|lpm_mux:Mux4|mux_joc:auto_generated|_~90                ; |Q|seg7:inst7|lpm_mux:Mux4|mux_joc:auto_generated|_~90                ; out0             ;
; |Q|seg7:inst7|lpm_mux:Mux4|mux_joc:auto_generated|_~99                ; |Q|seg7:inst7|lpm_mux:Mux4|mux_joc:auto_generated|_~99                ; out0             ;
; |Q|seg7:inst7|lpm_mux:Mux4|mux_joc:auto_generated|_~101               ; |Q|seg7:inst7|lpm_mux:Mux4|mux_joc:auto_generated|_~101               ; out0             ;
; |Q|seg7:inst7|lpm_mux:Mux4|mux_joc:auto_generated|_~108               ; |Q|seg7:inst7|lpm_mux:Mux4|mux_joc:auto_generated|_~108               ; out0             ;
; |Q|seg7:inst7|lpm_mux:Mux4|mux_joc:auto_generated|_~110               ; |Q|seg7:inst7|lpm_mux:Mux4|mux_joc:auto_generated|_~110               ; out0             ;
; |Q|seg7:inst7|lpm_mux:Mux4|mux_joc:auto_generated|_~116               ; |Q|seg7:inst7|lpm_mux:Mux4|mux_joc:auto_generated|_~116               ; out0             ;
; |Q|seg7:inst7|lpm_mux:Mux4|mux_joc:auto_generated|_~121               ; |Q|seg7:inst7|lpm_mux:Mux4|mux_joc:auto_generated|_~121               ; out0             ;
; |Q|seg7:inst7|lpm_mux:Mux4|mux_joc:auto_generated|_~123               ; |Q|seg7:inst7|lpm_mux:Mux4|mux_joc:auto_generated|_~123               ; out0             ;
; |Q|seg7:inst7|lpm_mux:Mux4|mux_joc:auto_generated|_~125               ; |Q|seg7:inst7|lpm_mux:Mux4|mux_joc:auto_generated|_~125               ; out0             ;
; |Q|seg7:inst7|lpm_mux:Mux4|mux_joc:auto_generated|_~130               ; |Q|seg7:inst7|lpm_mux:Mux4|mux_joc:auto_generated|_~130               ; out0             ;
; |Q|seg7:inst7|lpm_mux:Mux4|mux_joc:auto_generated|_~132               ; |Q|seg7:inst7|lpm_mux:Mux4|mux_joc:auto_generated|_~132               ; out0             ;
; |Q|seg7:inst7|lpm_mux:Mux4|mux_joc:auto_generated|_~134               ; |Q|seg7:inst7|lpm_mux:Mux4|mux_joc:auto_generated|_~134               ; out0             ;
; |Q|seg7:inst7|lpm_mux:Mux4|mux_joc:auto_generated|_~140               ; |Q|seg7:inst7|lpm_mux:Mux4|mux_joc:auto_generated|_~140               ; out0             ;
; |Q|seg7:inst7|lpm_mux:Mux4|mux_joc:auto_generated|_~141               ; |Q|seg7:inst7|lpm_mux:Mux4|mux_joc:auto_generated|_~141               ; out0             ;
; |Q|seg7:inst7|lpm_mux:Mux3|mux_joc:auto_generated|_~0                 ; |Q|seg7:inst7|lpm_mux:Mux3|mux_joc:auto_generated|_~0                 ; out0             ;
; |Q|seg7:inst7|lpm_mux:Mux3|mux_joc:auto_generated|_~9                 ; |Q|seg7:inst7|lpm_mux:Mux3|mux_joc:auto_generated|_~9                 ; out0             ;
; |Q|seg7:inst7|lpm_mux:Mux3|mux_joc:auto_generated|_~18                ; |Q|seg7:inst7|lpm_mux:Mux3|mux_joc:auto_generated|_~18                ; out0             ;
; |Q|seg7:inst7|lpm_mux:Mux3|mux_joc:auto_generated|_~24                ; |Q|seg7:inst7|lpm_mux:Mux3|mux_joc:auto_generated|_~24                ; out0             ;
; |Q|seg7:inst7|lpm_mux:Mux3|mux_joc:auto_generated|_~26                ; |Q|seg7:inst7|lpm_mux:Mux3|mux_joc:auto_generated|_~26                ; out0             ;
; |Q|seg7:inst7|lpm_mux:Mux3|mux_joc:auto_generated|_~33                ; |Q|seg7:inst7|lpm_mux:Mux3|mux_joc:auto_generated|_~33                ; out0             ;
; |Q|seg7:inst7|lpm_mux:Mux3|mux_joc:auto_generated|_~35                ; |Q|seg7:inst7|lpm_mux:Mux3|mux_joc:auto_generated|_~35                ; out0             ;
; |Q|seg7:inst7|lpm_mux:Mux3|mux_joc:auto_generated|_~41                ; |Q|seg7:inst7|lpm_mux:Mux3|mux_joc:auto_generated|_~41                ; out0             ;
; |Q|seg7:inst7|lpm_mux:Mux3|mux_joc:auto_generated|_~49                ; |Q|seg7:inst7|lpm_mux:Mux3|mux_joc:auto_generated|_~49                ; out0             ;
; |Q|seg7:inst7|lpm_mux:Mux3|mux_joc:auto_generated|_~51                ; |Q|seg7:inst7|lpm_mux:Mux3|mux_joc:auto_generated|_~51                ; out0             ;
; |Q|seg7:inst7|lpm_mux:Mux3|mux_joc:auto_generated|_~52                ; |Q|seg7:inst7|lpm_mux:Mux3|mux_joc:auto_generated|_~52                ; out0             ;
; |Q|seg7:inst7|lpm_mux:Mux3|mux_joc:auto_generated|_~58                ; |Q|seg7:inst7|lpm_mux:Mux3|mux_joc:auto_generated|_~58                ; out0             ;
; |Q|seg7:inst7|lpm_mux:Mux3|mux_joc:auto_generated|_~60                ; |Q|seg7:inst7|lpm_mux:Mux3|mux_joc:auto_generated|_~60                ; out0             ;
; |Q|seg7:inst7|lpm_mux:Mux3|mux_joc:auto_generated|_~61                ; |Q|seg7:inst7|lpm_mux:Mux3|mux_joc:auto_generated|_~61                ; out0             ;
; |Q|seg7:inst7|lpm_mux:Mux3|mux_joc:auto_generated|_~74                ; |Q|seg7:inst7|lpm_mux:Mux3|mux_joc:auto_generated|_~74                ; out0             ;
; |Q|seg7:inst7|lpm_mux:Mux3|mux_joc:auto_generated|_~76                ; |Q|seg7:inst7|lpm_mux:Mux3|mux_joc:auto_generated|_~76                ; out0             ;
; |Q|seg7:inst7|lpm_mux:Mux3|mux_joc:auto_generated|_~83                ; |Q|seg7:inst7|lpm_mux:Mux3|mux_joc:auto_generated|_~83                ; out0             ;
; |Q|seg7:inst7|lpm_mux:Mux3|mux_joc:auto_generated|_~85                ; |Q|seg7:inst7|lpm_mux:Mux3|mux_joc:auto_generated|_~85                ; out0             ;
; |Q|seg7:inst7|lpm_mux:Mux3|mux_joc:auto_generated|_~91                ; |Q|seg7:inst7|lpm_mux:Mux3|mux_joc:auto_generated|_~91                ; out0             ;
; |Q|seg7:inst7|lpm_mux:Mux3|mux_joc:auto_generated|_~99                ; |Q|seg7:inst7|lpm_mux:Mux3|mux_joc:auto_generated|_~99                ; out0             ;
; |Q|seg7:inst7|lpm_mux:Mux3|mux_joc:auto_generated|_~101               ; |Q|seg7:inst7|lpm_mux:Mux3|mux_joc:auto_generated|_~101               ; out0             ;
; |Q|seg7:inst7|lpm_mux:Mux3|mux_joc:auto_generated|_~102               ; |Q|seg7:inst7|lpm_mux:Mux3|mux_joc:auto_generated|_~102               ; out0             ;
; |Q|seg7:inst7|lpm_mux:Mux3|mux_joc:auto_generated|_~108               ; |Q|seg7:inst7|lpm_mux:Mux3|mux_joc:auto_generated|_~108               ; out0             ;
; |Q|seg7:inst7|lpm_mux:Mux3|mux_joc:auto_generated|_~110               ; |Q|seg7:inst7|lpm_mux:Mux3|mux_joc:auto_generated|_~110               ; out0             ;
; |Q|seg7:inst7|lpm_mux:Mux3|mux_joc:auto_generated|_~111               ; |Q|seg7:inst7|lpm_mux:Mux3|mux_joc:auto_generated|_~111               ; out0             ;
; |Q|seg7:inst7|lpm_mux:Mux3|mux_joc:auto_generated|_~121               ; |Q|seg7:inst7|lpm_mux:Mux3|mux_joc:auto_generated|_~121               ; out0             ;
; |Q|seg7:inst7|lpm_mux:Mux3|mux_joc:auto_generated|_~123               ; |Q|seg7:inst7|lpm_mux:Mux3|mux_joc:auto_generated|_~123               ; out0             ;
; |Q|seg7:inst7|lpm_mux:Mux3|mux_joc:auto_generated|_~125               ; |Q|seg7:inst7|lpm_mux:Mux3|mux_joc:auto_generated|_~125               ; out0             ;
; |Q|seg7:inst7|lpm_mux:Mux3|mux_joc:auto_generated|_~130               ; |Q|seg7:inst7|lpm_mux:Mux3|mux_joc:auto_generated|_~130               ; out0             ;
; |Q|seg7:inst7|lpm_mux:Mux3|mux_joc:auto_generated|_~132               ; |Q|seg7:inst7|lpm_mux:Mux3|mux_joc:auto_generated|_~132               ; out0             ;
; |Q|seg7:inst7|lpm_mux:Mux3|mux_joc:auto_generated|_~134               ; |Q|seg7:inst7|lpm_mux:Mux3|mux_joc:auto_generated|_~134               ; out0             ;
; |Q|seg7:inst7|lpm_mux:Mux3|mux_joc:auto_generated|_~139               ; |Q|seg7:inst7|lpm_mux:Mux3|mux_joc:auto_generated|_~139               ; out0             ;
; |Q|seg7:inst7|lpm_mux:Mux2|mux_joc:auto_generated|_~0                 ; |Q|seg7:inst7|lpm_mux:Mux2|mux_joc:auto_generated|_~0                 ; out0             ;
; |Q|seg7:inst7|lpm_mux:Mux2|mux_joc:auto_generated|_~2                 ; |Q|seg7:inst7|lpm_mux:Mux2|mux_joc:auto_generated|_~2                 ; out0             ;
; |Q|seg7:inst7|lpm_mux:Mux2|mux_joc:auto_generated|_~4                 ; |Q|seg7:inst7|lpm_mux:Mux2|mux_joc:auto_generated|_~4                 ; out0             ;
; |Q|seg7:inst7|lpm_mux:Mux2|mux_joc:auto_generated|_~9                 ; |Q|seg7:inst7|lpm_mux:Mux2|mux_joc:auto_generated|_~9                 ; out0             ;
; |Q|seg7:inst7|lpm_mux:Mux2|mux_joc:auto_generated|_~11                ; |Q|seg7:inst7|lpm_mux:Mux2|mux_joc:auto_generated|_~11                ; out0             ;
; |Q|seg7:inst7|lpm_mux:Mux2|mux_joc:auto_generated|_~13                ; |Q|seg7:inst7|lpm_mux:Mux2|mux_joc:auto_generated|_~13                ; out0             ;
; |Q|seg7:inst7|lpm_mux:Mux2|mux_joc:auto_generated|_~19                ; |Q|seg7:inst7|lpm_mux:Mux2|mux_joc:auto_generated|_~19                ; out0             ;
; |Q|seg7:inst7|lpm_mux:Mux2|mux_joc:auto_generated|_~20                ; |Q|seg7:inst7|lpm_mux:Mux2|mux_joc:auto_generated|_~20                ; out0             ;
; |Q|seg7:inst7|lpm_mux:Mux2|mux_joc:auto_generated|_~21                ; |Q|seg7:inst7|lpm_mux:Mux2|mux_joc:auto_generated|_~21                ; out0             ;
; |Q|seg7:inst7|lpm_mux:Mux2|mux_joc:auto_generated|_~22                ; |Q|seg7:inst7|lpm_mux:Mux2|mux_joc:auto_generated|_~22                ; out0             ;
; |Q|seg7:inst7|lpm_mux:Mux2|mux_joc:auto_generated|_~24                ; |Q|seg7:inst7|lpm_mux:Mux2|mux_joc:auto_generated|_~24                ; out0             ;
; |Q|seg7:inst7|lpm_mux:Mux2|mux_joc:auto_generated|_~26                ; |Q|seg7:inst7|lpm_mux:Mux2|mux_joc:auto_generated|_~26                ; out0             ;
; |Q|seg7:inst7|lpm_mux:Mux2|mux_joc:auto_generated|_~27                ; |Q|seg7:inst7|lpm_mux:Mux2|mux_joc:auto_generated|_~27                ; out0             ;
; |Q|seg7:inst7|lpm_mux:Mux2|mux_joc:auto_generated|_~31                ; |Q|seg7:inst7|lpm_mux:Mux2|mux_joc:auto_generated|_~31                ; out0             ;
; |Q|seg7:inst7|lpm_mux:Mux2|mux_joc:auto_generated|_~33                ; |Q|seg7:inst7|lpm_mux:Mux2|mux_joc:auto_generated|_~33                ; out0             ;
; |Q|seg7:inst7|lpm_mux:Mux2|mux_joc:auto_generated|_~35                ; |Q|seg7:inst7|lpm_mux:Mux2|mux_joc:auto_generated|_~35                ; out0             ;
; |Q|seg7:inst7|lpm_mux:Mux2|mux_joc:auto_generated|_~36                ; |Q|seg7:inst7|lpm_mux:Mux2|mux_joc:auto_generated|_~36                ; out0             ;
; |Q|seg7:inst7|lpm_mux:Mux2|mux_joc:auto_generated|_~47                ; |Q|seg7:inst7|lpm_mux:Mux2|mux_joc:auto_generated|_~47                ; out0             ;
; |Q|seg7:inst7|lpm_mux:Mux2|mux_joc:auto_generated|_~49                ; |Q|seg7:inst7|lpm_mux:Mux2|mux_joc:auto_generated|_~49                ; out0             ;
; |Q|seg7:inst7|lpm_mux:Mux2|mux_joc:auto_generated|_~51                ; |Q|seg7:inst7|lpm_mux:Mux2|mux_joc:auto_generated|_~51                ; out0             ;
; |Q|seg7:inst7|lpm_mux:Mux2|mux_joc:auto_generated|_~56                ; |Q|seg7:inst7|lpm_mux:Mux2|mux_joc:auto_generated|_~56                ; out0             ;
; |Q|seg7:inst7|lpm_mux:Mux2|mux_joc:auto_generated|_~58                ; |Q|seg7:inst7|lpm_mux:Mux2|mux_joc:auto_generated|_~58                ; out0             ;
; |Q|seg7:inst7|lpm_mux:Mux2|mux_joc:auto_generated|_~60                ; |Q|seg7:inst7|lpm_mux:Mux2|mux_joc:auto_generated|_~60                ; out0             ;
; |Q|seg7:inst7|lpm_mux:Mux2|mux_joc:auto_generated|_~66                ; |Q|seg7:inst7|lpm_mux:Mux2|mux_joc:auto_generated|_~66                ; out0             ;
; |Q|seg7:inst7|lpm_mux:Mux2|mux_joc:auto_generated|_~67                ; |Q|seg7:inst7|lpm_mux:Mux2|mux_joc:auto_generated|_~67                ; out0             ;
; |Q|seg7:inst7|lpm_mux:Mux2|mux_joc:auto_generated|_~69                ; |Q|seg7:inst7|lpm_mux:Mux2|mux_joc:auto_generated|_~69                ; out0             ;
; |Q|seg7:inst7|lpm_mux:Mux2|mux_joc:auto_generated|result_node[0]~0    ; |Q|seg7:inst7|lpm_mux:Mux2|mux_joc:auto_generated|result_node[0]~0    ; out0             ;
; |Q|seg7:inst7|lpm_mux:Mux2|mux_joc:auto_generated|_~72                ; |Q|seg7:inst7|lpm_mux:Mux2|mux_joc:auto_generated|_~72                ; out0             ;
; |Q|seg7:inst7|lpm_mux:Mux2|mux_joc:auto_generated|_~74                ; |Q|seg7:inst7|lpm_mux:Mux2|mux_joc:auto_generated|_~74                ; out0             ;
; |Q|seg7:inst7|lpm_mux:Mux2|mux_joc:auto_generated|_~76                ; |Q|seg7:inst7|lpm_mux:Mux2|mux_joc:auto_generated|_~76                ; out0             ;
; |Q|seg7:inst7|lpm_mux:Mux2|mux_joc:auto_generated|_~77                ; |Q|seg7:inst7|lpm_mux:Mux2|mux_joc:auto_generated|_~77                ; out0             ;
; |Q|seg7:inst7|lpm_mux:Mux2|mux_joc:auto_generated|_~81                ; |Q|seg7:inst7|lpm_mux:Mux2|mux_joc:auto_generated|_~81                ; out0             ;
; |Q|seg7:inst7|lpm_mux:Mux2|mux_joc:auto_generated|_~83                ; |Q|seg7:inst7|lpm_mux:Mux2|mux_joc:auto_generated|_~83                ; out0             ;
; |Q|seg7:inst7|lpm_mux:Mux2|mux_joc:auto_generated|_~85                ; |Q|seg7:inst7|lpm_mux:Mux2|mux_joc:auto_generated|_~85                ; out0             ;
; |Q|seg7:inst7|lpm_mux:Mux2|mux_joc:auto_generated|_~86                ; |Q|seg7:inst7|lpm_mux:Mux2|mux_joc:auto_generated|_~86                ; out0             ;
; |Q|seg7:inst7|lpm_mux:Mux2|mux_joc:auto_generated|_~97                ; |Q|seg7:inst7|lpm_mux:Mux2|mux_joc:auto_generated|_~97                ; out0             ;
; |Q|seg7:inst7|lpm_mux:Mux2|mux_joc:auto_generated|_~99                ; |Q|seg7:inst7|lpm_mux:Mux2|mux_joc:auto_generated|_~99                ; out0             ;
; |Q|seg7:inst7|lpm_mux:Mux2|mux_joc:auto_generated|_~101               ; |Q|seg7:inst7|lpm_mux:Mux2|mux_joc:auto_generated|_~101               ; out0             ;
; |Q|seg7:inst7|lpm_mux:Mux2|mux_joc:auto_generated|_~106               ; |Q|seg7:inst7|lpm_mux:Mux2|mux_joc:auto_generated|_~106               ; out0             ;
; |Q|seg7:inst7|lpm_mux:Mux2|mux_joc:auto_generated|_~108               ; |Q|seg7:inst7|lpm_mux:Mux2|mux_joc:auto_generated|_~108               ; out0             ;
; |Q|seg7:inst7|lpm_mux:Mux2|mux_joc:auto_generated|_~110               ; |Q|seg7:inst7|lpm_mux:Mux2|mux_joc:auto_generated|_~110               ; out0             ;
; |Q|seg7:inst7|lpm_mux:Mux2|mux_joc:auto_generated|_~116               ; |Q|seg7:inst7|lpm_mux:Mux2|mux_joc:auto_generated|_~116               ; out0             ;
; |Q|seg7:inst7|lpm_mux:Mux2|mux_joc:auto_generated|_~117               ; |Q|seg7:inst7|lpm_mux:Mux2|mux_joc:auto_generated|_~117               ; out0             ;
; |Q|seg7:inst7|lpm_mux:Mux2|mux_joc:auto_generated|_~119               ; |Q|seg7:inst7|lpm_mux:Mux2|mux_joc:auto_generated|_~119               ; out0             ;
; |Q|seg7:inst7|lpm_mux:Mux2|mux_joc:auto_generated|_~121               ; |Q|seg7:inst7|lpm_mux:Mux2|mux_joc:auto_generated|_~121               ; out0             ;
; |Q|seg7:inst7|lpm_mux:Mux2|mux_joc:auto_generated|_~126               ; |Q|seg7:inst7|lpm_mux:Mux2|mux_joc:auto_generated|_~126               ; out0             ;
; |Q|seg7:inst7|lpm_mux:Mux2|mux_joc:auto_generated|_~130               ; |Q|seg7:inst7|lpm_mux:Mux2|mux_joc:auto_generated|_~130               ; out0             ;
; |Q|seg7:inst7|lpm_mux:Mux2|mux_joc:auto_generated|_~135               ; |Q|seg7:inst7|lpm_mux:Mux2|mux_joc:auto_generated|_~135               ; out0             ;
; |Q|seg7:inst7|lpm_mux:Mux2|mux_joc:auto_generated|_~139               ; |Q|seg7:inst7|lpm_mux:Mux2|mux_joc:auto_generated|_~139               ; out0             ;
; |Q|seg7:inst7|lpm_mux:Mux1|mux_joc:auto_generated|_~2                 ; |Q|seg7:inst7|lpm_mux:Mux1|mux_joc:auto_generated|_~2                 ; out0             ;
; |Q|seg7:inst7|lpm_mux:Mux1|mux_joc:auto_generated|_~4                 ; |Q|seg7:inst7|lpm_mux:Mux1|mux_joc:auto_generated|_~4                 ; out0             ;
; |Q|seg7:inst7|lpm_mux:Mux1|mux_joc:auto_generated|_~5                 ; |Q|seg7:inst7|lpm_mux:Mux1|mux_joc:auto_generated|_~5                 ; out0             ;
; |Q|seg7:inst7|lpm_mux:Mux1|mux_joc:auto_generated|_~11                ; |Q|seg7:inst7|lpm_mux:Mux1|mux_joc:auto_generated|_~11                ; out0             ;
; |Q|seg7:inst7|lpm_mux:Mux1|mux_joc:auto_generated|_~13                ; |Q|seg7:inst7|lpm_mux:Mux1|mux_joc:auto_generated|_~13                ; out0             ;
; |Q|seg7:inst7|lpm_mux:Mux1|mux_joc:auto_generated|_~14                ; |Q|seg7:inst7|lpm_mux:Mux1|mux_joc:auto_generated|_~14                ; out0             ;
; |Q|seg7:inst7|lpm_mux:Mux1|mux_joc:auto_generated|_~22                ; |Q|seg7:inst7|lpm_mux:Mux1|mux_joc:auto_generated|_~22                ; out0             ;
; |Q|seg7:inst7|lpm_mux:Mux1|mux_joc:auto_generated|_~24                ; |Q|seg7:inst7|lpm_mux:Mux1|mux_joc:auto_generated|_~24                ; out0             ;
; |Q|seg7:inst7|lpm_mux:Mux1|mux_joc:auto_generated|_~26                ; |Q|seg7:inst7|lpm_mux:Mux1|mux_joc:auto_generated|_~26                ; out0             ;
; |Q|seg7:inst7|lpm_mux:Mux1|mux_joc:auto_generated|_~31                ; |Q|seg7:inst7|lpm_mux:Mux1|mux_joc:auto_generated|_~31                ; out0             ;
; |Q|seg7:inst7|lpm_mux:Mux1|mux_joc:auto_generated|_~33                ; |Q|seg7:inst7|lpm_mux:Mux1|mux_joc:auto_generated|_~33                ; out0             ;
; |Q|seg7:inst7|lpm_mux:Mux1|mux_joc:auto_generated|_~35                ; |Q|seg7:inst7|lpm_mux:Mux1|mux_joc:auto_generated|_~35                ; out0             ;
; |Q|seg7:inst7|lpm_mux:Mux1|mux_joc:auto_generated|_~41                ; |Q|seg7:inst7|lpm_mux:Mux1|mux_joc:auto_generated|_~41                ; out0             ;
; |Q|seg7:inst7|lpm_mux:Mux1|mux_joc:auto_generated|_~42                ; |Q|seg7:inst7|lpm_mux:Mux1|mux_joc:auto_generated|_~42                ; out0             ;
; |Q|seg7:inst7|lpm_mux:Mux1|mux_joc:auto_generated|_~44                ; |Q|seg7:inst7|lpm_mux:Mux1|mux_joc:auto_generated|_~44                ; out0             ;
; |Q|seg7:inst7|lpm_mux:Mux1|mux_joc:auto_generated|_~46                ; |Q|seg7:inst7|lpm_mux:Mux1|mux_joc:auto_generated|_~46                ; out0             ;
; |Q|seg7:inst7|lpm_mux:Mux1|mux_joc:auto_generated|_~47                ; |Q|seg7:inst7|lpm_mux:Mux1|mux_joc:auto_generated|_~47                ; out0             ;
; |Q|seg7:inst7|lpm_mux:Mux1|mux_joc:auto_generated|_~49                ; |Q|seg7:inst7|lpm_mux:Mux1|mux_joc:auto_generated|_~49                ; out0             ;
; |Q|seg7:inst7|lpm_mux:Mux1|mux_joc:auto_generated|_~51                ; |Q|seg7:inst7|lpm_mux:Mux1|mux_joc:auto_generated|_~51                ; out0             ;
; |Q|seg7:inst7|lpm_mux:Mux1|mux_joc:auto_generated|_~56                ; |Q|seg7:inst7|lpm_mux:Mux1|mux_joc:auto_generated|_~56                ; out0             ;
; |Q|seg7:inst7|lpm_mux:Mux1|mux_joc:auto_generated|_~58                ; |Q|seg7:inst7|lpm_mux:Mux1|mux_joc:auto_generated|_~58                ; out0             ;
; |Q|seg7:inst7|lpm_mux:Mux1|mux_joc:auto_generated|_~60                ; |Q|seg7:inst7|lpm_mux:Mux1|mux_joc:auto_generated|_~60                ; out0             ;
; |Q|seg7:inst7|lpm_mux:Mux1|mux_joc:auto_generated|_~65                ; |Q|seg7:inst7|lpm_mux:Mux1|mux_joc:auto_generated|_~65                ; out0             ;
; |Q|seg7:inst7|lpm_mux:Mux1|mux_joc:auto_generated|_~69                ; |Q|seg7:inst7|lpm_mux:Mux1|mux_joc:auto_generated|_~69                ; out0             ;
; |Q|seg7:inst7|lpm_mux:Mux1|mux_joc:auto_generated|_~70                ; |Q|seg7:inst7|lpm_mux:Mux1|mux_joc:auto_generated|_~70                ; out0             ;
; |Q|seg7:inst7|lpm_mux:Mux1|mux_joc:auto_generated|_~71                ; |Q|seg7:inst7|lpm_mux:Mux1|mux_joc:auto_generated|_~71                ; out0             ;
; |Q|seg7:inst7|lpm_mux:Mux1|mux_joc:auto_generated|_~72                ; |Q|seg7:inst7|lpm_mux:Mux1|mux_joc:auto_generated|_~72                ; out0             ;
; |Q|seg7:inst7|lpm_mux:Mux1|mux_joc:auto_generated|_~74                ; |Q|seg7:inst7|lpm_mux:Mux1|mux_joc:auto_generated|_~74                ; out0             ;
; |Q|seg7:inst7|lpm_mux:Mux1|mux_joc:auto_generated|_~76                ; |Q|seg7:inst7|lpm_mux:Mux1|mux_joc:auto_generated|_~76                ; out0             ;
; |Q|seg7:inst7|lpm_mux:Mux1|mux_joc:auto_generated|_~81                ; |Q|seg7:inst7|lpm_mux:Mux1|mux_joc:auto_generated|_~81                ; out0             ;
; |Q|seg7:inst7|lpm_mux:Mux1|mux_joc:auto_generated|_~83                ; |Q|seg7:inst7|lpm_mux:Mux1|mux_joc:auto_generated|_~83                ; out0             ;
; |Q|seg7:inst7|lpm_mux:Mux1|mux_joc:auto_generated|_~85                ; |Q|seg7:inst7|lpm_mux:Mux1|mux_joc:auto_generated|_~85                ; out0             ;
; |Q|seg7:inst7|lpm_mux:Mux1|mux_joc:auto_generated|_~91                ; |Q|seg7:inst7|lpm_mux:Mux1|mux_joc:auto_generated|_~91                ; out0             ;
; |Q|seg7:inst7|lpm_mux:Mux1|mux_joc:auto_generated|_~92                ; |Q|seg7:inst7|lpm_mux:Mux1|mux_joc:auto_generated|_~92                ; out0             ;
; |Q|seg7:inst7|lpm_mux:Mux1|mux_joc:auto_generated|_~94                ; |Q|seg7:inst7|lpm_mux:Mux1|mux_joc:auto_generated|_~94                ; out0             ;
; |Q|seg7:inst7|lpm_mux:Mux1|mux_joc:auto_generated|_~96                ; |Q|seg7:inst7|lpm_mux:Mux1|mux_joc:auto_generated|_~96                ; out0             ;
; |Q|seg7:inst7|lpm_mux:Mux1|mux_joc:auto_generated|_~97                ; |Q|seg7:inst7|lpm_mux:Mux1|mux_joc:auto_generated|_~97                ; out0             ;
; |Q|seg7:inst7|lpm_mux:Mux1|mux_joc:auto_generated|_~99                ; |Q|seg7:inst7|lpm_mux:Mux1|mux_joc:auto_generated|_~99                ; out0             ;
; |Q|seg7:inst7|lpm_mux:Mux1|mux_joc:auto_generated|_~101               ; |Q|seg7:inst7|lpm_mux:Mux1|mux_joc:auto_generated|_~101               ; out0             ;
; |Q|seg7:inst7|lpm_mux:Mux1|mux_joc:auto_generated|_~106               ; |Q|seg7:inst7|lpm_mux:Mux1|mux_joc:auto_generated|_~106               ; out0             ;
; |Q|seg7:inst7|lpm_mux:Mux1|mux_joc:auto_generated|_~108               ; |Q|seg7:inst7|lpm_mux:Mux1|mux_joc:auto_generated|_~108               ; out0             ;
; |Q|seg7:inst7|lpm_mux:Mux1|mux_joc:auto_generated|_~110               ; |Q|seg7:inst7|lpm_mux:Mux1|mux_joc:auto_generated|_~110               ; out0             ;
; |Q|seg7:inst7|lpm_mux:Mux1|mux_joc:auto_generated|_~115               ; |Q|seg7:inst7|lpm_mux:Mux1|mux_joc:auto_generated|_~115               ; out0             ;
; |Q|seg7:inst7|lpm_mux:Mux1|mux_joc:auto_generated|_~119               ; |Q|seg7:inst7|lpm_mux:Mux1|mux_joc:auto_generated|_~119               ; out0             ;
; |Q|seg7:inst7|lpm_mux:Mux1|mux_joc:auto_generated|_~120               ; |Q|seg7:inst7|lpm_mux:Mux1|mux_joc:auto_generated|_~120               ; out0             ;
; |Q|seg7:inst7|lpm_mux:Mux1|mux_joc:auto_generated|_~121               ; |Q|seg7:inst7|lpm_mux:Mux1|mux_joc:auto_generated|_~121               ; out0             ;
; |Q|seg7:inst7|lpm_mux:Mux1|mux_joc:auto_generated|_~126               ; |Q|seg7:inst7|lpm_mux:Mux1|mux_joc:auto_generated|_~126               ; out0             ;
; |Q|seg7:inst7|lpm_mux:Mux1|mux_joc:auto_generated|_~130               ; |Q|seg7:inst7|lpm_mux:Mux1|mux_joc:auto_generated|_~130               ; out0             ;
; |Q|seg7:inst7|lpm_mux:Mux1|mux_joc:auto_generated|_~135               ; |Q|seg7:inst7|lpm_mux:Mux1|mux_joc:auto_generated|_~135               ; out0             ;
; |Q|seg7:inst7|lpm_mux:Mux1|mux_joc:auto_generated|_~139               ; |Q|seg7:inst7|lpm_mux:Mux1|mux_joc:auto_generated|_~139               ; out0             ;
; |Q|seg7:inst7|lpm_mux:Mux1|mux_joc:auto_generated|result_node[0]~1    ; |Q|seg7:inst7|lpm_mux:Mux1|mux_joc:auto_generated|result_node[0]~1    ; out0             ;
; |Q|seg7:inst7|lpm_mux:Mux0|mux_joc:auto_generated|_~0                 ; |Q|seg7:inst7|lpm_mux:Mux0|mux_joc:auto_generated|_~0                 ; out0             ;
; |Q|seg7:inst7|lpm_mux:Mux0|mux_joc:auto_generated|_~9                 ; |Q|seg7:inst7|lpm_mux:Mux0|mux_joc:auto_generated|_~9                 ; out0             ;
; |Q|seg7:inst7|lpm_mux:Mux0|mux_joc:auto_generated|_~24                ; |Q|seg7:inst7|lpm_mux:Mux0|mux_joc:auto_generated|_~24                ; out0             ;
; |Q|seg7:inst7|lpm_mux:Mux0|mux_joc:auto_generated|_~26                ; |Q|seg7:inst7|lpm_mux:Mux0|mux_joc:auto_generated|_~26                ; out0             ;
; |Q|seg7:inst7|lpm_mux:Mux0|mux_joc:auto_generated|_~33                ; |Q|seg7:inst7|lpm_mux:Mux0|mux_joc:auto_generated|_~33                ; out0             ;
; |Q|seg7:inst7|lpm_mux:Mux0|mux_joc:auto_generated|_~35                ; |Q|seg7:inst7|lpm_mux:Mux0|mux_joc:auto_generated|_~35                ; out0             ;
; |Q|seg7:inst7|lpm_mux:Mux0|mux_joc:auto_generated|_~41                ; |Q|seg7:inst7|lpm_mux:Mux0|mux_joc:auto_generated|_~41                ; out0             ;
; |Q|seg7:inst7|lpm_mux:Mux0|mux_joc:auto_generated|_~47                ; |Q|seg7:inst7|lpm_mux:Mux0|mux_joc:auto_generated|_~47                ; out0             ;
; |Q|seg7:inst7|lpm_mux:Mux0|mux_joc:auto_generated|_~49                ; |Q|seg7:inst7|lpm_mux:Mux0|mux_joc:auto_generated|_~49                ; out0             ;
; |Q|seg7:inst7|lpm_mux:Mux0|mux_joc:auto_generated|_~51                ; |Q|seg7:inst7|lpm_mux:Mux0|mux_joc:auto_generated|_~51                ; out0             ;
; |Q|seg7:inst7|lpm_mux:Mux0|mux_joc:auto_generated|_~56                ; |Q|seg7:inst7|lpm_mux:Mux0|mux_joc:auto_generated|_~56                ; out0             ;
; |Q|seg7:inst7|lpm_mux:Mux0|mux_joc:auto_generated|_~58                ; |Q|seg7:inst7|lpm_mux:Mux0|mux_joc:auto_generated|_~58                ; out0             ;
; |Q|seg7:inst7|lpm_mux:Mux0|mux_joc:auto_generated|_~60                ; |Q|seg7:inst7|lpm_mux:Mux0|mux_joc:auto_generated|_~60                ; out0             ;
; |Q|seg7:inst7|lpm_mux:Mux0|mux_joc:auto_generated|_~65                ; |Q|seg7:inst7|lpm_mux:Mux0|mux_joc:auto_generated|_~65                ; out0             ;
; |Q|seg7:inst7|lpm_mux:Mux0|mux_joc:auto_generated|_~69                ; |Q|seg7:inst7|lpm_mux:Mux0|mux_joc:auto_generated|_~69                ; out0             ;
; |Q|seg7:inst7|lpm_mux:Mux0|mux_joc:auto_generated|_~74                ; |Q|seg7:inst7|lpm_mux:Mux0|mux_joc:auto_generated|_~74                ; out0             ;
; |Q|seg7:inst7|lpm_mux:Mux0|mux_joc:auto_generated|_~76                ; |Q|seg7:inst7|lpm_mux:Mux0|mux_joc:auto_generated|_~76                ; out0             ;
; |Q|seg7:inst7|lpm_mux:Mux0|mux_joc:auto_generated|_~83                ; |Q|seg7:inst7|lpm_mux:Mux0|mux_joc:auto_generated|_~83                ; out0             ;
; |Q|seg7:inst7|lpm_mux:Mux0|mux_joc:auto_generated|_~85                ; |Q|seg7:inst7|lpm_mux:Mux0|mux_joc:auto_generated|_~85                ; out0             ;
; |Q|seg7:inst7|lpm_mux:Mux0|mux_joc:auto_generated|_~91                ; |Q|seg7:inst7|lpm_mux:Mux0|mux_joc:auto_generated|_~91                ; out0             ;
; |Q|seg7:inst7|lpm_mux:Mux0|mux_joc:auto_generated|_~97                ; |Q|seg7:inst7|lpm_mux:Mux0|mux_joc:auto_generated|_~97                ; out0             ;
; |Q|seg7:inst7|lpm_mux:Mux0|mux_joc:auto_generated|_~99                ; |Q|seg7:inst7|lpm_mux:Mux0|mux_joc:auto_generated|_~99                ; out0             ;
; |Q|seg7:inst7|lpm_mux:Mux0|mux_joc:auto_generated|_~101               ; |Q|seg7:inst7|lpm_mux:Mux0|mux_joc:auto_generated|_~101               ; out0             ;
; |Q|seg7:inst7|lpm_mux:Mux0|mux_joc:auto_generated|_~106               ; |Q|seg7:inst7|lpm_mux:Mux0|mux_joc:auto_generated|_~106               ; out0             ;
; |Q|seg7:inst7|lpm_mux:Mux0|mux_joc:auto_generated|_~108               ; |Q|seg7:inst7|lpm_mux:Mux0|mux_joc:auto_generated|_~108               ; out0             ;
; |Q|seg7:inst7|lpm_mux:Mux0|mux_joc:auto_generated|_~110               ; |Q|seg7:inst7|lpm_mux:Mux0|mux_joc:auto_generated|_~110               ; out0             ;
; |Q|seg7:inst7|lpm_mux:Mux0|mux_joc:auto_generated|_~115               ; |Q|seg7:inst7|lpm_mux:Mux0|mux_joc:auto_generated|_~115               ; out0             ;
; |Q|seg7:inst7|lpm_mux:Mux0|mux_joc:auto_generated|_~119               ; |Q|seg7:inst7|lpm_mux:Mux0|mux_joc:auto_generated|_~119               ; out0             ;
; |Q|seg7:inst7|lpm_mux:Mux0|mux_joc:auto_generated|_~123               ; |Q|seg7:inst7|lpm_mux:Mux0|mux_joc:auto_generated|_~123               ; out0             ;
; |Q|seg7:inst7|lpm_mux:Mux0|mux_joc:auto_generated|_~125               ; |Q|seg7:inst7|lpm_mux:Mux0|mux_joc:auto_generated|_~125               ; out0             ;
; |Q|seg7:inst7|lpm_mux:Mux0|mux_joc:auto_generated|_~132               ; |Q|seg7:inst7|lpm_mux:Mux0|mux_joc:auto_generated|_~132               ; out0             ;
; |Q|seg7:inst7|lpm_mux:Mux0|mux_joc:auto_generated|_~134               ; |Q|seg7:inst7|lpm_mux:Mux0|mux_joc:auto_generated|_~134               ; out0             ;
; |Q|seg7:inst7|lpm_mux:Mux0|mux_joc:auto_generated|_~140               ; |Q|seg7:inst7|lpm_mux:Mux0|mux_joc:auto_generated|_~140               ; out0             ;
+-----------------------------------------------------------------------+-----------------------------------------------------------------------+------------------+


+---------------------+
; Simulator INI Usage ;
+--------+------------+
; Option ; Usage      ;
+--------+------------+


+--------------------+
; Simulator Messages ;
+--------------------+
Info: *******************************************************************
Info: Running Quartus II 64-Bit Simulator
    Info: Version 13.0.1 Build 232 06/12/2013 Service Pack 1 SJ Web Edition
    Info: Processing started: Thu Dec 12 20:17:45 2024
Info: Command: quartus_sim --simulation_results_format=VWF lab6 -c lab6
Info (324025): Using vector source file "C:/altera/13.0sp1/coe328/lab6/ALU3.vwf"
Warning (328012): Can't find signal in vector source file for input pin "|Q|B[7]"
Warning (328012): Can't find signal in vector source file for input pin "|Q|B[6]"
Warning (328012): Can't find signal in vector source file for input pin "|Q|B[5]"
Warning (328012): Can't find signal in vector source file for input pin "|Q|B[4]"
Warning (328012): Can't find signal in vector source file for input pin "|Q|B[3]"
Warning (328012): Can't find signal in vector source file for input pin "|Q|B[2]"
Warning (328012): Can't find signal in vector source file for input pin "|Q|B[1]"
Warning (328012): Can't find signal in vector source file for input pin "|Q|B[0]"
Info (310003): Option to preserve fewer signal transitions to reduce memory requirements is enabled
    Info (310004): Simulation has been partitioned into sub-simulations according to the maximum transition count determined by the engine. Transitions from memory will be flushed out to disk at the end of each sub-simulation to reduce memory requirements.
Info (310002): Simulation partitioned into 1 sub-simulations
Info (328053): Simulation coverage is      62.42 %
Info (328052): Number of transitions in simulation is 11185
Info (324045): Vector file lab6.sim.vwf is saved in VWF text format. You can compress it into CVWF format in order to reduce file size. For more details please refer to the Quartus II Help.
Info: Quartus II 64-Bit Simulator was successful. 0 errors, 8 warnings
    Info: Peak virtual memory: 4456 megabytes
    Info: Processing ended: Thu Dec 12 20:17:45 2024
    Info: Elapsed time: 00:00:00
    Info: Total CPU time (on all processors): 00:00:01


